time,cell_id,bottom_x,bottom_y,top_x,top_y
1,1,635.4286270871864,897.5063350330357,635.4399899308536,907.5021984073029
2,1,635.4293429431787,897.5002631557018,635.456755548412,907.4944013433794
3,1,635.4329071246482,897.4956883768019,635.4709272767001,907.4866826849142
4,1,635.4350856554455,897.487707860814,635.4818814732332,907.4800431811916
5,1,635.4303760389573,897.4885640344049,635.4925232159246,907.4795230338589
6,1,635.4220654285965,897.491799089482,635.4965219653545,907.4818298545702
7,1,635.4047339494633,897.4969443079323,635.5018072155036,907.4832255423152
8,1,635.3834414560766,897.4954284213261,635.5160047022275,907.4871683646179
9,1,635.3659166904489,897.499628646985,635.5235687140133,907.4851564888603
10,1,635.3430149369249,897.4930116961707,635.5261604146388,907.4821711871957
11,1,635.3194697378159,897.4906963519969,635.5334258881093,907.4732292768983
12,1,635.2898680484681,897.4948127025266,635.5364432665278,907.470080664259
13,1,635.2571595121541,897.490173537353,635.5353924714146,907.4666039125734
14,1,635.224654598726,897.4852943738458,635.5332279409785,907.4622692229333
15,1,635.1910484133152,897.4764263344165,635.536631411934,907.4557673488334
16,1,635.1553290854266,897.4706353888686,635.5444420046884,907.4469750997262
17,1,635.1227098282285,897.4620048391093,635.5576311712255,907.4373355619786
18,1,635.0893132951672,897.4494974242684,635.5754397137501,907.4248827022122
19,1,635.0572222033339,897.4379611397445,635.5953098863303,907.4070845975983
20,1,635.0275155254327,897.4200123551316,635.6185161706691,907.3911061885831
21,1,634.9947730225811,897.407435888479,635.6401509625854,907.3720244364504
22,1,634.9642977429863,897.3929118160966,635.661955402907,907.3578880155737
23,1,634.9340762673081,897.3802824466422,635.678077183789,907.3470155869064
24,1,634.9039311486154,897.370009197022,635.6924126002059,907.3378162622859
25,1,634.8765644086426,897.3586529517039,635.7088590291191,907.3218821849997
26,1,634.8413532539575,897.3413919005935,635.731877529631,907.3032621816769
27,1,634.8056507158329,897.324761258993,635.7495143451687,907.2776599114507
28,1,634.7715223070187,897.3107872490276,635.7695416340044,907.2516656534982
29,1,634.7373707269693,897.2907014043712,635.7927906419839,907.238939341211
30,1,634.7086006669412,897.2759920092542,635.8094971171157,907.2183424428788
31,1,634.6824486132006,897.258527532328,635.8319747401687,907.196388967048
32,1,634.6503948512692,897.2338793294754,635.8568109686582,907.1724070959356
33,1,634.6146919869221,897.2171054331536,635.8901240274894,907.1509639211049
34,1,634.5864810767159,897.2012202068979,635.9199579176114,907.130342924156
35,1,634.5557531858842,897.1862486744058,635.9513603353156,907.1083563802736
36,1,634.5370425246091,897.1740427469643,635.9927488601625,907.0850456403848
37,1,634.5175852300898,897.1567877795542,636.0239149545608,907.0565566969494
38,1,634.5094722043171,897.1451374942701,636.059685903817,907.0245543655399
39,1,634.4954743498529,897.1381319549547,636.0965315859112,906.997714595321
40,1,634.4767865179641,897.1279437087395,636.1396612880128,906.9730222319392
41,1,634.4540377545189,897.1239456956545,636.1837198304594,906.9478384262354
42,1,634.4271831495956,897.1106483600706,636.2321152025943,906.9266076105022
43,1,634.4054861326828,897.1069101855833,636.2746166951215,906.9005451500151
44,1,634.3842655075987,897.1001435448179,636.3170845705143,906.8810078782028
45,1,634.3627023317866,897.0993929976214,636.3611995713255,906.8517149677662
46,1,634.3373557587598,897.0868920411372,636.4046355709878,906.8235420187502
47,1,634.3119716586374,897.0821449744742,636.453170121019,906.7964872674587
48,1,634.293228698512,897.083647067411,636.4970139169684,906.7745908430999
49,1,634.273609115312,897.0856930385528,636.5391007963923,906.7477910129281
50,1,634.2546288198828,897.0840592936456,636.581578479354,906.7281954403717
51,1,634.2337036480922,897.0811822462766,636.6200095736016,906.7105585600215
52,1,634.20561390448,897.0762149925522,636.6527024861273,906.695225863761
53,1,634.1768283237233,897.0728966907561,636.6882024338915,906.6812195357553
54,1,634.1442597988402,897.06453347719,636.7271017043768,906.6736965656827
55,1,634.1146100449989,897.068363645852,636.7674877955744,906.6558995889367
56,1,634.0878390829865,897.0727818915976,636.8096097421309,906.638564301172
57,1,634.0636099028591,897.0737235197126,636.8553478103925,906.6232004837468
58,1,634.0361952535337,897.071934073657,636.9008467473484,906.6084678437328
59,1,634.0021065431494,897.0678664436068,636.935742984924,906.5967098288904
60,1,633.9688080016685,897.0684387998227,636.9703484452942,906.570599712345
61,1,633.9402476232425,897.0674796910953,637.0102697065962,906.5442380021204
62,1,633.912347380531,897.0638668121595,637.0508454531998,906.5169972980669
63,1,633.8754967782804,897.053932941947,637.0826150560566,906.4862507533124
64,1,633.8351472631996,897.0461590682921,637.1092468960801,906.452677136326
65,1,633.7962184352355,897.0449689054399,637.141653049835,906.4264419332247
66,1,633.7651042832131,897.0449595926729,637.175320521775,906.4021750459682
67,1,633.7409747509541,897.0526991577973,637.2013964907363,906.3680690720167
68,1,633.7161772127201,897.051221122571,637.2250300893875,906.3431941721241
69,1,633.6942855452555,897.0453675834813,637.2578969923791,906.3204605335336
70,1,633.6677796639905,897.0351039299951,637.2787275565104,906.2971717711563
71,1,633.6435699358192,897.0232641972779,637.2946526730693,906.2794897310052
72,1,633.6205035131844,897.0186372938323,637.3090373959607,906.2541064708402
73,1,633.5918389666562,897.0155711309517,637.3213042118036,906.2318849872822
74,1,633.5672359472538,897.0147560601894,637.3319180515642,906.2098459281102
75,1,633.5456244604434,897.0070511518243,637.3510619230532,906.1951619172711
76,1,633.5243168096528,896.9970115245211,637.3594703752714,906.1736931829505
77,1,633.5053182072082,896.9904051081446,637.3625262732912,906.1487281137372
78,1,633.483257544785,896.9777174138395,637.3666583029465,906.127883296052
79,1,633.4540517321774,896.9611679023587,637.3823694760113,906.1087160844594
80,1,633.4228426901793,896.9545895371241,637.3906577990252,906.0854194699841
81,1,633.3914974746293,896.948810948767,637.411691525476,906.0633518132012
82,1,633.3624426134843,896.9423439314772,637.4290920906992,906.0348974601729
83,1,633.3299772814264,896.9407304788505,637.4470231175326,906.0076547368527
84,1,633.2937072400655,896.9392590451617,637.4762900948285,905.9710880315241
85,1,633.252180551552,896.9345440286024,637.5054193586293,905.9398430939441
86,1,633.2099440938847,896.9204982570715,637.5322416094583,905.9032400166395
87,1,633.1698796433532,896.9145562433611,637.5603327396198,905.8627219360893
88,1,633.1317250698813,896.9145020469098,637.5914048355033,905.8187721155115
89,1,633.0938803463009,896.9092298023636,637.6317360109083,905.7826829845627
90,1,633.0472878537288,896.908253571686,637.6775970297983,905.7440301781646
91,1,633.0014395458231,896.9176281755742,637.7116140341931,905.7014202417333
92,1,632.9554255173375,896.9125059050638,637.7403518550337,905.6636660017924
93,1,632.9175824828878,896.9165732929399,637.7734138144017,905.6156103750027
94,1,632.8743081967453,896.9162888507334,637.8055476451924,905.5740047954989
95,1,632.8246489436899,896.9155398358682,637.8401985191381,905.5320878477202
96,1,632.7768612441467,896.9139920319835,637.8699697707209,905.4821424067025
97,1,632.7387712161633,896.9126753393112,637.90342238486,905.431581405419
98,1,632.6984413855976,896.9063585291575,637.9407390540476,905.3792948841406
99,1,632.6508322079627,896.8943318337251,637.9725345520775,905.3278524328888
100,1,632.6043377819802,896.8892806252697,638.0030918551,905.2693529204626
101,1,632.5685168113052,896.8788070843062,638.0408516493947,905.2067678084663
102,1,632.5265093865672,896.8681358920361,638.0822983558303,905.1419807451907
103,1,632.4917817165508,896.8604455237243,638.1222977779718,905.0818459178622
104,1,632.4535917202779,896.8553094696746,638.170184764425,905.0260240688566
105,1,632.4136232644983,896.8526305059787,638.218378072225,904.9660527877986
106,1,632.3835633739449,896.8474578953496,638.2620370699386,904.9029207097186
107,1,632.3497424066289,896.8395752275393,638.3007085477861,904.8399412451439
108,1,632.3196422327779,896.8221150928299,638.3319408541394,904.7809581863468
109,1,632.2934872915084,896.8062635602788,638.3630642800443,904.7226226266844
110,1,632.2620720342449,896.7926184433196,638.3921041000721,904.6594523230501
111,1,632.2297085765415,896.7856002084392,638.4192263135363,904.6010423919514
112,1,632.191756657514,896.7789269794691,638.4411605956154,904.5435503920882
113,1,632.1452717348814,896.7710229036588,638.4590763259841,904.4891248751219
114,1,632.0967922963102,896.7593404903467,638.4797493119838,904.4307039917752
115,1,632.0503293282212,896.7516297861823,638.5007839126301,904.3598185048611
116,1,632.0008604415076,896.7465929714342,638.5280382691243,904.2930848073042
117,1,631.9499858705856,896.7416976451461,638.5570825948508,904.2256084339792
118,1,631.8932312513095,896.7357145659898,638.5874808472591,904.1537185908327
119,1,631.8432194817104,896.7353384331061,638.616357125461,904.0730229190623
120,1,631.7871144660755,896.734034919842,638.6418540320789,903.9894021796225
121,1,631.7239434320485,896.7362102926212,638.6645970427064,903.9151468943264
122,1,631.6606608263277,896.7438234557509,638.6841149103205,903.8319736823753
123,1,631.5834413714273,896.7484789246034,638.6993998085401,903.750787355296
124,1,631.5018848772506,896.7531384454976,638.7195083624543,903.6729391298703
125,1,631.429628400963,896.7642026790238,638.7345987099245,903.5919743555494
126,1,631.3609699716866,896.7711054373466,638.7509686652236,903.501416518159
127,1,631.2888717411349,896.7823850107097,638.7683634671705,903.4094442565071
128,1,631.2137114386329,896.7949762022708,638.7937041637086,903.3206953460543
129,1,631.1412825902088,896.8142768897256,638.8229650305695,903.2317272766433
130,1,631.0648172488928,896.834598805659,638.8474402467891,903.1465995263595
131,1,630.9830924067826,896.8621477124799,638.8667233206246,903.0638738476122
132,1,630.901978788335,896.8908208155248,638.8844164155829,902.9815670051213
133,1,630.8341148470342,896.9236797516785,638.8962315882283,902.8946069247921
134,1,630.7681830673778,896.9541669832316,638.9071164041229,902.8175440120438
135,1,630.7066767678847,896.9921054275029,638.9209739414347,902.7348802148132
136,1,630.6518251866848,897.0360015638508,638.9334741147761,902.6606093583362
137,1,630.5925432133187,897.0868170171512,638.9459914078677,902.5852688037295
138,1,630.5340917537219,897.1439548207323,638.9583746447621,902.5132046126139
139,1,630.4730807368684,897.1921981129136,638.982612528913,902.4369407044898
140,1,630.4170516933784,897.2386791393782,639.0043674803386,902.3568284199896
141,1,630.3661922093984,897.2964549138326,639.0258172522526,902.279748848689
142,1,630.3113273520115,897.345918973439,639.0515774207988,902.1957038974737
143,1,630.2549347420004,897.3947324819046,639.0746940551152,902.1162644020367
144,1,630.1981140305206,897.4443560387058,639.1027836139777,902.0372856442544
145,1,630.1501308123936,897.494353923405,639.1307217692861,901.9540280723246
146,1,630.1027295148094,897.5509811962994,639.1592168767166,901.8689910310438
147,1,630.058302742099,897.6076058014631,639.1859310161939,901.7773537600536
148,1,630.0116624546723,897.6655631120058,639.2092131477809,901.6905714587753
149,1,629.96692762706,897.7242464478089,639.2277536382502,901.6006983012994
150,1,629.9340955606708,897.7868188379783,639.2349094714801,901.5071459093439
151,1,629.8986618110958,897.8455922834714,639.2357254913715,901.4053960687796
152,1,629.8580997722245,897.8992795160029,639.2392177938132,901.3085613033529
153,1,629.8080903427809,897.9548864537445,639.258414606019,901.2176564058659
154,1,629.7663232913037,898.0143137735794,639.2682322006058,901.1247219824569
155,1,629.7220577562955,898.0780436855474,639.2757231324422,901.0320673773641
156,1,629.6788315060481,898.1398142715241,639.2804018334073,900.9317095074664
157,1,629.6359462260008,898.1928684262231,639.2870996084268,900.8316092565577
158,1,629.5825745369265,898.245238642541,639.2969754317384,900.7326152219758
159,1,629.5251974789547,898.3002442117695,639.3036851789487,900.6360528619764
160,1,629.4768451057349,898.362082305303,639.2984188196391,900.5363837159106
161,1,629.433440517905,898.4232610430219,639.2814839669816,900.4361693717148
162,1,629.3946349492566,898.4824094966532,639.2610575102174,900.3339321667556
163,1,629.3602452406537,898.5439341447888,639.2398552965167,900.2339560095083
164,1,629.3279202106902,898.599364039387,639.2112027238957,900.1250267848596
165,1,629.2996177342127,898.6554368845358,639.1742563437242,900.0141071388849
166,1,629.2599906650561,898.7093878002972,639.1531058005447,899.9022882181159
167,1,629.2156620292955,898.7572930439443,639.1380060679094,899.7962577600312
168,1,629.174463185161,898.8086798168408,639.1163201017409,899.6964438504504
169,1,629.1439740319789,898.8661464854122,639.0893725754605,899.5996540382831
170,1,629.1110898986896,898.9218294067718,639.0713663715791,899.5080479517419
171,1,629.0785250016337,898.9802277396878,639.0514178578464,899.416695327715
172,1,629.047536405611,899.0387678033943,639.0323943110948,899.3219586854993
173,1,629.0197496124366,899.0992720158619,639.0114429974403,899.2290957532492
174,1,628.9914373395221,899.1471980054225,638.9916278637414,899.1328200103635
175,1,628.9633890168507,899.1952721461791,638.9675223273764,899.0403087750768
176,1,628.9381149909203,899.2448632589123,638.9450831052249,898.9574056805162
177,1,628.9158717068491,899.2992502292675,638.9193818367049,898.8780119432319
178,1,628.8932429758189,899.3583948566171,638.8994238394744,898.7973732612402
179,1,628.8736489915705,899.412971865818,638.8767801147682,898.7170749479649
180,1,628.8513583309598,899.4653191715435,638.8468129704562,898.6419084919664
181,1,628.8393485795943,899.5193372687418,638.8108699153667,898.5697800144499
182,1,628.8332456542254,899.569934638028,638.7838974900358,898.4983393921314
183,1,628.8266343060676,899.6265721331168,638.7675201817314,898.4289081947135
184,1,628.825729199002,899.6840560451813,638.7477343011748,898.3574218186653
185,1,628.8210961896791,899.7383330737499,638.729547290449,898.2840783797581
186,1,628.8231462339055,899.7924854205373,638.7054708465032,898.2098069221105
187,1,628.821331784127,899.8481628240844,638.6758106011946,898.1422984218935
188,1,628.8196017659761,899.9056645972365,638.6459306635877,898.0798812168005
189,1,628.8121933320294,899.9726654474819,638.6197736180362,898.0210996405365
190,1,628.8091937978745,900.0295816143499,638.5959437303179,897.9617022271826
191,1,628.8070235746952,900.0918633229137,638.5768273519949,897.8932948742578
192,1,628.8083956929522,900.1536291086315,638.5593330896377,897.8259427493612
193,1,628.8135218630067,900.2190178229607,638.5416587682518,897.7721307033232
194,1,628.8281668136716,900.2800170291425,638.5183011504436,897.7268254192439
195,1,628.8401072890786,900.3412148071646,638.4904765801252,897.6809454596074
196,1,628.8502030018429,900.4064102864367,638.4613806251574,897.6337288017979
197,1,628.8546539493517,900.4616888938307,638.4333527844616,897.5921592539402
198,1,628.8565582243505,900.5188581578547,638.4069481213479,897.5524042620709
199,1,628.8571647538676,900.5749382393356,638.3807257576979,897.5128701103683
200,1,628.8511564309248,900.6332077183279,638.3552578417045,897.4659285502739
201,1,628.8470377740849,900.6829074806968,638.3235791909703,897.415308224398
202,1,628.8532707380397,900.7368725349818,638.2887294827689,897.3613082177708
203,1,628.8583075098079,900.7883514567611,638.2601913891161,897.307965113227
204,1,628.8639393334222,900.8308785716232,638.2235539788895,897.2618541356474
205,1,628.866539987437,900.8794470777362,638.1871375057717,897.2160437578575
206,1,628.8680119446057,900.9294457151976,638.1513926088496,897.1727067369574
207,1,628.8675618228286,900.9824738001731,638.1149207724416,897.1293592927985
208,1,628.8670404006177,901.0327738127337,638.0751274187609,897.0920322511934
209,1,628.8759918825839,901.0916235317848,638.0416515737084,897.0581765483696
210,1,628.889848187661,901.1586148497228,638.0115671057283,897.0284963168855
211,1,628.8989112789047,901.2328043640327,637.9785041378162,896.9957147400627
212,1,628.9178996483483,901.306766440903,637.9404665480196,896.9599498113264
213,1,628.943331201762,901.3818007665825,637.8995353479351,896.9320042466002
214,1,628.9700109033671,901.4547593029423,637.8610928237844,896.898288051793
215,1,628.9958344689504,901.528201215808,637.8254232686779,896.8633616895379
216,1,629.0164894466485,901.6031011010482,637.7923432312867,896.8249968970965
217,1,629.0406364042731,901.6638125506574,637.751264613873,896.7836203754298
218,1,629.0598184691452,901.72021230593,637.7162533731603,896.744661272956
219,1,629.0837353010727,901.7802803587482,637.6753105947197,896.7009819269325
220,1,629.1003869784877,901.8436037170472,637.6429805313765,896.656489312352
221,1,629.1229486759376,901.9113426694709,637.5958555553658,896.6164374309556
222,1,629.1415217581691,901.9834402491164,637.5503078877141,896.5710696910224
223,1,629.1615607490687,902.0528397627374,637.5051637733573,896.5244368153852
224,1,629.1783655287445,902.1193777460757,637.4602731863749,896.4743487065899
225,1,629.1955573036383,902.1889100391646,637.4179369979516,896.4227910018038
226,1,629.2170637617032,902.2657300010023,637.3717303965311,896.3722583838642
227,1,629.2397692020835,902.3418880309375,637.3207107036418,896.3244426459642
228,1,629.2684724705432,902.4171271280564,637.2574953701304,896.2801063966242
229,1,629.3009668159575,902.4913266533624,637.1797072127553,896.2361825456259
230,1,629.3408555703805,902.5508009256536,637.0987718061326,896.2008365470047
231,1,629.3813679971837,902.6118102358173,637.0118343513643,896.1650271052473
232,1,629.4175411501083,902.6845994382448,636.9331213142785,896.1284570742228
233,1,629.4512789773707,902.7727543734862,636.8580057634699,896.0795777168955
234,1,629.48262492645,902.8551915658787,636.7795623255936,896.0372127720545
235,1,629.5115387371651,902.9393891162789,636.6950904010862,895.987037500528
236,1,629.5437577167121,903.0128773309746,636.6051847160496,895.9404152522641
237,1,629.5824396215762,903.0881462216769,636.5212697101961,895.8925424588859
238,1,629.6189144168952,903.158456645806,636.4409934755122,895.8385971325143
239,1,629.6622486797535,903.2297906883554,636.3634012416593,895.7877474357381
240,1,629.7112804110345,903.3017830146597,636.292266491408,895.7335986546727
241,1,629.7555026522821,903.3706590656187,636.2044173621216,895.680841845875
242,1,629.801383087285,903.4374591258849,636.1224230412764,895.6293933904217
243,1,629.847497613317,903.5020127902856,636.0316679492712,895.5901803907336
244,1,629.9016390672252,903.5636015510557,635.9383251417452,895.5549995213202
245,1,629.950652782191,903.6240655817314,635.8387248731176,895.5182757569348
246,1,629.997697040893,903.6751898535645,635.741961510791,895.4869822172326
247,1,630.0468725799683,903.7195143267307,635.6462773209914,895.4570037980043
248,1,630.0932703090036,903.7776697731729,635.5591936750221,895.4203569221924
249,1,630.1442789712163,903.8351921189578,635.4706835154237,895.3845856947787
250,1,630.1958466538158,903.8914542936456,635.3815501166926,895.347709938986
251,1,630.2415552985036,903.9501299117369,635.2919390328724,895.3162780203294
252,1,630.2912811629056,903.9963398496162,635.1949904938493,895.2880698965554
253,1,630.3438760521569,904.0445153598733,635.0954865951262,895.2622354991361
254,1,630.3953322193986,904.1012786679274,634.9918217366577,895.2344506384908
255,1,630.4453356398051,904.153601404986,634.8958604329941,895.2043750488663
256,1,630.4994293621565,904.2032173154669,634.7985431848434,895.1755467880012
257,1,630.5550107749044,904.2425211795106,634.694259209306,895.155753751779
258,1,630.6101478973051,904.2891044265588,634.5891087967777,895.1265060200141
259,1,630.6635477900427,904.3334470377538,634.483675776386,895.1096481532942
260,1,630.716485561803,904.3824815486415,634.3827306372524,895.0951907366742
261,1,630.773040263662,904.4254149020413,634.2808301939298,895.0827799197633
262,1,630.8248128852343,904.4675329641209,634.1802821702183,895.0613383407057
263,1,630.8735364336372,904.4971329304525,634.0903134452191,895.04301088921
264,1,630.9193808361836,904.5209131671459,633.9968873857985,895.013970720224
265,1,630.9596634336996,904.5369456718247,633.9028387041684,894.9835300559637
266,1,631.0000258213705,904.545794476603,633.8104166068418,894.9559857678031
267,1,631.0413284000698,904.559902252072,633.7123402754875,894.9323995056336
268,1,631.0747488906719,904.579720010711,633.6205346005592,894.9094924469953
269,1,631.1080656344742,904.5985298523601,633.5282661840032,894.8945745341148
270,1,631.1390983466289,904.6152421969364,633.4388805229725,894.8777549176455
271,1,631.1704411775896,904.6326100183526,633.3519665184091,894.8658726513074
272,1,631.1931957194029,904.6459425244262,633.2597002135234,894.8595124858415
273,1,631.218011461071,904.6577631930477,633.1685969817382,894.8522825961355
274,1,631.2335839465443,904.6630574202204,633.0720683826504,894.8394928340133
275,1,631.2391233321486,904.6773306266155,632.9778963522184,894.8269575460344
276,1,631.24226094428,904.6933409369478,632.8847397462217,894.8210637618403
277,1,631.2444985700314,904.709197602522,632.7904716392503,894.8195138097034
278,1,631.2505906528124,904.7258512731698,632.6982994552466,894.8121803302167
279,1,631.2519070005121,904.7425540740616,632.6017600325397,894.8084997408267
280,1,631.2481046144729,904.7585928954758,632.5053752765549,894.804671132512
281,1,631.2465204380593,904.7690549590285,632.4116936892038,894.805020931264
282,1,631.2466325505127,904.778616331006,632.3154062970359,894.8076443205249
283,1,631.2480968041997,904.7798548890391,632.2242839640584,894.8150870638292
284,1,631.25685598192,904.7830150877045,632.1341757734087,894.8245066545546
285,1,631.2624361422091,904.7895118687096,632.0395245840841,894.8320010232509
286,1,631.2569421939013,904.7965695880837,631.9506498401232,894.8395827552276
287,1,631.246020030218,904.8085721205152,631.8673792869433,894.8430794974619
288,1,631.2404742031089,904.8088838787504,631.78200220508,894.8507558910462
289,1,631.2339831157027,904.820438444073,631.6987817804354,894.8443759630959
290,1,631.225051887721,904.8239328319329,631.6106816281534,894.8429272485077
291,1,631.2203677925032,904.8253011930506,631.5171503702948,894.8446156315489
292,1,631.2096796003009,904.8315674641905,631.4236250476508,894.8468674743133
293,1,631.2008878730164,904.8405264658419,631.3291616887027,894.8507596379095
294,1,631.1923155294006,904.8564155485461,631.2394994456225,894.8561171828466
295,1,631.1912073565547,904.8679185574629,631.1447895319554,894.872794987686
296,1,631.1935279252758,904.8910099708633,631.0502467964455,894.8864125159985
297,1,631.1980417903211,904.9125833498236,630.9584901041673,894.9025570102448
298,1,631.2046560951378,904.9335346548406,630.8711948282967,894.9254431695617
299,1,631.2081109053772,904.9548867361854,630.7842867736708,894.9529945497173
300,1,631.2101661082937,904.9737588535838,630.7003343236325,894.982559096787
301,1,631.2132418885109,904.9873523610934,630.619405160143,895.0113278073794
302,1,631.2103436073199,904.997779986932,630.5379361749409,895.038726791224
303,1,631.2092263478464,905.0111390738936,630.4555639710983,895.0511595273504
304,1,631.2038810038556,905.0194638076593,630.3751769083735,895.0686411927873
305,1,631.1937266314404,905.0299512036801,630.2882960553455,895.082164422043
306,1,631.187371767683,905.046135343531,630.2056987014383,895.1031949096516
307,1,631.1903871158839,905.0635747575355,630.1193701724961,895.1310312315787
308,1,631.1903387793776,905.0843665295147,630.0299722421865,895.1615419218332
309,1,631.2040382644548,905.1081684590587,629.9415797461883,895.1915665061728
310,1,631.2226853985165,905.1309919901685,629.8585823825531,895.2242933024164
311,1,631.244431604084,905.1503271451925,629.7708593143998,895.2628526776164
312,1,631.2650285312031,905.1768110343329,629.6799105098041,895.2973432527488
313,1,631.2858656923784,905.196228853208,629.5885777654955,895.3379658798344
314,1,631.3071792308123,905.2146086802879,629.4962552756035,895.3739157124259
315,1,631.3282351043337,905.2348143315185,629.4040071489327,895.4060877406487
316,1,631.3508376951336,905.2452998710596,629.3100691167275,895.4481619647315
317,1,631.3708831688881,905.2528366939566,629.2224032288755,895.494634933554
318,1,631.3933907135124,905.2637140250924,629.1319376575902,895.5271404801507
319,1,631.4284914011992,905.266710972966,629.0404583877297,895.5657670874393
320,1,631.4665194942162,905.2758029396557,628.9523570843149,895.6038600582709
321,1,631.5000266263975,905.2770641013913,628.8613436514053,895.6522247451542
322,1,631.5376250567246,905.2854354745527,628.7667279522527,895.6951537176409
323,1,631.5754884047778,905.2960975104127,628.6794035716898,895.7307299199032
324,1,631.6127867334671,905.2965752469404,628.5956243941961,895.7658273797642
325,1,631.6489698917844,905.2917206516823,628.5158985608666,895.8068318380354
326,1,631.6850009767206,905.2882062617506,628.4372522257494,895.8436075283216
327,1,631.7243844964756,905.2776337915129,628.3580683490192,895.8819989503065
328,1,631.7716811320358,905.2690210750029,628.277799746235,895.9221022743301
329,1,631.8058402229718,905.2720704017397,628.199493054903,895.9651082666122
330,1,631.8351507211827,905.2721098657403,628.1186277716197,896.0088801725942
331,1,631.8724949869767,905.2755757267802,628.0359895027974,896.0507941988898
332,1,631.914381404077,905.2782014735328,627.9505863328551,896.1025353501262
333,1,631.9570027184321,905.2814353774595,627.8710109612088,896.1495890928284
334,1,631.9997593994641,905.2795330171291,627.7902530968503,896.1952026979925
335,1,632.0496378087054,905.2742602653055,627.7126260573758,896.2381628914334
336,1,632.1044393332562,905.2632925474421,627.6349240717262,896.2869710033059
337,1,632.1567536635572,905.24590561538,627.5572802445748,896.3470809359899
338,1,632.2103089289382,905.2312827734261,627.4835421899202,896.4129476503938
339,1,632.2617943203901,905.2190810596838,627.412976640786,896.4657479444114
340,1,632.313589500202,905.2087271373475,627.3392391462268,896.5169582045693
341,1,632.3614452621089,905.2023777528963,627.2646716439157,896.5680396659426
342,1,632.4069184456087,905.1984911159678,627.1951644533615,896.6211572238954
343,1,632.4593346117443,905.1940864806044,627.1363848707883,896.6829806160929
344,1,632.5095413926925,905.1792401454809,627.0804473852188,896.7480425344523
345,1,632.5617214860455,905.1594995463978,627.0323413084249,896.8147805260699
346,1,632.6099799923975,905.1277022703623,626.9807221964085,896.8772217983416
347,1,632.6620685972973,905.0979787925148,626.9227331070765,896.9381024048193
348,1,632.7205852378895,905.0721913452458,626.86225973049,896.9916734221747
349,1,632.7842060521906,905.0455794308209,626.8039175925234,897.0447362300488
350,1,632.844022056169,905.0158304570967,626.7483189808183,897.1005979765686
351,1,632.9144237903254,904.9837817726345,626.6950068767513,897.1583457368799
352,1,632.9837269927758,904.944117159534,626.6413516142601,897.2157579550637
353,1,633.0473810026889,904.9048470789905,626.5878631601257,897.2819633698188
354,1,633.113866174305,904.8717274415793,626.5266349733389,897.3425759387491
355,1,633.1847518301603,904.8306480366463,626.4726307593298,897.4061675970228
356,1,633.2541702900348,904.7843940067357,626.4233157801926,897.4636819249943
357,1,633.3253726451356,904.7334239284295,626.3706521402061,897.5246694031996
358,1,633.3964086850251,904.6888719200058,626.3200221478417,897.5919160751441
359,1,633.4672938404534,904.6445141439347,626.2733093897454,897.6615055855962
360,1,633.5381963073613,904.5976391964714,626.2364120081862,897.7318971876124
361,1,633.6073444072675,904.5568325801411,626.1944516447392,897.8116522472176
362,1,633.6780391272663,904.5157636076596,626.1427945816281,897.8926212890296
363,1,633.7461879600785,904.4718210375853,626.0915283654001,897.9733391264884
364,1,633.806036066906,904.4215683842813,626.0428988004313,898.0556546679255
365,1,633.8633409404621,904.3654073625897,625.9911072595085,898.1427518949739
366,1,633.9115123700215,904.3097915734168,625.9477560768685,898.2423774710161
367,1,633.9591421132666,904.2591883007509,625.902104632985,898.3424462227322
368,1,634.0037496355495,904.2091549900325,625.8541941852418,898.4382285007146
369,1,634.0522500044032,904.1622717181779,625.8110601019005,898.5317959031255
370,1,634.1041794175983,904.120511070453,625.7642189876472,898.6301882185252
371,1,634.1517768380108,904.0713209320808,625.7217146422875,898.7230572838914
372,1,634.196780325789,904.0247974800011,625.6749929926946,898.8164950806498
373,1,634.2406512448194,903.9821121299423,625.6338429838949,898.9110998139232
374,1,634.279936424247,903.9368426066334,625.5826889569978,899.0039845355357
375,1,634.3183525211856,903.8905325719861,625.539713719168,899.1028104424952
376,1,634.3554270907888,903.8457462861737,625.5031011445764,899.1990457128885
377,1,634.3888129056086,903.8000669429958,625.4629087625018,899.2927237744799
378,1,634.4170887552808,903.7506546411909,625.4185768341351,899.3893672550861
379,1,634.4419483311655,903.6979222361402,625.3744179836704,899.4840574665964
380,1,634.4669652704933,903.6454388020351,625.3345495840213,899.5736548206844
381,1,634.4904839854662,903.5986504838613,625.2965757101131,899.6558613682489
382,1,634.5154007217466,903.5510955782815,625.2598363670228,899.7312435647974
383,1,634.5329485393719,903.5010274575002,625.2239100229974,899.8026123302785
384,1,634.5467760180638,903.45748818153,625.1894524045595,899.8765492922527
385,1,634.5561734570575,903.4124338091063,625.1535273158689,899.9531365673142
386,1,634.5630577120331,903.3636344658765,625.123772905805,900.0255909021619
387,1,634.5719837949033,903.3137511253999,625.0959654996018,900.0961098898463
388,1,634.5810007965198,903.2556962987975,625.069994099184,900.1603904030627
389,1,634.5906864865137,903.1964989346704,625.0427757978375,900.2273432076337
390,1,634.6010513050016,903.134844283731,625.0129909412366,900.2942116788237
391,1,634.6097610123786,903.0749335070276,624.9860989945015,900.3535970288084
392,1,634.6239947977174,903.0215856972926,624.9546166745023,900.4137673720893
393,1,634.6375175688262,902.9665484472432,624.9216332371125,900.4732787798536
394,1,634.6455575193587,902.9152330273076,624.8893781635907,900.5394380844398
395,1,634.6465526386949,902.8579911211359,624.8619361621347,900.6095632076874
396,1,634.6392745711659,902.8109304528465,624.8381165910846,900.685961447216
397,1,634.6357835011883,902.7663236056188,624.8189291252482,900.7558019368818
398,1,634.6276067465407,902.7228897860596,624.8053506678563,900.8257137531048
399,1,634.6166696143325,902.6787480902627,624.793345488712,900.8988897317333
400,1,634.6168352459877,902.636275986452,624.7766024113561,900.9719827739384
401,1,634.6129133636697,902.5877070766426,624.7593054432889,901.0518129888018
402,1,634.6151485675592,902.5460667730879,624.7400086666463,901.126985190512
403,1,634.6099999897147,902.5039748410284,624.7170874340192,901.2050883903584
404,1,634.60214579458,902.4612810647252,624.6937885444413,901.2916502677742
405,1,634.5871798962148,902.4147170817464,624.6748216382797,901.3753129600068
406,1,634.582539672432,902.372596806695,624.6421546951198,901.4522448513825
407,1,634.5742013596978,902.3333003758963,624.6187124049584,901.5315512441588
408,1,634.5596329201256,902.2930822881254,624.6061804455455,901.6063859156798
409,1,634.5488441039321,902.2498670359092,624.5883244462254,901.6738334014537
410,1,634.540893815059,902.2145476573959,624.5719418766305,901.7391128498764
411,1,634.5250970725848,902.1837606545682,624.5604307824159,901.8054744786147
412,1,634.5081124303401,902.1537272721746,624.5485548112936,901.8729147616309
413,1,634.4951390755069,902.1285857934074,624.5387674231368,901.9352608011974
414,1,634.4870636402118,902.1019524647237,624.5287088434418,901.9963010717258
415,1,634.4754321952678,902.0735057911141,624.5264147603013,902.0580891993877
416,1,634.4662613454208,902.036262766478,624.5225971441575,902.1149430480053
417,1,634.4642836912261,901.9987667533038,624.512544751433,902.1661391545781
418,1,634.4461225874968,901.9677920761122,624.4945171790288,902.223017012029
419,1,634.4207766418582,901.9338469386597,624.474299018017,902.2811212298041
420,1,634.3968759627468,901.8992655174752,624.4559756209425,902.3439631112293
421,1,634.3792332348123,901.8640242449529,624.4358393164114,902.4109947641673
422,1,634.3549996459394,901.8302374154372,624.420943037193,902.4747201327676
423,1,634.3351073238522,901.7927675513045,624.3990332795274,902.5407956251848
424,1,634.3096158022548,901.7458403881908,624.3781587636875,902.6088935025056
425,1,634.2866479854,901.7008104014703,624.3576145567843,902.6906331248786
426,1,634.2592494004342,901.6602133439927,624.3352534712295,902.7708284372694
427,1,634.2270223173458,901.6331442615308,624.3139326191426,902.8445421998989
428,1,634.1999469740364,901.6080773703766,624.2950171956865,902.925604985229
429,1,634.166828708733,901.5805382033976,624.2887848342639,903.0048715533446
430,1,634.145324317754,901.5567825487035,624.2787695337929,903.0895539515225
431,1,634.1252143637879,901.5384637949265,624.2732759591371,903.1706017297224
432,1,634.1052455393149,901.5233986352525,624.2737939718307,903.2524277911253
433,1,634.0799524480522,901.503042894924,624.272859653175,903.3334658075286
434,1,634.0536011944951,901.4805155589611,624.2661769362404,903.4226992156613
435,1,634.0267823031593,901.4562274128212,624.2636841414394,903.5116799207534
436,1,634.0001440475686,901.4312183069438,624.2552807070966,903.607009066833
437,1,633.9601619692306,901.4085226475543,624.25857965027,903.7025635760244
438,1,633.9244821214617,901.3888114421187,624.2495326952991,903.7954953522171
439,1,633.8902828027645,901.3663282760281,624.2401083783907,903.8906145136808
440,1,633.8518257590044,901.3481156905854,624.227793104547,903.9794486983337
441,1,633.8152893533288,901.3354825962443,624.2190763108587,904.07552856914
442,1,633.7769785060219,901.3195931717997,624.2147234837605,904.1695815789897
443,1,633.734449526589,901.3058421182175,624.2046055393834,904.2650944742215
444,1,633.6925519114482,901.295960127518,624.1975184179366,904.3617362296603
445,1,633.6469603213661,901.275030665798,624.191140383163,904.4607163048817
446,1,633.5986706775088,901.2535708325544,624.1804980755027,904.5518787550567
447,1,633.552853116667,901.2368641061156,624.1624230162334,904.6382849940419
448,1,633.4996367201348,901.2233463037031,624.1522650380367,904.7251555937545
449,1,633.4408009505922,901.2068380240411,624.133831814011,904.8164357740978
450,1,633.3772347912013,901.189539718142,624.1119401839051,904.904155701182
451,1,633.3157724053291,901.169939093115,624.0909758345381,904.9941445947735
452,1,633.2560630505586,901.1540582038547,624.0677179824414,905.0838294805726
453,1,633.1908035999874,901.1445717967922,624.0462514243296,905.1657839429364
454,1,633.12793501861,901.1376782285229,624.0220159017318,905.2454389532468
455,1,633.05554213107,901.12721415047,623.9943735697269,905.3280842499795
456,1,632.985072671666,901.1024064872337,623.969770887917,905.4178396600626
457,1,632.9128323923557,901.075052086145,623.9487192790782,905.5063657751158
458,1,632.8326417574696,901.0463785631761,623.9315165961955,905.592674808606
459,1,632.7575738240739,901.0156360194864,623.9163789476967,905.6874964005319
460,1,632.6798025679018,900.9866346919243,623.8994936962717,905.7771716391023
461,1,632.6087626680346,900.9599394968175,623.8813790546018,905.861517120964
462,1,632.5382032422625,900.9317009558235,623.8732009175151,905.9475393505156
463,1,632.4688211813933,900.9065917492313,623.8742166787838,906.0345109288752
464,1,632.407868907149,900.8778623244676,623.8863789865576,906.1178461615174
465,1,632.3443329084737,900.8443410523782,623.9006618990544,906.2050125592814
466,1,632.2819668074148,900.8132629820466,623.9160638774663,906.2907857670771
467,1,632.22709281236,900.7819587869926,623.9270489762738,906.3750738188377
468,1,632.1741424712429,900.7449694027537,623.9413318940815,906.4602599806437
469,1,632.1208772278889,900.7096647097577,623.9564090573376,906.5430798039337
470,1,632.0586866731225,900.6773858629916,623.9777407091215,906.623387899247
471,1,631.991380674937,900.6517433911673,623.9943636451857,906.7014061259663
472,1,631.9256733956249,900.6284115641238,624.008147815495,906.7811644313006
473,1,631.8600818480013,900.6039277377489,624.0301537567453,906.862106125557
474,1,631.7897385171144,900.575743239926,624.0468781933447,906.9417196228155
475,1,631.71985100131,900.5444121506547,624.0694929257608,907.0261000433403
476,1,631.6491772076018,900.5186991201944,624.0933935916248,907.1121354455269
477,1,631.5801486942759,900.4994213799798,624.1205453925639,907.195003768501
478,1,631.5154116988227,900.4817976241942,624.1501972295644,907.2814572822989
479,1,631.4477392971963,900.4604544290368,624.1822430259884,907.370381701462
480,1,631.3851956998893,900.4438297246038,624.217200086126,907.4554927462468
481,1,631.3184409014423,900.4362699554978,624.2570650234999,907.5352404386392
482,1,631.2493569698228,900.43426845478,624.2946643259932,907.6151909031814
483,1,631.1818366488025,900.4294233637421,624.3235161874807,907.6976953028146
484,1,631.1193896129805,900.4252869334487,624.34960202344,907.7835604717163
485,1,631.0617002333252,900.417084446789,624.3799362952822,907.8690573777385
486,1,631.0023333459294,900.4113908301621,624.4136092745227,907.9514208982287
487,1,630.9383655749789,900.4104967697441,624.446645367704,908.0309220655375
488,1,630.8767579981608,900.4056311764282,624.4774074678597,908.1070375720697
489,1,630.8139854824321,900.4027253522812,624.5135043024616,908.1831609727053
490,1,630.7434204581243,900.3946682413924,624.5560712331434,908.2614480235634
491,1,630.6726195078996,900.389511473187,624.596852425966,908.3420433335028
492,1,630.6013544295369,900.3871716536022,624.6377368891426,908.4142961319392
493,1,630.5320657999438,900.3835674447595,624.6793496631994,908.4836738013032
494,1,630.4691927584622,900.3766312056376,624.7198975797387,908.556004983644
495,1,630.4123240550769,900.3679007868137,624.7569798749337,908.626597851214
496,1,630.3507391584315,900.3631052967996,624.7950404982234,908.6994166489283
497,1,630.2830695990916,900.3618796944617,624.8303931702069,908.7803038357691
498,1,630.2096871567967,900.3663785966287,624.8626862150682,908.8726223367282
499,1,630.1303172823502,900.3731648269862,624.8997325948659,908.9587045974615
500,1,630.052241443874,900.3884686039527,624.9343915465946,909.0374891543083
501,1,629.969556201079,900.402610796091,624.9735190701169,909.1109119436929
502,1,629.877572725459,900.4157868175,625.0078008648942,909.1799579999489
503,1,629.7828400117777,900.4241088925927,625.0477355868483,909.2505343071894
504,1,629.6827914023577,900.436582179968,625.0852567834503,909.3233372645047
505,1,629.5792724069602,900.4423562463393,625.1216324924355,909.4040084285044
506,1,629.4744528383513,900.4519316871504,625.1571431171158,909.488434163563
507,1,629.3649476236124,900.4618904833135,625.1948352291782,909.5640190153651
508,1,629.2493687366704,900.4725229459939,625.2352463850142,909.6377333718797
509,1,629.1332170776566,900.4850687664876,625.2690738260505,909.711573207672
510,1,629.0223178570438,900.4910528542812,625.3112964588151,909.7820058269509
511,1,628.9116857773105,900.5020977321133,625.3500828223555,909.8515362685388
512,1,628.7971693050357,900.5224929583701,625.3833444597283,909.9117568091368
513,1,628.6814345211858,900.5372441120594,625.4101095233148,909.9870504314957
514,1,628.5636526056263,900.5541541810095,625.4320111943184,910.0557501190266
515,1,628.4568431209977,900.5681258180722,625.4509516380348,910.1220400494248
516,1,628.3428173611106,900.5765085586338,625.4626971486721,910.1879504191996
517,1,628.222992790059,900.5829639042698,625.4767045241448,910.2464192333753
518,1,628.098335169801,900.5958562912083,625.493711743824,910.3027841240397
519,1,627.9702565503999,900.6171143210101,625.5204039732644,910.3521724581688
520,1,627.8389373515115,900.6342285277416,625.5479400019939,910.3916404837894
521,1,627.7054934811104,900.6429657244963,625.5776963865635,910.4388899695377
522,1,627.5801643502978,900.6486057342916,625.605994919326,910.4879515190594
523,1,627.4534991814085,900.6552255204307,625.6373411851221,910.5336317715146
524,1,627.3276498213947,900.6679303308824,625.6568913268854,910.5718096230006
525,1,627.1975460082822,900.6796516332612,625.6637360640068,910.605712945722
526,1,627.0694650486467,900.7001419568749,625.6763206849299,910.6374044382902
527,1,626.939106067758,900.7283176228638,625.6965395186724,910.6644193825707
528,1,626.804807469302,900.7597006002619,625.7216262703317,910.6920228686206
529,1,626.6734661763828,900.7840946597113,625.7402484855794,910.7298522277895
530,1,626.5379319019153,900.8095634255203,625.7509872378635,910.7670506735624
531,1,626.4055351598479,900.8313595223165,625.7677579858417,910.8075920856361
532,1,626.2722226677629,900.8574051899611,625.7845118237058,910.8442745276292
533,1,626.1383514939098,900.8878090896947,625.8039854289294,910.8878563932566
534,1,625.9950244407671,900.9220206322232,625.8226505109882,910.9320492835575
535,1,625.8543142089121,900.9582108764085,625.8382168978845,910.9747783212973
536,1,625.7149618828187,900.9942235957561,625.8453901370408,911.0226035959414
537,1,625.5733412427987,901.0350114979269,625.8549850321718,911.0694707037699
538,1,625.4316688528588,901.0732341154607,625.8639890193584,911.1074630968678
539,1,625.289583153533,901.1140426022268,625.8657046413288,911.1342539469886
540,1,625.153192935929,901.1633323640845,625.8651353389646,911.153965268827
541,1,625.026948444564,901.2175170609065,625.8653004575843,911.1719314543752
542,1,624.8941863668085,901.2642979448083,625.8668782060994,911.1958080815899
543,1,624.7619335674345,901.3050492632195,625.8663964726635,911.2297222525602
544,1,624.6347157530789,901.3502289889276,625.8697607795763,911.2654205294609
545,1,624.5032727060958,901.3991804067321,625.8695545925444,911.2977336382099
546,1,624.3755349981577,901.4507117640077,625.8671329842205,911.3301567590548
547,1,624.2501791306004,901.5033116785248,625.8671540471955,911.3704585953024
548,1,624.1348910027799,901.5649647230251,625.8651399393675,911.416021872692
549,1,624.0137326744838,901.6226940785438,625.8686756157616,911.4632127339702
550,1,623.8913499809194,901.6820505971021,625.8705313933517,911.5101616460356
551,1,623.7666821567457,901.7467737708179,625.8674913576573,911.5618492915601
552,1,623.6452821341877,901.8117062460054,625.8520139442667,911.6130113868629
553,1,623.5219117287589,901.8893945632398,625.8337386402854,911.662255365967
554,1,623.4002880851647,901.9666059501416,625.8075780735741,911.7087677408184
555,1,623.2719015106828,902.0470717084318,625.785882042937,911.7510276693424
556,1,623.150745371229,902.1270807860242,625.7542413606124,911.7847361691228
557,1,623.0335257191866,902.2017808706744,625.7212121920801,911.816500918013
558,1,622.9094259354005,902.2654827791199,625.6916606949939,911.8562068676827
559,1,622.7794201035744,902.3310715607946,625.6694847425779,911.8909948130423
560,1,622.6559866413244,902.3973213170227,625.642460909144,911.927642916243
561,1,622.527279424382,902.4676342785154,625.6233477880928,911.9629723490713
562,1,622.395219433999,902.5318528519749,625.6048901980703,911.9961686001817
563,1,622.2627869291764,902.5970175631244,625.588888809936,912.030144452416
564,1,622.1329914286182,902.6748967262993,625.5763357652081,912.056696764085
565,1,621.9989729064184,902.7475461090861,625.5690636538667,912.082438602469
566,1,621.8648155627735,902.8255015543781,625.5540578631271,912.1015669514898
567,1,621.7241218544627,902.9002796573969,625.5392520581743,912.1295176637738
568,1,621.5824710343065,902.976535175242,625.5290431122805,912.150654830482
569,1,621.4435460365543,903.0572304571365,625.5156682900033,912.1719416765602
570,1,621.2980164412531,903.1379347221789,625.5056052815443,912.2025118547455
571,1,621.1487464426999,903.2276985642468,625.4989435551794,912.2299025196577
572,1,620.9999172065529,903.3294861257831,625.4936126584101,912.2537513425227
573,1,620.856354656332,903.4259873906628,625.4894226692346,912.2753624650333
574,1,620.709603485187,903.5186237783139,625.4841131629481,912.3000006979773
575,1,620.5697461520252,903.6105381283045,625.4715239585595,912.3176562536855
576,1,620.4245811308148,903.7045793372472,625.45668735668,912.3351692368302
577,1,620.2795232274224,903.7932431547283,625.4458059420265,912.3599562790706
578,1,620.1355038590721,903.8911287960806,625.4354536489154,912.3747994128184
579,1,619.9952695952377,903.9871042678553,625.4192371380651,912.3887461781998
580,1,619.8503580058992,904.0861455949652,625.4025292228564,912.4095143257392
581,1,619.7096316634545,904.1830514922814,625.3786982310157,912.4268720032076
582,1,619.5605899815936,904.2754069866764,625.35464699671,912.445186347252
583,1,619.413592260913,904.3622826728666,625.3297358352087,912.468447887658
584,1,619.2669337670586,904.4470253759112,625.3083940465584,912.4891182119007
585,1,619.1243397309523,904.5371139383267,625.2802435448239,912.5064173787166
586,1,618.981164076902,904.6264738942386,625.24273096711,912.5171636642806
587,1,618.8419866335446,904.7239481808294,625.2052142239016,912.5275600250211
588,1,618.7057090449174,904.8156006259657,625.172549110699,912.527857784569
589,1,618.5724107404785,904.9077544825836,625.1360698371102,912.5209733744318
590,1,618.4387313037041,905.0080042619662,625.1005144702123,912.505758792941
591,1,618.3084145866891,905.1071927949748,625.063006996208,912.4881823283998
592,1,618.1765805717732,905.2070991923651,625.0194202002012,912.4659346238602
593,1,618.0362698742216,905.3074331014633,624.9847618279115,912.4585953714577
594,1,617.8995709484516,905.4061731261786,624.9536267289308,912.4569915810641
595,1,617.7616830776884,905.4997488191514,624.9297805586248,912.455077489216
596,1,617.6278781353942,905.6005860514434,624.897314758121,912.4413323186994
597,1,617.4942852633321,905.7048076022369,624.8761011493998,912.4218713859763
598,1,617.3571629169098,905.8081467148521,624.8547660950808,912.4018788937119
599,1,617.2199403076263,905.9174881290741,624.8395436236727,912.3798296769422
600,1,617.0874272508086,906.0184098884044,624.8333978569076,912.3483592643828
601,1,616.9613276465986,906.114125854083,624.8197162416534,912.3048705516978
602,1,616.8363280228949,906.2086465614825,624.8094260548417,912.2667254409913
603,1,616.7165495010552,906.3074373477353,624.7992127598378,912.2307276117347
604,1,616.5909953745564,906.4086958350015,624.7899854051327,912.192130826934
605,1,616.467444845672,906.504993239344,624.7771905265315,912.1537867361845
606,1,616.3456562398416,906.6043837113679,624.7620593992741,912.1123807647868
607,1,616.228393367406,906.7133937628652,624.7392244720933,912.063474756711
608,1,616.1182938523742,906.8184624913105,624.7096547362838,912.008470407463
609,1,616.016314116155,906.9292497109531,624.6748860907481,911.9588194463289
610,1,615.9175411982901,907.0371856232454,624.6359052840997,911.907271620696
611,1,615.8110487002928,907.1359235004389,624.5986452108261,911.8634592609619
612,1,615.7054623373435,907.2376899577034,624.565832391096,911.8301551206251
613,1,615.5966425992478,907.3315083855585,624.5404803021605,911.8032837546086
614,1,615.5022186201047,907.4298830817319,624.503226425139,911.770759050188
615,1,615.4098064679408,907.5123874701338,624.4610574153206,911.735690413756
616,1,615.3183919728684,907.6019387165209,624.4188803568919,911.7000323545064
617,1,615.2242296772306,907.6898642347661,624.3784418971599,911.6636901740724
618,1,615.128355178514,907.7757048470369,624.3448356970462,911.621843682871
619,1,615.0359258662513,907.8594056849913,624.304983936643,911.5704150181166
620,1,614.9454443773034,907.9363286521801,624.2707600764415,911.5253577752351
621,1,614.8515853366374,908.0101381776043,624.236180836463,911.4730955967829
622,1,614.7653343213705,908.0873688591736,624.2043837030743,911.4173938998804
623,1,614.6833538868166,908.1671311710468,624.1791009022461,911.3560809342497
624,1,614.6031125832999,908.2478260165856,624.1507210351801,911.2933925840046
625,1,614.52149625662,908.326161289811,624.1205762527474,911.2283144047522
626,1,614.4475027961304,908.4076002868693,624.0811144203403,911.1604370230081
627,1,614.3695212467226,908.4919887509218,624.0389917768078,911.0915403063927
628,1,614.2976281784702,908.5696453070541,623.9857277361309,911.0236856314423
629,1,614.2185892177088,908.6456247319762,623.9307904548521,910.9626559836643
630,1,614.1327623789574,908.7219730661002,623.8789239546527,910.9001184977388
631,1,614.0418386940238,908.796641875801,623.8238667497882,910.8421893119463
632,1,613.9619191379581,908.8653403836297,623.7657733135278,910.7849687853402
633,1,613.8898291315726,908.932540564547,623.7126929669487,910.7206969457202
634,1,613.8186994330449,908.9967085664381,623.652362422229,910.6594904345604
635,1,613.7409236809384,909.056565221625,623.594739315132,910.6031032971277
636,1,613.6635864355128,909.1186115804254,623.5369523794641,910.5534859129012
637,1,613.5876873726498,909.1806926888307,623.4754951860227,910.5010975563238
638,1,613.50974756222,909.2420294584226,623.4145997875053,910.452074267636
639,1,613.4332240093216,909.3028319348646,623.3543703219578,910.4022884503511
640,1,613.363049573266,909.3624144077058,623.2923136757789,910.351849708248
641,1,613.2936781283261,909.4202333318939,623.2289987507756,910.2990877553286
642,1,613.2253112278015,909.4804311020916,623.1625804624942,910.2523622313901
643,1,613.157913549012,909.53753205784,623.0953458914072,910.2091641517255
644,1,613.08825084361,909.5917944437027,623.033925584677,910.1711070822346
645,1,613.0211433949422,909.6505144564048,622.9692104808292,910.1327273933904
646,1,612.9641368750498,909.706964138477,622.9022090548109,910.0848870757815
647,1,612.9055047112633,909.7632172149042,622.8382515226143,910.0321210598157
648,1,612.8421861081939,909.8192970709413,622.7868114170386,909.9768686191143
649,1,612.7842299039219,909.8748899274141,622.7353808414654,909.9299402914423
650,1,612.7343431929376,909.9329069862574,622.6733623767092,909.8797912252945
651,1,612.6843609423804,909.9952802955542,622.6138577373582,909.8178146946103
652,1,612.6307063082376,910.0564853248295,622.5616050677294,909.7558692318416
653,1,612.5763390684439,910.1221536357534,622.5096918715813,909.6924094897571
654,1,612.531522731003,910.1948015054072,622.4606256493954,909.627904823889
655,1,612.4878701100396,910.2751540437739,622.4116505804822,909.5699103397429
656,1,612.4470763260268,910.3557170437552,622.3649507606442,909.5122673456215
657,1,612.4123588132506,910.4438340411646,622.3179515069367,909.4570923742779
658,1,612.3749237414961,910.5360840442843,622.2699098048661,909.4073092039437
659,1,612.3443449173363,910.6304502512999,622.2193930900231,909.3647038582753
660,1,612.3053729712325,910.718255453981,622.1657311021436,909.3222674753403
661,1,612.2642659129772,910.8064413394688,622.098368865424,909.2760595302269
662,1,612.2270045610495,910.9023366206188,622.0352541611217,909.2320507269427
663,1,612.1870526430968,911.0010698256677,621.9734905157617,909.1850630230178
664,1,612.1510680163652,911.090955564793,621.9100488733179,909.1465641847861
665,1,612.1174071499306,911.1848379501477,621.8497012656526,909.1041854190798
666,1,612.0831894530683,911.2797195849413,621.7863788985408,909.0612838525407
667,1,612.0463658287097,911.3704664397569,621.7284412956175,909.0145278723228
668,1,612.0156113103745,911.4655729747714,621.6651434956214,908.961816293491
669,1,611.9861092387841,911.5616465882559,621.595461556285,908.9037565595381
670,1,611.9574917428123,911.6566406508996,621.5222528799778,908.843439913775
671,1,611.933043533746,911.7543026867722,621.4450390148736,908.7852047235046
672,1,611.9098024033761,911.8551280410137,621.3712029539223,908.7319039793445
673,1,611.8863447238208,911.9601419521914,621.2984366644154,908.6830870898023
674,1,611.8650201663041,912.0706257014058,621.2307693050951,908.6345128960592
675,1,611.8430954107756,912.189038082953,621.1521067277129,908.5928730025935
676,1,611.8237405419403,912.3096519717647,621.0732997664626,908.5569832180504
677,1,611.8075329105777,912.4342401747064,620.991892451426,908.5251355777028
678,1,611.7835456089564,912.5646156002017,620.9096726728654,908.4975088164016
679,1,611.7730081244033,912.6983929554506,620.8194128307707,908.4720026943041
680,1,611.7529708039239,912.8401320366561,620.7352876917139,908.4423128054415
681,1,611.7433522333646,912.9874304234037,620.6478142528313,908.4173523659603
682,1,611.7299140308419,913.1365601335875,620.5606987603377,908.3881903900149
683,1,611.7180483477313,913.2883681846931,620.4676903193047,908.3644938412286
684,1,611.7081464702438,913.4389318316132,620.372856455102,908.3418151970877
685,1,611.7087573317154,913.5797081327403,620.2764926998138,908.3194650616452
686,1,611.7128135488849,913.7136324783656,620.1745334593533,908.2951841356753
687,1,611.7238581657099,913.8463048896932,620.0672149320895,908.2747242248838
688,1,611.7346015206589,913.9721753589895,619.9671685800555,908.2531042986295
689,1,611.7437561059082,914.1018767940651,619.859314271282,908.233028326204
690,1,611.7551634592877,914.2268973875722,619.7438143124174,908.2126197819276
691,1,611.7610052624096,914.3520807890295,619.6305585594176,908.1887160642024
692,1,611.7628788015402,914.474670036465,619.5216317318628,908.1717458190833
693,1,611.761229928558,914.6013876891287,619.4191198764375,908.1541119424181
694,1,611.7651150206692,914.7314781400353,619.3190647651829,908.1367400097722
695,1,611.7714606393965,914.8649721106598,619.2138215844933,908.121352259265
696,1,611.7864264505241,914.9998444628245,619.095415506046,908.1103546047871
697,1,611.8050600795666,915.1302633166907,618.9729973403544,908.0977897473945
698,1,611.8171851681416,915.2626672849382,618.853675435584,908.0943652357587
699,1,611.8360636246531,915.3906194354976,618.7364782845314,908.0927952906518
700,1,611.8583274154565,915.5195489020558,618.6212617859675,908.095924946953
701,1,611.8818096036771,915.6414617438448,618.5040924661272,908.104295042644
702,1,611.9173679694214,915.754032657784,618.3913891836183,908.1138159899971
703,1,611.952154606333,915.8587638197223,618.2757998331551,908.1236813269975
704,1,611.9885801662011,915.9630978271394,618.1606699565419,908.1275564674905
705,1,612.0253324058374,916.0716867718804,618.0471316503397,908.1256101025527
706,1,612.0663211846318,916.1747229497186,617.9282846800766,908.1227117246722
707,1,612.107653126611,916.2777131342983,617.8122472887952,908.1163550282309
708,1,612.1448430657281,916.3821423705643,617.6934243003258,908.1131529980539
709,1,612.1884303780029,916.4802612909931,617.5693531193639,908.1115327490497
710,1,612.2262628358386,916.5765670644404,617.4528003474044,908.0964688652537
711,1,612.270631084829,916.6657298579671,617.3294563409103,908.088886962442
712,1,612.3149842200622,916.757206490601,617.2106590757692,908.0823698234151
713,1,612.3639911970503,916.8512860968224,617.0910252273494,908.0818916893008
714,1,612.4226264000511,916.9457008507093,616.971864259162,908.0859749285986
715,1,612.4793268179478,917.04100552272,616.8525098377316,908.0847912887706
716,1,612.5372851887934,917.1301830320735,616.7295309522166,908.0873686887903
717,1,612.6004158861293,917.2268057928384,616.6033583062277,908.0860087774793
718,1,612.659067953607,917.3123967834747,616.4734364002304,908.089890462844
719,1,612.7209617312391,917.3977409580081,616.349867079902,908.0968964064577
720,1,612.7927378585132,917.4828818166493,616.2174781446116,908.1024170291776
721,1,612.8596738595689,917.5715327558227,616.0728447497181,908.1111969947686
722,1,612.9274113088707,917.6578062889176,615.9291065223249,908.1231196971498
723,1,612.9978422051762,917.7394604072138,615.7899403166252,908.1375592392158
724,1,613.0633998944471,917.8337367079027,615.6540695853663,908.1566762467646
725,1,613.1337986800982,917.9209347523268,615.5232951614054,908.1856029976163
726,1,613.205551839889,918.008931277258,615.3948980560673,908.2188130695042
727,1,613.2809492278874,918.0927878114718,615.2647570499514,908.2518216497847
728,1,613.3600619573123,918.167025824838,615.1323242396693,908.2843111002429
729,1,613.4348492181646,918.2409906275113,614.9969762515248,908.3286705670077
730,1,613.5126479193189,918.303964946252,614.8638065624485,908.3849118347885
731,1,613.5870465535804,918.3620481239171,614.7307070983409,908.4433612261768
732,1,613.6657871952668,918.4259478662473,614.5904417592191,908.4943915514884
733,1,613.739122177731,918.5011416475435,614.4525208266117,908.534409816047
734,1,613.8142140245232,918.5678463661837,614.3108489315727,908.5790864296697
735,1,613.8935957004305,918.6307408295528,614.1636341437272,908.6308236076985
736,1,613.9761374589797,918.6878227666439,614.0147180324946,908.6892377284018
737,1,614.0617132624632,918.7436792922515,613.8622712162678,908.7501703159749
738,1,614.1454593873243,918.8005177530259,613.7118190832824,908.8075510444182
739,1,614.2317876425634,918.8595298697188,613.5609535087938,908.8701534017033
740,1,614.315415026944,918.9210067791856,613.4200993409243,908.9268173973187
741,1,614.4004390428692,918.9853970974882,613.2775895030854,908.9896677362676
742,1,614.4852489059583,919.0450641004838,613.1405862874816,909.0583995687465
743,1,614.5686695139067,919.0950581273396,612.9992815030906,909.1354049660512
744,1,614.6555136425588,919.1379536846447,612.85892739748,909.2155238483028
745,1,614.7376850434468,919.1722320598906,612.7233404215877,909.2985975277716
746,1,614.8220406214925,919.1978452972154,612.584695122127,909.3911308072719
747,1,614.9026641398029,919.2283585199431,612.4487077263548,909.4902563574963
748,1,614.9797150084352,919.2587538741363,612.3169832080629,909.5959819110594
749,1,615.0564153774293,919.2872525409828,612.1857271397148,909.707890615748
750,1,615.1407310128094,919.3193438734662,612.0601044329254,909.822836400515
751,1,615.2276413565008,919.3571409909354,611.9351866557096,909.9271234747208
752,1,615.3129327855959,919.3938741436742,611.8076807375041,910.0322298666296
753,1,615.3967114351897,919.4234612555875,611.6821208586323,910.1383372101858
754,1,615.4844847173916,919.4545998380379,611.5539003925704,910.2438425605967
755,1,615.5708927291539,919.4801724926925,611.4264417692116,910.3517351650119
756,1,615.6600275342141,919.4973271388418,611.295172514122,910.4547876111998
757,1,615.7415630728477,919.5105069982285,611.1739698688746,910.5518051930062
758,1,615.8260757684279,919.5259983792636,611.0505537932515,910.6521892781864
759,1,615.9142938938268,919.5300806972047,610.9288092476685,910.7631762028701
760,1,615.999160205215,919.5392308691023,610.8083172686493,910.8841985723855
761,1,616.0820030182817,919.5345850694567,610.7016626588015,911.0077326755601
762,1,616.1569986424199,919.5253426985687,610.6037763680001,911.1399430966974
763,1,616.2282459560153,919.5114221452135,610.4998091228262,911.2814265400781
764,1,616.2971425347074,919.4933784363419,610.394581141004,911.4271101831227
765,1,616.371501776066,919.4858443177297,610.2956866846932,911.5676695223378
766,1,616.4451982001553,919.4834104916023,610.1874501476005,911.7077284877656
767,1,616.520403554438,919.4737271374382,610.0722340934974,911.8514306181719
768,1,616.5988838865866,919.4642425935715,609.9680592792829,911.9929956276446
769,1,616.6801108214988,919.45447793817,609.8705572644702,912.1326357823201
770,1,616.7541632012096,919.4415293975023,609.7672113418053,912.2784265331038
771,1,616.8193540018386,919.4327456297109,609.6601588862221,912.4307623621954
772,1,616.8856611084491,919.4230795959953,609.5560659973492,912.5896383538487
773,1,616.9629606422733,919.4089536196116,609.4561322018183,912.75048710114
774,1,617.0444431484665,919.392586164269,609.3592204884967,912.921145907051
775,1,617.1264446892696,919.3752783377943,609.2719485525955,913.0969915024135
776,1,617.2089500666694,919.3531942767281,609.1952867035942,913.2761095673894
777,1,617.2927063832024,919.3301506021015,609.1266982595405,913.4601884090431
778,1,617.3722247570881,919.3036451507961,609.0617945893604,913.650654307246
779,1,617.4460412560256,919.2783888334156,608.9956270108294,913.8470840944948
780,1,617.5131323386695,919.2565589250031,608.9301099852586,914.0434852713475
781,1,617.5815776394583,919.2362419665093,608.8652371675553,914.2492620439442
782,1,617.6490004218113,919.2041968260304,608.8060571957977,914.4573145441301
783,1,617.7166511280768,919.1709827803626,608.744894885284,914.6763095487804
784,1,617.784197013921,919.1356173683504,608.686427148866,914.8860262620431
785,1,617.8532734674202,919.0982350217495,608.6264051645775,915.0998306881951
786,1,617.9223616115294,919.0645459264013,608.5729654024201,915.3137946406964
787,1,617.9866145125998,919.0226631577166,608.5251103844193,915.5290344878568
788,1,618.0472295516113,918.9719225437135,608.4871548503414,915.7486278141006
789,1,618.102511423467,918.9212410188676,608.4565389991205,915.9770170034874
790,1,618.1471022268248,918.8781450542112,608.4304566316777,916.2142547417625
791,1,618.1806101385396,918.8402741220735,608.4094316394753,916.4494078469401
792,1,618.211344107521,918.8031170941898,608.3929046947761,916.683895775648
793,1,618.2388022958371,918.7687648857639,608.3789384102254,916.9202778147838
794,1,618.2607969141202,918.7298135918602,608.3720669765224,917.1578517380136
795,1,618.285718981664,918.6889223792715,608.3607131224643,917.3923572226123
796,1,618.3094299638658,918.654013788625,608.3474761134602,917.6268317462425
797,1,618.3317416445028,918.6230508665526,608.3392457723542,917.8508804810982
798,1,618.3519907186188,918.5940713429744,608.3334306201551,918.0701911254533
799,1,618.36198878182,918.5647240577465,608.3330678635722,918.2920078600696
800,1,618.3696056961976,918.533090476537,608.3330484699645,918.5098545718271
801,1,618.3782972730638,918.5002193080104,608.3343294404507,918.7278999251214
802,1,618.3801890064681,918.467957927605,608.3349078622994,918.9474839130748
803,1,618.3715643793632,918.4429112364068,608.3446362699509,919.1723673381521
804,1,618.3485127600284,918.4207387986404,608.363770594727,919.3916573902623
805,1,618.325526709877,918.4020044221844,608.391031634613,919.6093312232229
806,1,618.2997995030613,918.3817387197986,608.4164095683174,919.8287409473497
807,1,618.282144084857,918.3563454284523,608.4386001089805,920.0522615323936
808,1,618.2580217616639,918.3236700195328,608.4602326147543,920.2827278157278
809,1,618.23557750613,918.2952470609266,608.4887876988823,920.5041783255009
810,1,618.2186840292708,918.2650683611195,608.5049477794427,920.7296533760224
811,1,618.1946842325765,918.2322527182771,608.5339418395712,920.9484632507188
812,1,618.1687643193304,918.2044069974728,608.5636090745069,921.1587778058106
813,1,618.1413237810674,918.1754264517896,608.5956988154982,921.3626772889645
814,1,618.1055003224587,918.148617644784,608.6363821896329,921.5642536254076
815,1,618.0636046552223,918.1160738302241,608.6778057812625,921.7658712835757
816,1,618.0115321622941,918.0940823390528,608.7314254875831,921.9670064792601
817,1,617.9514562631247,918.0784822110345,608.7921014420767,922.1659350916025
818,1,617.8868728701495,918.0588305538801,608.8536505172322,922.3598867098552
819,1,617.8183542461202,918.0408490135989,608.9144253923787,922.55267561809
820,1,617.7502569234398,918.0196716641083,608.9708978348489,922.7432453928009
821,1,617.6897915810332,917.9901431895257,609.0271401815462,922.9391389737641
822,1,617.616563930535,917.9616319858993,609.0925464272539,923.132793198657
823,1,617.551386485598,917.9337459101652,609.148932217451,923.3216761930598
824,1,617.4735046575449,917.9100237320234,609.219818940597,923.5032746997354
825,1,617.4028550621442,917.8843408081813,609.2828749930832,923.6832394988579
826,1,617.3319111003179,917.8610465631634,609.3437986841824,923.8657217258362
827,1,617.2542731291404,917.8458594139261,609.4060111389981,924.0403345249509
828,1,617.1829431706979,917.8341704904796,609.4720127732928,924.2093501164036
829,1,617.1059399661854,917.8218339168359,609.5335686765134,924.3720886432237
830,1,617.030547499853,917.8143049521136,609.6038330084077,924.5316980041056
831,1,616.9595166516394,917.7998633855973,609.6740529777909,924.6878225204692
832,1,616.8885737120139,917.7986087264644,609.7521944870457,924.8413400360616
833,1,616.816954401078,917.7938797026162,609.8341184132217,924.9976887838264
834,1,616.7436005068223,917.7896602559539,609.9233481383102,925.1480006755812
835,1,616.6671389669183,917.7920358226868,610.0136720601857,925.2955470413369
836,1,616.5855379006778,917.7935067586442,610.1006130783446,925.4408715893888
837,1,616.4956061189906,917.7999685080139,610.187315655295,925.5851403986564
838,1,616.4112164652377,917.8043363732031,610.2664025379266,925.7286712785512
839,1,616.3195491529472,917.813748147867,610.3420296968266,925.8702075364153
840,1,616.2266276120748,917.8299944187798,610.4236815854733,926.0066808441494
841,1,616.1296704681567,917.8488176586382,610.5121924069576,926.1495049865799
842,1,616.0307546145935,917.8726772024622,610.597023930291,926.2898635810445
843,1,615.9325920203826,917.8998490642687,610.6831919365119,926.4202164605058
844,1,615.8439712616298,917.9249424676756,610.7724993587698,926.5481179009828
845,1,615.7551566054034,917.9567897894913,610.862311704607,926.6804368853481
846,1,615.670697516993,917.9906782187438,610.9515081733308,926.8138234433961
847,1,615.580483076117,918.0320906559031,611.0392143192186,926.9523526678738
848,1,615.4817021332675,918.0700111212569,611.1251601778454,927.0905626095013
849,1,615.3887835701224,918.1049744947037,611.2187737842638,927.2341376745601
850,1,615.2996514663779,918.1364371341953,611.3205195375609,927.3779519120486
851,1,615.2079264805225,918.178673688476,611.4312313379932,927.5249263540989
852,1,615.1116891721346,918.2320361319315,611.5441591954456,927.6689214239003
853,1,615.0111733500452,918.295459641564,611.6632048401592,927.8044003147463
854,1,614.9090172743105,918.3681801193436,611.779345393405,927.9294856533497
855,1,614.8105063036845,918.4366903839825,611.8964438676691,928.0508937078703
856,1,614.7124266460152,918.5096542836411,612.0175608019714,928.1634809930713
857,1,614.6108803215831,918.585191657347,612.1428286313007,928.275397643724
858,1,614.5078060614197,918.6628845854077,612.259864159726,928.3890031073176
859,1,614.4060477104035,918.7317546583097,612.3761074707832,928.5148313925494
860,1,614.3035756620538,918.8047209371977,612.4916800806328,928.637236539975
861,1,614.2011212918693,918.8873106494141,612.6099360317652,928.762506562561
862,1,614.0985093368978,918.9699192021033,612.7296484366392,928.8819514962499
863,1,613.9991680050965,919.0535102756888,612.8464846279641,929.0030951075673
864,1,613.9078343748214,919.1400315787356,612.9618155116341,929.1297323864846
865,1,613.81362844227,919.221944679546,613.0711548122215,929.2461054112601
866,1,613.7099529387999,919.3158138501565,613.1747778390633,929.353547530431
867,1,613.6003561795075,919.4134718848512,613.2801734392617,929.4635871623741
868,1,613.4949327971952,919.515513880141,613.3920626209565,929.5739563992387
869,1,613.3843159168675,919.6238559876688,613.5102262752339,929.6788389819619
870,1,613.2785772966977,919.7406849305064,613.6260971782988,929.778841464585
871,1,613.1772757702988,919.8685641294815,613.7359388575875,929.8724007634961
872,1,613.0782244785341,919.9965767198212,613.8451601169065,929.9621774429302
873,1,612.9758919896669,920.1233063733569,613.9530184484638,930.0570715852272
874,1,612.8706315568649,920.2354609116882,614.0694570217967,930.1520410353697
875,1,612.7594537665761,920.3462679314231,614.1814068421942,930.2409329582755
876,1,612.6457679954742,920.4558169808247,614.2941630329273,930.3218334291645
877,1,612.5299416314799,920.5637987224665,614.4119011224011,930.3914230898379
878,1,612.4183800729428,920.6771819095769,614.5264874567871,930.457164734524
879,1,612.311909466005,920.7940740714391,614.6370110659354,930.5234447794456
880,1,612.2052358840601,920.913562507645,614.7464385927026,930.5887189893639
881,1,612.0922790457901,921.0296725448223,614.8561574769398,930.6552066453646
882,1,611.987937943838,921.1429680288546,614.9656694496733,930.7168538152691
883,1,611.8834620499259,921.2618783064677,615.0791028654162,930.775224076828
884,1,611.786418764573,921.3840087360345,615.1953989421066,930.8283832453185
885,1,611.687675833242,921.5042929311535,615.3066511856969,930.883966954691
886,1,611.5839950929449,921.6218363295908,615.4153546977236,930.9351915995795
887,1,611.4854831207663,921.7415263022655,615.5213052324373,930.9729771011248
888,1,611.3921916397817,921.8625971946599,615.6260005105847,930.9959411601968
889,1,611.3070646740312,921.9921786577063,615.7294320895318,931.0179284104871
890,1,611.2209538864735,922.1234189507063,615.8304971648798,931.0368330713502
891,1,611.1331391408469,922.2505839134859,615.9247004470689,931.0539093067255
892,1,611.0457365146914,922.3872022360389,616.0168965144175,931.0686738569784
893,1,610.9608161259335,922.5247491883207,616.1038622510043,931.0872972882768
894,1,610.8725413281093,922.6608920775953,616.1898523644123,931.1085580355334
895,1,610.7852055639102,922.801767206573,616.273617159989,931.1323810578767
896,1,610.6968972854983,922.9429836861564,616.3512829855815,931.161984686778
897,1,610.608799754484,923.0836484620831,616.4297923273285,931.1848767625114
898,1,610.5149291593111,923.2197734826983,616.512799988425,931.2026534815222
899,1,610.4203416766645,923.3543690536562,616.5999809372049,931.2099090843654
900,1,610.3212291363245,923.4907070722434,616.6774876606221,931.2089209718729
901,1,610.2227483030517,923.6247865632038,616.753726945458,931.2076208587807
902,1,610.1237084064603,923.7608595372446,616.8354427150899,931.2031215075381
903,1,610.0232313879943,923.8911758558992,616.913539851498,931.1851870461444
904,1,609.9241772272723,924.0291103359219,616.985550764751,931.17197958119
905,1,609.8342688271828,924.1797426013956,617.049766189473,931.1497348860385
906,1,609.7480255963271,924.3323765312144,617.1082379736265,931.1215086739935
907,1,609.6630783562092,924.4874466235378,617.1653445187964,931.0957961481262
908,1,609.5730686125227,924.643476696756,617.2284685814398,931.0644184820978
909,1,609.4798337436521,924.7917675027896,617.2972610032592,931.0294821430584
910,1,609.3868880385393,924.9400845296447,617.360591473874,930.9952326451898
911,1,609.2904882034748,925.088318675878,617.4259880503512,930.9657865009044
912,1,609.1960121988433,925.2388388581796,617.4868183182462,930.9326026769594
913,1,609.1058298268124,925.391372482346,617.5399804356932,930.9011481638416
914,1,609.0203721335666,925.5447260544323,617.5824707028482,930.869476569994
915,1,608.9461146902082,925.6983289941749,617.6171026946719,930.8337226493162
916,1,608.8673214745181,925.8567647921997,617.6439189630981,930.7904963652556
917,1,608.7955943885974,926.0150602228617,617.6634925167051,930.7422378046235
918,1,608.722215351526,926.1706615795467,617.6721403169591,930.6902325867047
919,1,608.6487947227179,926.3259363667253,617.6853157763809,930.6390378443232
920,1,608.5780727929163,926.4903232951468,617.6910843761798,930.5851973809752
921,1,608.5062434161223,926.6495780063337,617.7040945712772,930.5299084625598
922,1,608.4248816249963,926.8052204242551,617.7134269576608,930.4763394598762
923,1,608.341681330937,926.9563949420445,617.720900225899,930.4217795820051
924,1,608.2607494822157,927.1144263568685,617.7165624740177,930.3702569262999
925,1,608.1736931999112,927.2701535358348,617.7122218128897,930.3278644253899
926,1,608.0879043053491,927.4279104115543,617.6992368491766,930.2828336343053
927,1,607.9933966415011,927.5846389504662,617.6844241101562,930.2397117519828
928,1,607.9045192966144,927.7429703535583,617.6722193760613,930.1943956995273
929,1,607.8232920723005,927.9014862389124,617.6517869775836,930.146860526216
930,1,607.7440942299771,928.0580647997872,617.6316465003765,930.0947004740237
931,1,607.6747394490055,928.2141331998903,617.6055368955061,930.048849825022
932,1,607.6147927562369,928.374993368506,617.5738100504855,930.0031019195277
933,1,607.563252743693,928.5384198520005,617.5256031245875,929.9551972231739
934,1,607.5071075423109,928.7039405952611,617.4748279455426,929.9088115507938
935,1,607.4565710151338,928.8678006163589,617.4100830038046,929.8626604385954
936,1,607.4137847942138,929.0341236745189,617.3424014573976,929.8043041857158
937,1,607.3496972834781,929.1964153056667,617.28958530364,929.7398671727982
938,1,607.2802905681375,929.3623361529558,617.2429878589669,929.6725881472423
939,1,607.2165519786516,929.5364029894473,617.1884620771527,929.6037864298212
940,1,607.1556165153715,929.7090781692164,617.1280226276344,929.5273219224163
941,1,607.1022423071807,929.8760694783015,617.0696789127127,929.4458296319732
942,1,607.0552641577189,930.042728867583,617.0125608102686,929.3582085413822
943,1,607.0066854092993,930.2080775776639,616.9491523352702,929.2700569016198
944,1,606.9596451823949,930.3705628120516,616.8799473060612,929.192048017648
945,1,606.910029318728,930.5329731108566,616.8014575895427,929.1189006009303
946,1,606.8604129790916,930.7031186705618,616.7208798931247,929.0434708997509
947,1,606.8137123112966,930.86702588387,616.6415841320436,928.9662173162392
948,1,606.7626527799987,931.0400551359925,616.5600601958523,928.8877233148543
949,1,606.719921394681,931.2135643365198,616.4713695130141,928.8078412657255
950,1,606.6850976245632,931.3817081323896,616.3736956735112,928.7285714477614
951,1,606.647396187034,931.5464578172603,616.2811928673641,928.6486741119469
952,1,606.6172404276754,931.709599983353,616.1767532268655,928.5673918705382
953,1,606.594875584076,931.8674675358113,616.0637661361675,928.4864073727442
954,1,606.5640504024364,932.0214570299837,615.9409223528303,928.4062964301794
955,1,606.5396083900475,932.1730095110586,615.820813482973,928.3330217497567
956,1,606.5140915828891,932.3195086350979,615.6994866977564,928.2645782308156
957,1,606.493727782018,932.4624550310898,615.5760986917007,928.2002271635514
958,1,606.4755041345595,932.603525280937,615.4553407422659,928.1298599182428
959,1,606.4560975993904,932.7499725157728,615.3367353970222,928.0539797288027
960,1,606.4396754700327,932.897863676585,615.2065527968514,927.9820497443475
961,1,606.4245884557624,933.0411306846707,615.0766092941918,927.9136569160304
962,1,606.4131144817883,933.1787411245393,614.9427376918677,927.8431199488601
963,1,606.3992030032598,933.3147152480955,614.8044277115678,927.7818142244835
964,1,606.3940102613441,933.4539378366305,614.664200447235,927.7174028930748
965,1,606.3912354915874,933.5883313614947,614.5214657769824,927.6545745225038
966,1,606.3929865109686,933.7185442459295,614.3733598771898,927.5958655068134
967,1,606.3899883736401,933.8448465679504,614.2135762641357,927.5370915449081
968,1,606.3923645336655,933.9703655664669,614.055493595717,927.484747341476
969,1,606.3959859778284,934.0935927837934,613.8950515674668,927.4368517748054
970,1,606.4023415353198,934.214309877945,613.7307447462698,927.3850638657949
971,1,606.4035270363161,934.3418189467153,613.5690036017819,927.335114086804
972,1,606.4052951271508,934.4681459025604,613.4144067414854,927.2930478928581
973,1,606.4140843445018,934.5963823297111,613.2603354344908,927.2598847070158
974,1,606.4212423183509,934.7237172032974,613.0997386047591,927.226078955502
975,1,606.431577308033,934.849222401011,612.9356720188285,927.1908171723059
976,1,606.4437780632574,934.9720080514239,612.7718690749715,927.1552673734606
977,1,606.450585061761,935.0902612954131,612.6005920149457,927.1227510307695
978,1,606.4664860337072,935.2029164854634,612.4272535897022,927.0951166818487
979,1,606.4878004770039,935.31888277296,612.2521967437249,927.0743983699294
980,1,606.526090599547,935.4326030667787,612.0652958836646,927.053814804254
981,1,606.5615991213859,935.5414629776482,611.8809420324949,927.0362252713514
982,1,606.5942848157865,935.6494892969993,611.6984041778896,927.0266964653871
983,1,606.6273593512587,935.7533784456558,611.5107537260434,927.0203870009311
984,1,606.6605772852845,935.8545240092906,611.3207622234988,927.013671946332
985,1,606.6873064344039,935.9594589914386,611.1367642469663,927.0031162968793
986,1,606.7136167661796,936.0549357840257,610.9568940764278,926.9876792477171
987,1,606.7305337692858,936.1427423562536,610.7683326764117,926.9787350582835
988,1,606.7468811831277,936.2256789529516,610.5912095314444,926.9664482506481
989,1,606.7673115523767,936.3133822667662,610.4112222411468,926.9552375626333
990,1,606.7888600283276,936.3988463323774,610.230618824259,926.947939831783
991,1,606.8146465836161,936.4822233826019,610.0457854939464,926.945025086737
992,1,606.8365463667113,936.5628656918815,609.8579719583615,926.9542703551111
993,1,606.8615381663274,936.6361918893849,609.6641462241845,926.9660859151655
994,1,606.8913424008155,936.704612104102,609.4706511822104,926.9852910133691
995,1,606.9203424736821,936.7712648055916,609.280448131366,927.0130709537478
996,1,606.9512938752016,936.8322934168364,609.0857626445026,927.0446635965048
997,1,606.9824311532908,936.8930753563014,608.8973687832179,927.0795076289231
998,1,607.0112556403329,936.9561006001873,608.7138725559093,927.1062091665708
999,1,607.0397680320511,937.0232340727089,608.5255654174655,927.1414251119228
1000,1,607.0651436188496,937.098853871518,608.3362951864946,927.1719296470715
1001,1,607.0917945373805,937.1704978694565,608.1445685111953,927.2086715031439
1002,1,607.1204826039303,937.2446018833549,607.9520459660238,927.2473820123975
1003,1,607.1533470679477,937.3122226630483,607.759834693583,927.2885055454847
1004,1,607.18421751974,937.3732320366292,607.5640297041192,927.3356444408929
1005,1,607.2196659663384,937.4260612945624,607.3615567463961,927.3855618062624
1006,1,607.2457532148384,937.4625653726428,607.146798449466,927.4389598713725
1007,1,607.2682078558934,937.4970909556333,606.9452133570226,927.5004493042427
1008,1,607.2878077401028,937.5321899203803,606.745982092013,927.5674907089996
1009,1,607.3102477738339,937.5731283661758,606.5508425631779,927.629728796447
1010,1,607.333580295926,937.6194209437795,606.3618019481761,927.6956538284926
1011,1,607.3506150536225,937.6620338833293,606.1778221075075,927.76170060823
1012,1,607.3752977611637,937.7072057065975,605.9999865505036,927.8350567062979
1013,1,607.4011748879533,937.75388474116,605.813727807737,927.9011722932071
1014,1,607.423205950919,937.7917826101524,605.6301875987552,927.9683299335848
1015,1,607.4551313562248,937.82873976594,605.4479524158354,928.0397633552532
1016,1,607.4888005301568,937.8698837300326,605.2615408618838,928.1168952922176
1017,1,607.5189949036597,937.9061947287706,605.0797902014993,928.1972085485112
1018,1,607.5522779229954,937.9484351986792,604.8867522899009,928.2809915871471
1019,1,607.5852482026546,937.9903566150527,604.6838292075976,928.3700552370284
1020,1,607.6126621418088,938.0292675258369,604.478006295827,928.4608655988173
1021,1,607.6397817422325,938.0624957674082,604.2711695604679,928.558484077257
1022,1,607.6657457897902,938.0889616016806,604.0707812054532,928.6637668147589
1023,1,607.6840598152115,938.107210904462,603.8802452196444,928.7765512448112
1024,1,607.7008650295817,938.115568295584,603.6941652566393,928.8899149407393
1025,1,607.7128327833632,938.1134764099846,603.516123492748,929.0003245067616
1026,1,607.7209602741335,938.1025866815218,603.3415492173418,929.1020212052119
1027,1,607.7335207937032,938.0857676988284,603.1793264891274,929.2081716092555
1028,1,607.7463878105817,938.0794769237635,603.0036188882477,929.3054198518882
1029,1,607.7687768607506,938.0769769919125,602.8276580064165,929.4019427223383
1030,1,607.7901735588791,938.0719445920863,602.650407814924,929.5091310777977
1031,1,607.8131512361289,938.0691607706651,602.4811302482494,929.6215379790184
1032,1,607.8341828423181,938.0760820663576,602.3142126047031,929.7360138591373
1033,1,607.8540943942545,938.0817438288753,602.1466121183327,929.8393210112093
1034,1,607.8710951835899,938.0790504507368,601.9766280386433,929.9418047887441
1035,1,607.8900837641975,938.0709135136032,601.8171277191085,930.0433214157499
1036,1,607.9086569284203,938.060920449278,601.6579283911884,930.155592361941
1037,1,607.9238101753832,938.0438500372018,601.5035218407712,930.2770356128834
1038,1,607.9371394966138,938.0275944287627,601.35795551871,930.4016746724395
1039,1,607.9497258053622,938.0033989931104,601.2176124388994,930.5272556606523
1040,1,607.9543873905025,937.9813149245358,601.084207899535,930.6636489838643
1041,1,607.9564741274198,937.9567157277025,600.9599328907193,930.797251333665
1042,1,607.951827276449,937.9285402753471,600.8351112658722,930.9298495488313
1043,1,607.9577899635586,937.9064681181321,600.7053835441236,931.0548345422475
1044,1,607.9628324756682,937.885940998057,600.574010139241,931.1722455668231
1045,1,607.9651414046945,937.8649875025677,600.4510401990303,931.2892529399293
1046,1,607.9573045321383,937.8479813935577,600.3259886436015,931.4012714047583
1047,1,607.9519559937992,937.8342991624221,600.1993776577038,931.5178232921346
1048,1,607.9372183786174,937.8124365484084,600.0793534534918,931.6416816487593
1049,1,607.933786993015,937.7831740064785,599.9474633137911,931.7624300163081
1050,1,607.9243292562181,937.7574248287402,599.8211774179823,931.8939570363083
1051,1,607.9087936861688,937.7385716459064,599.6986640746524,932.0327061847078
1052,1,607.8937545546477,937.7175381844211,599.5710629120252,932.165765175442
1053,1,607.8804106960478,937.6948535623397,599.4436231104879,932.3074897462441
1054,1,607.8631347432491,937.6769465562774,599.325971431357,932.4504608095162
1055,1,607.8496270242371,937.6531334637841,599.2063097147197,932.5994983072177
1056,1,607.8365400095095,937.6343913160312,599.087816031516,932.7577856431728
1057,1,607.8196842855222,937.6167223808425,598.9612244363533,932.9154455555774
1058,1,607.796555143321,937.5958966680603,598.8404370230352,933.0779894100456
1059,1,607.7731326649615,937.5778938212754,598.724511016144,933.232969260414
1060,1,607.7421231914426,937.5509718681412,598.6091247418509,933.3855433580367
1061,1,607.7075379809985,937.518112990501,598.5016617495859,933.5425836211263
1062,1,607.670489523265,937.4911991026609,598.3989738558936,933.7045653846253
1063,1,607.6355713151225,937.464857114676,598.2914139008924,933.8697088031154
1064,1,607.6021545619748,937.4378986831229,598.1818059971637,934.0296912594827
1065,1,607.5668416915533,937.4110673807094,598.0758369210619,934.1871242113542
1066,1,607.5367249550463,937.3844893989298,597.9751253477989,934.3460154480573
1067,1,607.5059283991638,937.3499034811831,597.8801545394294,934.5121833313311
1068,1,607.4781176886595,937.3146035670749,597.7867695163098,934.6772445273544
1069,1,607.4508695024942,937.2719951598293,597.6978380401279,934.8496515006922
1070,1,607.4232517389501,937.2285516968516,597.6154552718467,935.0137803801532
1071,1,607.3884551558539,937.1814512416246,597.5375743013416,935.1817415723634
1072,1,607.3455208976679,937.1350023484056,597.4701425099048,935.356887450938
1073,1,607.2980524254602,937.0825136504641,597.4110653001054,935.5347905945293
1074,1,607.2439508584182,937.0285999737993,597.3522251837882,935.7189551014616
1075,1,607.2028394822886,936.9737561889369,597.278120642735,935.9084133661036
1076,1,607.1530926788255,936.9236881888755,597.2100451032759,936.0938446638792
1077,1,607.1072369338176,936.8761762011552,597.1404139948608,936.2769275095629
1078,1,607.05165537048,936.8233542607837,597.0741494846127,936.463666049312
1079,1,606.9975265981545,936.7690130308201,597.0110779702054,936.648982540948
1080,1,606.950362011711,936.7120279704864,596.9491134699657,936.8263654687304
1081,1,606.89655535237,936.6527506925529,596.89296647906,937.0046984181618
1082,1,606.8430432134611,936.6018403510295,596.844244036085,937.1767010080997
1083,1,606.7853834207862,936.5452432547274,596.7951299718567,937.3486895487491
1084,1,606.718054842781,936.4788556405241,596.7582927745731,937.5183208924195
1085,1,606.6481195178258,936.4106301071915,596.716068815703,937.6943491116887
1086,1,606.5788926323057,936.3476682699412,596.6723846188819,937.8757341277689
1087,1,606.5076668923474,936.2890402377868,596.6253793279407,938.0494350862555
1088,1,606.4319750851421,936.2235957423419,596.5777924212256,938.224369811627
1089,1,606.3506797508782,936.155654184435,596.5352225032533,938.4018667986884
1090,1,606.2565632860523,936.0801376992196,596.5005958442742,938.5838163976066
1091,1,606.1580899173817,935.9996209332642,596.4650295378042,938.7722931286022
1092,1,606.0540299171836,935.9171568460534,596.4377878779492,938.9613805174497
1093,1,605.9455375144056,935.8388801461531,596.4239257328974,939.1436872300815
1094,1,605.8310070743086,935.7674721612885,596.4163969475827,939.3325195079935
1095,1,605.7081525903046,935.6972759976076,596.415616708637,939.5157826551135
1096,1,605.5923003883437,935.6255025989404,596.4224677171943,939.698683447596
1097,1,605.4773850311557,935.5531154651783,596.4324537015218,939.8772969871403
1098,1,605.3624013919723,935.486432725021,596.446055071459,940.0590718698627
1099,1,605.2483500918108,935.4198118696517,596.4628483530115,940.242195639123
1100,1,605.1306008875702,935.3560868790748,596.4807537488841,940.4146951129121
1101,1,605.012233848982,935.2967225774297,596.5042220582201,940.5856565671229
1102,1,604.8936830473848,935.2388985054794,596.5349751240096,940.7565205022632
1103,1,604.7728669360921,935.1863524147279,596.5700535627691,940.9242779899407
1104,1,604.6517188700726,935.1322433907166,596.6092860017192,941.0941774001699
1105,1,604.5255012789147,935.0767332455304,596.6433636437157,941.2689818592413
1106,1,604.3997360537207,935.0189988084898,596.6791682677825,941.4416272229838
1107,1,604.2752073974436,934.9698631893061,596.720195607015,941.6103523109857
1108,1,604.1486332776173,934.9252677247736,596.7666415840482,941.7626508560346
1109,1,604.0147084490205,934.8847187062458,596.8194812380741,941.9093305550742
1110,1,603.8703749651912,934.8486399783986,596.8804160490077,942.0505395224742
1111,1,603.716011489869,934.8193822467806,596.9416179229551,942.1898849236649
1112,1,603.5620103316221,934.7928891493331,597.0009477733032,942.3329023862825
1113,1,603.4063710694203,934.7673325662697,597.0619057476013,942.4795370560566
1114,1,603.2534350889949,934.7386496886509,597.1164750247963,942.6240456627896
1115,1,603.0970302171232,934.704206327234,597.1787108876098,942.7625119197982
1116,1,602.9398937310835,934.6699491752191,597.2492708963963,942.9060619019161
1117,1,602.7858183775645,934.6461135635639,597.3244611709016,943.0559680078441
1118,1,602.6293921099007,934.6262225652508,597.4013973433406,943.2066420638416
1119,1,602.4712285081148,934.6044156008301,597.4839334792954,943.3482569557565
1120,1,602.3168291971874,934.5897609334743,597.5698048532187,943.4778942972223
1121,1,602.1616568120354,934.5904393514713,597.6610478425728,943.6027446331773
1122,1,602.0067273657218,934.5940110440696,597.761353826467,943.7144264336544
1123,1,601.852672388884,934.602178866547,597.8624677406499,943.8227039934054
1124,1,601.6978097532967,934.60844965604,597.9665375302765,943.9258812035757
1125,1,601.5455164979302,934.6190390105237,598.0688283890408,944.0258263648589
1126,1,601.3858431166766,934.6385579933012,598.1686128422583,944.1246515601202
1127,1,601.223963750149,934.6606502143783,598.2709924685455,944.2226603528942
1128,1,601.0595866621644,934.679074901606,598.3708993889619,944.319859675798
1129,1,600.8985693586714,934.7044564923391,598.4779635074361,944.4247948981371
1130,1,600.739645649172,934.7328217538646,598.5903075560324,944.5250504382793
1131,1,600.5861233896028,934.767098123133,598.6958371650592,944.6226325434279
1132,1,600.4276717791993,934.8053454712937,598.799276965223,944.7159806622383
1133,1,600.2665695840062,934.8512848054961,598.9027564592162,944.8056790628989
1134,1,600.1097390330136,934.9015541979057,599.0075323619092,944.8913220949232
1135,1,599.9545640120183,934.9562042390472,599.1111092890843,944.970475348274
1136,1,599.7985015140864,935.016592339933,599.2212573730594,945.0469444539712
1137,1,599.64848613427,935.0861230148126,599.339648656235,945.1174280072769
1138,1,599.5053601259207,935.1590644871536,599.4598608430184,945.1827460039422
1139,1,599.3589093167619,935.2321893688276,599.5788896312347,945.2468479076053
1140,1,599.2079643802238,935.3089001900202,599.6875529118076,945.306298660362
1141,1,599.053630564877,935.3859465821324,599.7960387465855,945.3658765045669
1142,1,598.9078718381832,935.4637277712318,599.9083230523817,945.4176929034713
1143,1,598.7668126092327,935.541020552346,600.0224705838688,945.465698291534
1144,1,598.6273765389604,935.6120559878483,600.1414564035953,945.5168621185101
1145,1,598.482989990106,935.6922702686101,600.2637958664673,945.5646085200599
1146,1,598.3400318963115,935.7789547214879,600.3876163596065,945.6101907532538
1147,1,598.1989752522089,935.8783333428364,600.5058543013615,945.6534708270876
1148,1,598.0609176867188,935.9843284621618,600.6230611657838,945.6915698228343
1149,1,597.9273792037505,936.095163487404,600.7379283573258,945.7292752646739
1150,1,597.794171582965,936.2089231430587,600.8616592715998,945.7582322830352
1151,1,597.6630543758599,936.3322159960233,600.9842877050933,945.7823018671303
1152,1,597.5308643288307,936.4617639183415,601.1028980599525,945.8072194336004
1153,1,597.3957461541468,936.5913566103779,601.2284375501803,945.8389931592404
1154,1,597.2610677511248,936.7276869223549,601.3460086916112,945.8720378637883
1155,1,597.1187297737447,936.868812737189,601.4659117792994,945.8994270727642
1156,1,596.9700925757958,937.0025310019051,601.5886976216646,945.9274491401325
1157,1,596.8245971690612,937.142680748299,601.7176589847405,945.9509158071775
1158,1,596.6821800768519,937.2889948785513,601.840730096597,945.967575183419
1159,1,596.5454562611179,937.4442532784244,601.9554165987578,945.9860041761308
1160,1,596.4149779162715,937.6103787195434,602.0700552740878,945.9989468225664
1161,1,596.2896000478629,937.7808800950072,602.1808032035958,946.0032032117925
1162,1,596.1719948373303,937.9564932024347,602.2772980205312,945.9953890266111
1163,1,596.0590527852371,938.1286301794502,602.3687069331423,945.9754382578593
1164,1,595.9420033953801,938.3063314763135,602.4537598572465,945.9577950868014
1165,1,595.8284345866682,938.4880236257922,602.5434743945506,945.9304534733476
1166,1,595.7108323974697,938.6713431525662,602.6327024875596,945.9026192988242
1167,1,595.5943005813112,938.8521374288016,602.7198302746485,945.8734681812724
1168,1,595.47661457631,939.0275627155893,602.8053737875957,945.8422854149512
1169,1,595.3638790120951,939.2033299695191,602.8915259663415,945.811336181576
1170,1,595.2579091022316,939.3840980920123,602.9756809966735,945.7767188647508
1171,1,595.1560691430634,939.5707532529728,603.0630905341155,945.7399455325216
1172,1,595.0662544674475,939.7564733799671,603.1495212371614,945.6938112446072
1173,1,594.9831308459335,939.9469038020844,603.2343936230545,945.6521214190129
1174,1,594.9005460165712,940.1257983751949,603.3191887475936,945.6111412008122
1175,1,594.813150437316,940.3096789615017,603.40208267005,945.570424819731
1176,1,594.731018376121,940.4974794910071,603.476980710926,945.5293791210427
1177,1,594.6563173512938,940.6902797203519,603.5439101446178,945.4791275692703
1178,1,594.5896525536256,940.8911233147052,603.5976193847835,945.432418667494
1179,1,594.5281734449239,941.0965574725462,603.6446579018135,945.3879354541876
1180,1,594.4790366203263,941.3116128310164,603.6914075760101,945.3398161520936
1181,1,594.4234842347635,941.5225480785757,603.7422883246147,945.2796371626459
1182,1,594.3689064550175,941.7277145564063,603.7896720906454,945.2189436566748
1183,1,594.3185074352572,941.9302669512773,603.8357976662244,945.1529275688036
1184,1,594.2767143670768,942.1321991200015,603.8825761423682,945.0859181095852
1185,1,594.2378771207124,942.3329469270265,603.92571451103,945.0112838969025
1186,1,594.2045030785763,942.5323119351391,603.9668438399262,944.9390857873628
1187,1,594.1803750413397,942.7336909122138,604.0088750718648,944.8663126404484
1188,1,594.1649577414867,942.934439586311,604.0379501781679,944.7971503786052
1189,1,594.1587145717143,943.1310876809272,604.05558919406,944.725828615201
1190,1,594.1563334952675,943.3263896657733,604.0620394610507,944.6502968954937
1191,1,594.1503144366683,943.5226745066865,604.0688426996644,944.5713991224206
1192,1,594.1402009660529,943.7197378291118,604.0886790714846,944.4919335314822
1193,1,594.1349822830144,943.9141898967034,604.1088772990861,944.413895573002
1194,1,594.1374285145774,944.1085969633438,604.1287534403207,944.333156686129
1195,1,594.1426503281209,944.3025782590106,604.1506064840876,944.2496622546518
1196,1,594.1496135376858,944.4999754818318,604.1721464988863,944.1754713569679
1197,1,594.1612060278416,944.695391382819,604.1903739204292,944.0982317311862
1198,1,594.1745772667333,944.88422269602,604.2015247734764,944.0173964981184
1199,1,594.1947575810839,945.074453281168,604.2039887546994,943.9289656989436
1200,1,594.2275404033707,945.2669397399981,604.2016070633459,943.8453932734819
1201,1,594.2607416600149,945.4517923249689,604.1906547361726,943.7681040495756
1202,1,594.3002590406727,945.6335706064991,604.1702734075664,943.6933854644822
1203,1,594.3512275965728,945.8099842876746,604.1474615770069,943.6215917811105
1204,1,594.4052753875245,945.9854251789794,604.1208617528627,943.5439854329036
1205,1,594.4695766050522,946.1571298417338,604.0957233345805,943.4671951178818
1206,1,594.5339128929203,946.3282760784216,604.0700967536139,943.3817746750362
1207,1,594.5859144783427,946.4975382097236,604.0601164818441,943.2962412214645
1208,1,594.6398840326183,946.6584439609335,604.0438953891115,943.2112056402784
1209,1,594.6899709824097,946.8309406022505,604.0157631198583,943.1229635045412
1210,1,594.7406357486068,947.0017633245759,603.9906980401211,943.026383063223
1211,1,594.7946406496367,947.1777613194628,603.9526166160568,942.9291497757371
1212,1,594.857810740387,947.3464396212271,603.9099036496166,942.8419057539937
1213,1,594.9288272072254,947.5089029856175,603.8578924748653,942.7603673381176
1214,1,595.0056664862011,947.6537029416118,603.8033056610589,942.6844408356245
1215,1,595.0950575998136,947.7961192250909,603.7440175621367,942.6243573076505
1216,1,595.1890328038087,947.9458115557691,603.686126970072,942.5692150879943
1217,1,595.2953391663088,948.093017929008,603.6202838157009,942.5207173459853
1218,1,595.4059575162172,948.2391460670361,603.5541289864819,942.4732735319978
1219,1,595.5121521107711,948.4008143912132,603.5008309679941,942.4220212309262
1220,1,595.6174737463934,948.562891161593,603.4492799526663,942.3640148334248
1221,1,595.732026737546,948.7148164907439,603.3862535582294,942.3159521560023
1222,1,595.8373073151797,948.8651931396046,603.3314744381772,942.2632708612679
1223,1,595.9439645939264,949.0123957047539,603.2753332444474,942.2094514123432
1224,1,596.0607951425166,949.1512474576357,603.2052666191898,942.158212365831
1225,1,596.1826876145545,949.2872790425708,603.1374594414378,942.1151303892939
1226,1,596.2999776410264,949.4141342497467,603.0719477616581,942.0723481455187
1227,1,596.4109390277893,949.5361180380239,603.0007154670766,942.027190814425
1228,1,596.5272117978301,949.6567022627572,602.9211458702698,941.9747300893886
1229,1,596.6414196581577,949.7766498791558,602.8363777666104,941.922834266231
1230,1,596.7621556980381,949.8972982197988,602.7503715836739,941.8705223391922
1231,1,596.8842332821397,950.0187509305653,602.6630063055178,941.8197796766377
1232,1,597.007123130456,950.1407067465309,602.580275523796,941.7695185680856
1233,1,597.1322099256507,950.2692289602248,602.4860443608944,941.723373045346
1234,1,597.2677835249257,950.3869413265677,602.3821663960356,941.6898612548823
1235,1,597.4040331465446,950.4935521924681,602.2702537733256,941.6685125671721
1236,1,597.5471178974791,950.5897424332045,602.1514789746451,941.6523503477691
1237,1,597.6922095881828,950.6746364369974,602.0225274795099,941.636365548825
1238,1,597.8308284288676,950.7516549623787,601.8929912384792,941.6249941187016
1239,1,597.9690842275347,950.8252539785395,601.7579220221758,941.6122963618093
1240,1,598.119092844894,950.9141188358519,601.6344161722944,941.5934493162493
1241,1,598.2632982904079,951.0060232489936,601.5054782728671,941.5664401583801
1242,1,598.4178833922266,951.084311415702,601.3727220598845,941.5488178446427
1243,1,598.575401893156,951.1582065687197,601.2358812807829,941.5286472432613
1244,1,598.7384247519146,951.2285356377945,601.0969242155146,941.5125559405068
1245,1,598.9074213244392,951.3021268479606,600.9548170335526,941.4980109392445
1246,1,599.0796363277844,951.3726473859534,600.8176038830536,941.483496665338
1247,1,599.2537979276583,951.438611449513,600.6818565987526,941.4792639495739
1248,1,599.4277947218823,951.5001126771558,600.5527068092415,941.4880924970957
1249,1,599.5966965283893,951.5501887111176,600.4257212930861,941.5038775858714
1250,1,599.7728394809659,951.594877136031,600.2960116355429,941.5280163078784
1251,1,599.9506276572481,951.6391291439154,600.1637440219951,941.5569806112063
1252,1,600.1190684384868,951.6747715189429,600.0350933740721,941.5917750726948
1253,1,600.2856699031006,951.6990056076361,599.9056137273487,941.6366527486844
1254,1,600.4545472256634,951.718991344349,599.7797832285332,941.6849991950199
1255,1,600.6205313453637,951.7376679755588,599.6595306689065,941.7435927245788
1256,1,600.7953238135044,951.7512911622857,599.5404833429238,941.8043179858108
1257,1,600.9750528381402,951.7611824213842,599.4227478332128,941.8634885802114
1258,1,601.1655250445313,951.7682175605615,599.3031849273065,941.9241485622114
1259,1,601.3580376087577,951.779676211473,599.1843689833682,941.9838991742621
1260,1,601.5569031938662,951.7797899796203,599.070821830263,942.0470457447209
1261,1,601.7549672255436,951.7865380093505,598.9591054302155,942.1109328699106
1262,1,601.9462075905953,951.7891410549105,598.8533957917371,942.182757824313
1263,1,602.1333081740302,951.7863429952077,598.7500476807239,942.2657279858308
1264,1,602.3113236223238,951.7770054094385,598.6516073589871,942.3662251838307
1265,1,602.4871337426733,951.7555539068549,598.561127625764,942.4743277521704
1266,1,602.6646045491563,951.720761920619,598.4702783935206,942.591562205682
1267,1,602.8436452403557,951.6812343679743,598.3789144128301,942.72081488769
1268,1,603.0251160899256,951.6445024966416,598.2836368640059,942.851452639039
1269,1,603.2075491491021,951.6170383703044,598.1847406669184,942.9721376174564
1270,1,603.3883492612621,951.5910242720624,598.0832972419505,943.0969969607477
1271,1,603.5675342610991,951.5669647437543,597.9842851725189,943.22478305052
1272,1,603.7388662261386,951.5366370443919,597.8873587677305,943.351744194381
1273,1,603.9042251273755,951.5039950603187,597.786613540906,943.4810574991847
1274,1,604.0628798344599,951.458284605007,597.6829022770405,943.6138041867799
1275,1,604.2122127846914,951.40145589155,597.5848894487091,943.7606170445986
1276,1,604.3487148584464,951.3429617294826,597.4975539984034,943.9223854115586
1277,1,604.4828450360105,951.2718132266937,597.4124656654583,944.0901503919272
1278,1,604.6104589793258,951.1949933239182,597.3233408698031,944.258831325835
1279,1,604.7219295745136,951.1123367273057,597.2357259351461,944.4301859189642
1280,1,604.8282664484382,951.0310061438338,597.1464556899169,944.6037355317229
1281,1,604.9333732666424,950.9416646479114,597.0572333569478,944.7755357709664
1282,1,605.0400815503465,950.8555323346324,596.9716365436092,944.954423434645
1283,1,605.1397324863532,950.7703022767577,596.8820247725688,945.1288561639284
1284,1,605.2402799642678,950.6915688744908,596.7952731204036,945.2986171536962
1285,1,605.3436228655884,950.6143670442709,596.7076707566059,945.4580796399691
1286,1,605.4439927585955,950.534892054954,596.622924093557,945.6101241500787
1287,1,605.5293637322578,950.4493788927525,596.5479881588468,945.7694930317916
1288,1,605.6072802751305,950.3558424187318,596.4831487881611,945.9304562581724
1289,1,605.6757677576896,950.2539632189975,596.4323109287653,946.0916081554096
1290,1,605.7313877293816,950.1474090819216,596.3901748844565,946.2627686858472
1291,1,605.7735193239607,950.0334772018535,596.3666493099587,946.4404110420325
1292,1,605.8090779795141,949.9162632191145,596.3536195453557,946.6183889370333
1293,1,605.8445815679362,949.7981802198375,596.3440488390654,946.7928521553396
1294,1,605.9043245678673,949.6912397621725,596.3183237926801,946.9595841814431
1295,1,605.9660988496188,949.5876304910253,596.2990100516035,947.1235125501302
1296,1,606.0224648460559,949.4792322261239,596.2821025724553,947.2860650076511
1297,1,606.0626436669961,949.3676994741215,596.2702968784616,947.4521520607334
1298,1,606.1057821955224,949.2521649656361,596.257002896474,947.6157507052465
1299,1,606.1425946706701,949.1378699361129,596.2435259671713,947.782739647163
1300,1,606.1727959497626,949.0236875896923,596.224483560959,947.9496186543323
1301,1,606.2064870526549,948.9121204587566,596.2106432388431,948.1143873432433
1302,1,606.2354216615203,948.7951225832352,596.2041696350308,948.2821087218223
1303,1,606.2595740208019,948.6848177940017,596.2090603925755,948.4476750606487
1304,1,606.2762017930635,948.5789042063537,596.2155503632013,948.6100370747566
1305,1,606.2802646486999,948.4728901894327,596.2233911454375,948.7691846992888
1306,1,606.2763161134793,948.3696699477043,596.2400191957279,948.9302394839552
1307,1,606.2602125992714,948.2758109018193,596.2577505666866,949.0937712335211
1308,1,606.244011620437,948.1810458323486,596.2741386200693,949.2572879059443
1309,1,606.2245129667965,948.0928635096569,596.2959231863243,949.421053674851
1310,1,606.2098552956561,947.9914798237596,596.3201593518876,949.5751004156596
1311,1,606.1982683857347,947.8877097738094,596.3483508337004,949.7328868616016
1312,1,606.1861156307638,947.7814077623188,596.3791901069434,949.887154604385
1313,1,606.1727012005829,947.6790058052358,596.4158169851429,950.0395567984665
1314,1,606.1525716561109,947.5782650338074,596.4568519257485,950.1882066407169
1315,1,606.1278559463278,947.4767060294605,596.4993352767838,950.3374918559322
1316,1,606.0987688939656,947.3786153695718,596.5423645084528,950.4813085061386
1317,1,606.0651504942373,947.2839631406143,596.5962016110698,950.6176255520749
1318,1,606.0219984813954,947.1941298012493,596.6585785539477,950.7518261624089
1319,1,605.9874688225257,947.102619664353,596.7255364703736,950.8814170674203
1320,1,605.9477383521515,947.0074678454382,596.7958509020721,951.0070780711557
1321,1,605.9101300314464,946.9097529320745,596.8610135040791,951.1365661075279
1322,1,605.8697587096087,946.8124614725242,596.9246588591185,951.2695747384666
1323,1,605.830959353264,946.720542783303,596.9923718055235,951.4013049320554
1324,1,605.7869692591267,946.6248467417183,597.0589639094462,951.5297441393154
1325,1,605.7420309280872,946.535188212436,597.1272165187852,951.6525956105411
1326,1,605.6986984183809,946.442100306346,597.1948245850485,951.769331958753
1327,1,605.6518613150101,946.3519358406669,597.2641208223179,951.8870814079445
1328,1,605.5987135002322,946.256790991534,597.3367828956572,951.9964609934514
1329,1,605.5471127695083,946.1657101326479,597.4130557800262,952.106563516111
1330,1,605.4774752939958,946.0635534090178,597.4959985749772,952.2174802719495
1331,1,605.3989626992444,945.9673458816742,597.5805022701752,952.3249470951876
1332,1,605.3211015420717,945.8785939751573,597.6601340987869,952.4353588834592
1333,1,605.2326433971542,945.7962972181037,597.7474740370494,952.5442254273453
1334,1,605.1462538412284,945.7220149863114,597.848326680855,952.6369409252912
1335,1,605.0530578217073,945.6536681208153,597.9551280475433,952.7310113578118
1336,1,604.9532755125637,945.5919159876811,598.0599091715728,952.8141563029392
1337,1,604.8610017045152,945.524955162577,598.1656907035103,952.9037047927599
1338,1,604.7712250737537,945.45226344158,598.2600487860436,953.0014854253482
1339,1,604.6855784730226,945.3775396418064,598.355196640369,953.10505384919
1340,1,604.6034069420989,945.3050435102476,598.4485560565604,953.2065981351823
1341,1,604.5174357175816,945.241385021039,598.5488274699729,953.3046330629933
1342,1,604.428187439329,945.184183087431,598.65029638466,953.4020512950306
1343,1,604.3452532594183,945.139390420453,598.7586332980792,953.5012087332697
1344,1,604.2598483880935,945.0989243807809,598.8685995100016,953.5984278746304
1345,1,604.1648547733517,945.0684217741205,598.9814280868802,953.6894616582632
1346,1,604.0640193397401,945.0444345225991,599.0991790881446,953.7813637128913
1347,1,603.957551266736,945.0272299803453,599.2162741327071,953.8652358447084
1348,1,603.8509879473368,945.0169697178839,599.3375527076112,953.9437275093609
1349,1,603.731217173669,945.0137047089735,599.4627020123503,954.0244757264876
1350,1,603.621603485629,944.9935740030462,599.5812966461679,954.1191910913536
1351,1,603.5096255206533,944.9744827326666,599.695849119686,954.2025703532543
1352,1,603.4031060205817,944.9582717956225,599.807149255502,954.283184026044
1353,1,603.2905769187715,944.9489620258389,599.9249744331713,954.3625782741271
1354,1,603.1791943344383,944.9394190045604,600.042445520628,954.4457324158893
1355,1,603.060942574323,944.9261711190002,600.1609940486269,954.529417352486
1356,1,602.9394836650827,944.9178021946491,600.2756634355459,954.608677272759
1357,1,602.8146410907814,944.9216273728612,600.3913290837453,954.6812049704301
1358,1,602.6888595439128,944.9328792207494,600.5097235071344,954.7481644462514
1359,1,602.5571773448714,944.9434302057151,600.6223821989546,954.8148044915645
1360,1,602.4247136468032,944.9584870676583,600.7324742218437,954.8704341299141
1361,1,602.2973744543568,944.9806785747736,600.8490867727397,954.9281229870182
1362,1,602.1747062787053,945.0047025435551,600.9741676754516,954.9829776780454
1363,1,602.0488184704894,945.0373851136429,601.100656458063,955.0318421698489
1364,1,601.920519428328,945.0762001475445,601.2236718767414,955.0757244248591
1365,1,601.7952052112264,945.1180325595494,601.3399180151985,955.1172675621838
1366,1,601.6678477458747,945.1714659001968,601.4548471136766,955.1553528210563
1367,1,601.5467414277142,945.2171173860821,601.5674283022192,955.203317036647
1368,1,601.4288427109783,945.2574893594084,601.6826826157369,955.2587509877094
1369,1,601.3114897158624,945.303463411903,601.7891778660977,955.3000693418495
1370,1,601.1993802671053,945.3466462729876,601.8953759046873,955.3331454592978
1371,1,601.0795099969602,945.3911346451263,602.0022347938743,955.3648939142506
1372,1,600.9635491551064,945.4415478459904,602.1011428312294,955.3927063591719
1373,1,600.8489988045043,945.4856937241299,602.197897489926,955.412821473348
1374,1,600.7379170846517,945.5283736703159,602.292172938168,955.431860002207
1375,1,600.617890900519,945.5805815277303,602.3817417929749,955.4485356653603
1376,1,600.4924607474928,945.6398786326045,602.4716458325659,955.4669016068228
1377,1,600.3739339685434,945.6997921860952,602.5635398021054,955.4813897614378
1378,1,600.2525909355957,945.7652336982921,602.6542516911112,955.4831050395088
1379,1,600.1343565589979,945.836441477876,602.7420934835911,955.4791037977398
1380,1,600.0055216274038,945.906085195295,602.8309046726836,955.477863439039
1381,1,599.8779040052603,945.9644435766083,602.921723675238,955.480781453761
1382,1,599.757811492955,946.0319396094034,603.0093846600505,955.4816180018024
1383,1,599.6373347291641,946.102005769531,603.0901023454894,955.476074962733
1384,1,599.5164597435299,946.1682923655524,603.1754877152785,955.4740374777601
1385,1,599.3950984012953,946.241378396084,603.2572920214592,955.4671767297781
1386,1,599.275987956012,946.3095444223201,603.337276812262,955.4574259573973
1387,1,599.1599854067184,946.3773580758598,603.4164723780384,955.4421412488741
1388,1,599.0433361786571,946.4446162161445,603.493129921624,955.4186195782684
1389,1,598.9225278623917,946.5156684291513,603.5681948164926,955.3954856916527
1390,1,598.7950737788079,946.5860951674713,603.642834792152,955.3703322340834
1391,1,598.6742826223623,946.6624731810135,603.7133312495127,955.3424600255354
1392,1,598.5498583261241,946.739166416072,603.782714401626,955.3136070184095
1393,1,598.437018910033,946.8242340731574,603.8537231822329,955.2881951407743
1394,1,598.3293176008813,946.9074707278293,603.921329868853,955.2600155263194
1395,1,598.2236445926056,946.998638057801,603.9876819540373,955.2283473911914
1396,1,598.1276172681463,947.0938298726735,604.0533959430256,955.1920607399671
1397,1,598.0381619731405,947.1884406879551,604.1081572958668,955.153964310394
1398,1,597.9532073363996,947.2852725852139,604.1664838034434,955.1137138612457
1399,1,597.8575318505622,947.3775983318775,604.2243444709961,955.0787517639776
1400,1,597.7649082230919,947.4706162686404,604.2775651595982,955.0502852747707
1401,1,597.6733451826709,947.5698160377211,604.3305119796742,955.0243948873641
1402,1,597.5830809610693,947.672324106456,604.3818683922347,954.9861588502233
1403,1,597.4912175861383,947.7755114047916,604.4399399071567,954.9475126705184
1404,1,597.4054303017972,947.8662572200708,604.4996565067506,954.9102096532359
1405,1,597.3267043198159,947.9614397580973,604.5553994434475,954.8663244479568
1406,1,597.2527175255226,948.0586932602622,604.6112419998776,954.8242328897592
1407,1,597.1791288046934,948.1535886422297,604.6720428088865,954.7769178022684
1408,1,597.1078026705609,948.2564664715663,604.7210107505479,954.7233727994771
1409,1,597.0244371186359,948.3556146417848,604.7787604117506,954.6781631181617
1410,1,596.951279312473,948.4555856383543,604.8290381824793,954.6190295345801
1411,1,596.8811182685193,948.5590341271063,604.8860668275726,954.5568799084064
1412,1,596.8151934985,948.6619175026829,604.9396669142687,954.4937486555045
1413,1,596.7464902541484,948.7623457845768,604.9955044295915,954.4267674539813
1414,1,596.6751273108129,948.8718556145038,605.043335062422,954.3610340538693
1415,1,596.6105916457205,948.9840520978426,605.101075569161,954.2858498212861
1416,1,596.54922795205,949.0923487868382,605.1582704835629,954.2136651412063
1417,1,596.4891527353004,949.2017498174021,605.2068484251239,954.1435470807648
1418,1,596.4325877865864,949.3150357499578,605.2601855381764,954.0643911241358
1419,1,596.3839518539659,949.4327363375364,605.3133571152849,953.9873123493752
1420,1,596.3330625141867,949.5461166950247,605.3645122677834,953.9189795913942
1421,1,596.2804538795895,949.6645682578908,605.4126610467346,953.8463452047087
1422,1,596.2281490461323,949.7866773793578,605.4596307340697,953.7710861705228
1423,1,596.1789170308783,949.9103720766384,605.5065389114928,953.6954898087422
1424,1,596.1440470472955,950.0324345184956,605.5539132028355,953.6203006709429
1425,1,596.1193747003709,950.15489940524,605.5964826189698,953.5390555414135
1426,1,596.1028810563577,950.2799762525317,605.633105995044,953.4603195638473
1427,1,596.0912613827328,950.4098533399201,605.6698464381388,953.3786002222865
1428,1,596.0767843873896,950.5475770557817,605.7073490629281,953.2991076896818
1429,1,596.0589481371371,950.6912632829635,605.7465016184086,953.223084398614
1430,1,596.0490623772522,950.8262630275728,605.7883035297714,953.1418370215765
1431,1,596.0369490629799,950.958073711913,605.8295771952838,953.0574187691293
1432,1,596.0226085323144,951.0985737005843,605.8741340488444,952.9661092673924
1433,1,596.0083368663904,951.2451557648395,605.9117402323736,952.8778424355879
1434,1,595.9989186394612,951.3961779004925,605.9457531677185,952.7920115684432
1435,1,596.0027601960604,951.5490730776792,605.9794454184198,952.7135111638648
1436,1,596.0139791122482,951.7001180157106,606.0061479443859,952.6391901124038
1437,1,596.0270579989223,951.8502588340999,606.0341317425747,952.5651316399984
1438,1,596.0367340519314,952.0021229491241,606.0689859473099,952.4911406507425
1439,1,596.046189499855,952.1561139353107,606.0966076067351,952.4165162046974
1440,1,596.0591173444482,952.3172868834077,606.1207594654448,952.3398307555333
1441,1,596.0796878907088,952.4733433704891,606.128494136918,952.2660643900422
1442,1,596.1071241704252,952.6321569030378,606.1250382020252,952.1969665757351
1443,1,596.1325157926904,952.7902170147806,606.1270025884443,952.1221165081419
1444,1,596.1603044631626,952.9462838403639,606.120149091126,952.0380735757137
1445,1,596.1849979318116,953.1057083123723,606.1089711972645,951.9539122230034
1446,1,596.2029142844438,953.2763635688292,606.1009982139531,951.8600755128559
1447,1,596.2233347735801,953.4498521489634,606.0930897331489,951.7650222207624
1448,1,596.2400953056115,953.6248228357204,606.0802530774359,951.6707356046301
1449,1,596.2590472041303,953.7911368064159,606.06948406715,951.5838827098082
1450,1,596.2789893058188,953.9622668353536,606.0541483325197,951.4995182733951
1451,1,596.30302080727,954.1297425087487,606.0252426470779,951.4191521912259
1452,1,596.3321884775022,954.2924806036187,605.9897781472533,951.3378685382835
1453,1,596.3646634536043,954.4521228286487,605.9389768058068,951.2612449066303
1454,1,596.4064588137128,954.6052321095228,605.8812610775759,951.1882157160526
1455,1,596.452860147459,954.7595074385423,605.8188410940429,951.111616907569
1456,1,596.5092856796374,954.9116493671526,605.7565943998876,951.0347095344054
1457,1,596.5679206113056,955.070089002905,605.6896650906968,950.9618169966756
1458,1,596.6267348703757,955.2287402951289,605.6214225728803,950.8835992855579
1459,1,596.6773841117483,955.3828793136622,605.5667881144877,950.8034578589393
1460,1,596.7353634571443,955.5300749464535,605.5145586327917,950.7288152517111
1461,1,596.7953469314764,955.67640350922,605.4587269642558,950.6644856443526
1462,1,596.8508458363755,955.8202881825295,605.3929472393005,950.599448616851
1463,1,596.9071395311549,955.961006750868,605.3254508830181,950.5368304043736
1464,1,596.9596860762175,956.1028201970581,605.2616311099192,950.4732543292668
1465,1,597.0150919849328,956.2448246859394,605.1945045007359,950.423499860248
1466,1,597.0760298821899,956.3764939536101,605.1269822306735,950.378594284353
1467,1,597.1406816276808,956.5056378385085,605.0595632555013,950.3357473758078
1468,1,597.2120015711414,956.6234134532156,604.993367866883,950.2990558456964
1469,1,597.2880924115228,956.7466193399229,604.9213183416359,950.2689593231709
1470,1,597.3630516781037,956.875027135949,604.8472853393428,950.2372559074703
1471,1,597.44160867958,956.9987001250581,604.770991844632,950.2054098356773
1472,1,597.5257377631049,957.1233795963602,604.701303203952,950.1637784459004
1473,1,597.6021164250285,957.2555184356943,604.6232067237752,950.1207623947892
1474,1,597.6821153600636,957.3901956932255,604.5411915262661,950.0803532778159
1475,1,597.7623708402704,957.525361820045,604.4616214157553,950.0410130864296
1476,1,597.8450079401256,957.654788310889,604.379873745122,950.0032684100022
1477,1,597.9263196690953,957.7784368459701,604.2987683806558,949.9635690973847
1478,1,598.0074371513233,957.9084336528805,604.2062717781545,949.9304046744331
1479,1,598.092928599616,958.0293539141043,604.1046322158655,949.9062275520603
1480,1,598.1875505575724,958.1394352787768,603.9978372618048,949.8845475985428
1481,1,598.2882277650587,958.2504044423252,603.8854876178734,949.8685720201361
1482,1,598.3877917346942,958.3467872476465,603.7617147700113,949.8535645771688
1483,1,598.4955724452062,958.4441847054294,603.6419466697143,949.8507700255485
1484,1,598.6073918847418,958.5443609681399,603.5244602119924,949.8498803587627
1485,1,598.708113798221,958.6422266957009,603.4137134502937,949.8465481297745
1486,1,598.7955853392978,958.7567068425241,603.3037664481998,949.8371602830762
1487,1,598.8891375332752,958.8566324396738,603.1905599458379,949.8356903097889
1488,1,598.9764531817334,958.9491574598152,603.0801959489224,949.8333347111304
1489,1,599.0629872600674,959.0403819034984,602.9679846890984,949.8286528708768
1490,1,599.1502963582675,959.1211019682376,602.858415828907,949.8231902944158
1491,1,599.2428208359247,959.1972875403272,602.7440378796524,949.8188372454651
1492,1,599.345209750902,959.2728006246729,602.6320702900554,949.8123738687136
1493,1,599.4482238911726,959.3456136181788,602.518345245471,949.8034386868853
1494,1,599.5553942585908,959.412865789895,602.3992213602534,949.7971662112672
1495,1,599.6642444645365,959.474526561954,602.2790876997869,949.7958862427522
1496,1,599.7747239010561,959.5356019357152,602.1511783028728,949.7948538424791
1497,1,599.8858629796022,959.5926873686972,602.0264740385267,949.7866558507834
1498,1,599.9965831874118,959.6482161629197,601.895966097656,949.7791406919258
1499,1,600.1081663717131,959.6904259239992,601.7684514803467,949.7723773612944
1500,1,600.2184487948266,959.7211537941599,601.6482573507993,949.7767831615993
1501,1,600.3383445032389,959.7419016116964,601.5289264127921,949.7812541269534
1502,1,600.4570336304138,959.7557741468742,601.4121879910242,949.7838802650501
1503,1,600.5783119819265,959.7715541585541,601.296365757917,949.7938417104825
1504,1,600.6928826127339,959.7849978938654,601.1890443147513,949.8075146053263
1505,1,600.8030799134594,959.7955750983201,601.085013335722,949.809513488455
1506,1,600.907785815242,959.8096406415278,600.9807062245704,949.810243576885
1507,1,601.0170212987073,959.81048577008,600.8775986455877,949.8135439571255
1508,1,601.1264976604598,959.8093247668003,600.7653146710944,949.8253011634022
1509,1,601.2296723738933,959.8143321587265,600.6485408197083,949.8319616493151
1510,1,601.3303162783124,959.8119717932963,600.541375795065,949.8486444107047
1511,1,601.4300610864991,959.8085640901647,600.4344523296921,949.8590951238298
1512,1,601.5342843843216,959.802510015992,600.3266458492452,949.8731298234937
1513,1,601.6394396603837,959.7979772307086,600.2184061215986,949.889423134036
1514,1,601.7439817829187,959.7924884723834,600.1096177188799,949.9042332842064
1515,1,601.850780712235,959.7862269883922,599.9982118196885,949.9220293887231
1516,1,601.9521477527161,959.7772329638665,599.8886041251588,949.9418708616503
1517,1,602.0525681272052,959.758199997921,599.7790810555035,949.9797937726585
1518,1,602.150433572821,959.7453908183905,599.6721474904425,950.0216455090595
1519,1,602.2480683733407,959.7267361693487,599.572180780624,950.0691418755902
1520,1,602.3516164088066,959.6987849942831,599.4760913962665,950.1158423760223
1521,1,602.453373320915,959.6679696952134,599.379756666379,950.1646092538402
1522,1,602.548886977561,959.6335336784587,599.2924464622693,950.2091625254897
1523,1,602.6408590409675,959.6138356261474,599.2014568609779,950.246538289607
1524,1,602.7314452227814,959.5801694253072,599.1085479813984,950.291306906909
1525,1,602.8225766600921,959.542540129586,599.0120091856868,950.3293541796443
1526,1,602.9150183852564,959.5053576018496,598.9288278574944,950.3697202046867
1527,1,603.0122349650592,959.4724582829444,598.8428937182025,950.408738175632
1528,1,603.1069559113292,959.4361951006879,598.7618939406561,950.457079110794
1529,1,603.1985522742764,959.4065878608855,598.6801002624804,950.499405107842
1530,1,603.2957664875493,959.3709800128382,598.6026701709368,950.5488573953919
1531,1,603.3956600122641,959.3360802085263,598.5277114466162,950.5982054300061
1532,1,603.4849464695134,959.2957505016861,598.4540852892615,950.6489440425164
1533,1,603.5731115511243,959.2585412460014,598.3775635946251,950.7018091892091
1534,1,603.6561028310955,959.2211653046353,598.2999416729995,950.7570207716062
1535,1,603.7465550744297,959.184286372576,598.2141824872456,950.8241135193497
1536,1,603.8350533198394,959.150270958529,598.1352623840568,950.8956876638543
1537,1,603.9246699022241,959.1197755230054,598.0629773844811,950.9711830863289
1538,1,604.0207450017823,959.0961904365839,597.9932597256413,951.0443865516909
1539,1,604.1140783748934,959.0702500985192,597.9259808895032,951.1236990040144
1540,1,604.2049207962652,959.0384829675486,597.8628514596523,951.2050850393323
1541,1,604.2977092801488,959.0076705626805,597.8053925626989,951.293942604367
1542,1,604.3819559215484,958.9755712920611,597.7583695058961,951.3905654451519
1543,1,604.4567579391696,958.9408086741006,597.7202211842176,951.4938918172799
1544,1,604.5266556029324,958.8997776489431,597.6878953039192,951.5984972133801
1545,1,604.5909084090492,958.8615800546884,597.6515148484983,951.7014419692758
1546,1,604.6664261387876,958.8289311014591,597.6090098813072,951.7949979448592
1547,1,604.7460208972949,958.7966710104183,597.5684718212395,951.8914919116095
1548,1,604.8215386548459,958.7577773319066,597.528760061628,951.9801398229696
1549,1,604.9001723748306,958.722248523367,597.484086329444,952.062960166919
1550,1,604.9778877339858,958.6829538383878,597.4448132528687,952.1570092057758
1551,1,605.0549875090331,958.647133060738,597.401896728569,952.249028338363
1552,1,605.1309068466595,958.6059220747193,597.3558788868625,952.3448559564486
1553,1,605.2070725460359,958.5560378624435,597.3141999718633,952.443234779705
1554,1,605.2817159048182,958.4995186656112,597.270982723692,952.530513822925
1555,1,605.3563215406556,958.4470450554742,597.2357605229622,952.6180492039719
1556,1,605.4272506347586,958.3950729303399,597.199933340088,952.7058168677326
1557,1,605.4971461347784,958.3376788964575,597.1666051587213,952.7871585380076
1558,1,605.5690794419585,958.2823153654124,597.141931885816,952.8706455347872
1559,1,605.639113019881,958.2303497404836,597.119458584881,952.960733776402
1560,1,605.7087817557561,958.1780368560759,597.0960279681982,953.0459367190158
1561,1,605.7763138421312,958.127276338961,597.0783177612457,953.1349337268902
1562,1,605.8466033997589,958.0699543483154,597.055956558114,953.2290243758417
1563,1,605.9113868326704,958.0094674991287,597.0301250384481,953.3289717000705
1564,1,605.9760761684487,957.9430688929491,597.006959471942,953.4285029138964
1565,1,606.035066384934,957.8717072504444,596.987249666605,953.5331121918002
1566,1,606.0888253308625,957.8034023704458,596.9658124107767,953.6350921360842
1567,1,606.1343280171735,957.737723012817,596.9526122424916,953.7388050240347
1568,1,606.1810016225756,957.6789399259334,596.9485864461591,953.8435546475391
1569,1,606.2255246669661,957.6227730713632,596.9479658259575,953.9496066987239
1570,1,606.2818712008963,957.5668820227962,596.9343705740876,954.0477704838802
1571,1,606.3356193890933,957.511568972955,596.9301020191656,954.1537241399471
1572,1,606.3906609074138,957.45282326587,596.9263256732005,954.2585125824945
1573,1,606.4487187281022,957.3916639411075,596.9191929183221,954.371348310305
1574,1,606.5045186143226,957.3344969871148,596.9180768982941,954.4937483537407
1575,1,606.5664416875908,957.2725813762936,596.9170673619147,954.6105086758064
1576,1,606.6281067787046,957.2098325325328,596.9172176002777,954.7269051531783
1577,1,606.6854671931284,957.1367272436968,596.9205671235751,954.8418063402283
1578,1,606.7461060466087,957.0682054346801,596.9347882182597,954.9568534709064
1579,1,606.8126472766812,957.0012040598937,596.9527476972085,955.0639390972176
1580,1,606.8774501398836,956.9303190783104,596.9833646129889,955.180043894332
1581,1,606.9369236929064,956.8668125423563,597.0182278025799,955.3002361293601
1582,1,607.0001018665675,956.8002007590136,597.0598480464388,955.4251693751685
1583,1,607.0525980987964,956.7335061018471,597.1060484385147,955.5564423564648
1584,1,607.1060539030981,956.6724660398538,597.152736010134,955.6867385378263
1585,1,607.1620066358805,956.6177672954063,597.1987382508843,955.8176068768183
1586,1,607.2193963752226,956.5523367213716,597.2404527757324,955.9458051632112
1587,1,607.2763552803799,956.4859022189645,597.281551294927,956.0782733822124
1588,1,607.3369046498298,956.4202011801532,597.3252342263605,956.2085086657468
1589,1,607.3972444496138,956.3585292252923,597.369579768912,956.3399865034916
1590,1,607.4567332058446,956.2962392056149,597.4146532630352,956.4703427136482
1591,1,607.5160892793352,956.2343665323655,597.4716785827987,956.5926985423679
1592,1,607.5691850801326,956.1742238368255,597.5269304526244,956.7129353425113
1593,1,607.6136584842277,956.1198725839527,597.5837641878173,956.834844358301
1594,1,607.6553084954187,956.0650110961501,597.6447749683665,956.9472991451177
1595,1,607.6938360926162,956.0073106392547,597.709519698106,957.05081538944
1596,1,607.7345100211477,955.9486066815961,597.7819631127824,957.1490363801838
1597,1,607.7717062984699,955.895205442662,597.8629006918959,957.2464966923973
1598,1,607.8080436517789,955.8427767767246,597.9395730298229,957.345764884651
1599,1,607.8547085104402,955.7824114355166,598.0079507764098,957.4495002686177
1600,1,607.9005447125846,955.7234589179313,598.0754321483824,957.5569537647481
1601,1,607.9491532209153,955.6629778513225,598.1500211358208,957.6621190323531
1602,1,607.9934605616445,955.6010112876008,598.2309416150313,957.763022521883
1603,1,608.0325194977881,955.5433933406596,598.3140417326321,957.8586143733094
1604,1,608.0782943757212,955.4794589205244,598.4009119605134,957.9624853124799
1605,1,608.1253374777308,955.4145639904904,598.4844490535324,958.0643914105456
1606,1,608.167866728829,955.3476071113797,598.571741544169,958.1560467070416
1607,1,608.2121928867558,955.2765809192134,598.6574997522528,958.2444494334072
1608,1,608.2572803351809,955.2006894752034,598.7481294183453,958.3350733894681
1609,1,608.2976454272324,955.1219871902474,598.8409419072713,958.4347091791153
1610,1,608.3346732359404,955.0422402667101,598.9301636870363,958.5355526594768
1611,1,608.3644155853874,954.9633943434103,599.0182753504861,958.6391497244034
1612,1,608.3989973927169,954.8881349614971,599.1093810027782,958.7413469508039
1613,1,608.4172195405142,954.815827682138,599.2186415570792,958.8391091930571
1614,1,608.4358885680549,954.734642240078,599.3347858373488,958.9388977564819
1615,1,608.4488561315,954.657178581125,599.4553349079912,959.0331224351705
1616,1,608.46504799014,954.58693740119,599.5786865924003,959.125135425175
1617,1,608.4892037763561,954.5037173933019,599.6940277414587,959.2273698448904
1618,1,608.5055963988269,954.4220621700786,599.8093615175376,959.3226810797776
1619,1,608.5256677344094,954.342025104067,599.928998558141,959.4089672302263
1620,1,608.5541426750739,954.2603000359356,600.0477320868149,959.4956329067841
1621,1,608.5778725339686,954.1751770950984,600.1711724561756,959.5824155764302
1622,1,608.6000218878005,954.0885945028322,600.2939323012662,959.6682293813708
1623,1,608.6216888348467,954.0015000908303,600.4209989284966,959.762439554326
1624,1,608.634777650343,953.9193166793839,600.5565392920945,959.8501014117014
1625,1,608.6461200145134,953.844050342103,600.699893230422,959.9362874119577
1626,1,608.6548791757156,953.773045983558,600.8424469102993,960.0191213232159
1627,1,608.6666655424644,953.700307704332,600.9855719790554,960.0966459856883
1628,1,608.6769309172729,953.6247971741623,601.1288853423938,960.1740225554454
1629,1,608.6869455863605,953.5424775483393,601.271265918726,960.2507690951916
1630,1,608.6921336425728,953.4687718712486,601.4194476690315,960.3249033702654
1631,1,608.6967337354561,953.3985988340286,601.566992754903,960.4004316300318
1632,1,608.7015386817534,953.3236535186659,601.7151826349786,960.4750415302974
1633,1,608.7044429800931,953.2572133384496,601.8641296612568,960.5452726951656
1634,1,608.7113147074206,953.1914185019155,602.006555305197,960.6199348785154
1635,1,608.7122743168717,953.1306319800186,602.1533692072397,960.6937342385961
1636,1,608.7138541600433,953.0741718497933,602.2973681850114,960.7644167894155
1637,1,608.7112124688991,953.0219199089591,602.4519741466062,960.8301202118399
1638,1,608.7118112702708,952.9641239256963,602.6035341333168,960.8865722735715
1639,1,608.712591183535,952.9080479989404,602.7510552559794,960.9441719232731
1640,1,608.7111056420302,952.8566827079339,602.8984883548262,960.9984383740323
1641,1,608.7092905896518,952.807085894952,603.047132425289,961.052132508156
1642,1,608.7089898049642,952.7505709449147,603.1947580275252,961.0973838436876
1643,1,608.711525888082,952.7000864211888,603.3348059290199,961.140125505622
1644,1,608.7188992194358,952.6528050274638,603.4722420492741,961.1791691158973
1645,1,608.7202600111715,952.608022241396,603.609645112944,961.2201870583106
1646,1,608.7210719992445,952.5575681168982,603.7460063385606,961.2586798381924
1647,1,608.7198710539096,952.5019681662149,603.887019899669,961.2925516782661
1648,1,608.7157098975687,952.4454121535798,604.0289821579878,961.3182854618487
1649,1,608.7090730476826,952.3867659887381,604.1702604693932,961.3437524977454
1650,1,608.7041964712561,952.3251619574988,604.3239971430963,961.3670460020438
1651,1,608.6998911484105,952.2654886991457,604.4855708718319,961.3832746388223
1652,1,608.6921334107105,952.211659761047,604.6464908966439,961.4028480108051
1653,1,608.6849182845287,952.1671977901602,604.8100158467686,961.419981398128
1654,1,608.6757473161508,952.1201795231337,604.9779423181291,961.4468540427248
1655,1,608.6611718725264,952.0800388947684,605.1563979385799,961.4645736767503
1656,1,608.6424290162887,952.0363432377408,605.3388420203842,961.4838001606762
1657,1,608.6241859828308,951.9931237134757,605.5269018269381,961.5005681274088
1658,1,608.6046293656354,951.953969764679,605.7102645045371,961.5168315661715
1659,1,608.583788458222,951.9260645514494,605.892474660333,961.5402444638146
1660,1,608.5723600328452,951.8921026004239,606.0761846631038,961.5678588970545
1661,1,608.5580488790597,951.861567932864,606.262605903652,961.5893113753954
1662,1,608.5492494044415,951.8406385789793,606.4558073864137,961.6034109806491
1663,1,608.5445337411395,951.8160666679335,606.6502007794788,961.6239005416327
1664,1,608.545039031522,951.8020880183194,606.8459415308777,961.637737810872
1665,1,608.552889968073,951.779338472101,607.0368087023646,961.6542564967918
1666,1,608.5605252007568,951.7663753038079,607.2294215108511,961.6654990820125
1667,1,608.5688255204884,951.7595161099301,607.4250010471635,961.6788993599083
1668,1,608.579453491509,951.7456833436494,607.6160500843118,961.7017425174998
1669,1,608.5920065048236,951.7416122122944,607.8053602933309,961.7172529112254
1670,1,608.6095344689757,951.7395024746224,608.0003500997416,961.7270557556933
1671,1,608.6275564777164,951.742925778091,608.194878638936,961.7370316930176
1672,1,608.6559889637906,951.7434854421983,608.3908460796475,961.7484898707553
1673,1,608.6947420945091,951.752020145544,608.57758438604,961.7570728080805
1674,1,608.7339186766679,951.7580700672542,608.7676848623344,961.7622179850629
1675,1,608.7736397995985,951.7621799341126,608.9552816264128,961.759634831646
1676,1,608.8089927463119,951.7710187102949,609.1362661350863,961.7553081855646
1677,1,608.8401087979856,951.779621684935,609.3264802399725,961.7550479734467
1678,1,608.8689611462588,951.7864668011282,609.5195861197581,961.7563322604155
1679,1,608.8983395902026,951.7962960578465,609.7107784839575,961.7514728215384
1680,1,608.93271443927,951.8013599700283,609.9044646292608,961.7505862121933
1681,1,608.9580730145584,951.8052449419329,610.0974928935373,961.7481941386386
1682,1,608.9877853435543,951.8156807127381,610.2961671010777,961.7502216810731
1683,1,609.020354844666,951.8251864952724,610.4926424969035,961.7506357338001
1684,1,609.0530469776932,951.8353587417362,610.6918523864761,961.7482638973355
1685,1,609.0812610488401,951.8464023494193,610.8854856570935,961.7367497963672
1686,1,609.1146012499762,951.8639431445636,611.0825983486519,961.7241028164319
1687,1,609.1488849956119,951.8864205489704,611.2741110939305,961.7055833123262
1688,1,609.1794761657663,951.9139870984532,611.4586461899945,961.6863045853279
1689,1,609.2117167918839,951.9420971476296,611.6432559748222,961.6607133500938
1690,1,609.2460587650988,951.9812440067477,611.8309112474149,961.6319955648655
1691,1,609.2741030497303,952.022750245262,612.0188130400714,961.6159063753189
1692,1,609.2964541627317,952.0562906242534,612.2060350293764,961.605417800686
1693,1,609.3159182201655,952.0904679091765,612.3905012052379,961.5940084940913
1694,1,609.3376842530485,952.1359361960293,612.5739120937592,961.5728645718485
1695,1,609.3502350878549,952.1802389317685,612.7517649909577,961.558285073283
1696,1,609.3553273831135,952.2261376007724,612.9315135156465,961.5495220653455
1697,1,609.3669964971173,952.2735429969213,613.1163122458314,961.5395161967714
1698,1,609.3789451917411,952.3264274601307,613.2962929556363,961.5266462317228
1699,1,609.3965961915555,952.3893473379737,613.4709229003321,961.5102863087614
1700,1,609.4145781150125,952.4520676876025,613.6427898203536,961.5003862811388
1701,1,609.4289840431804,952.5018570669124,613.8151098067475,961.4959534610217
1702,1,609.4424087688377,952.5608527265166,613.982201721969,961.4834054870502
1703,1,609.4592469954497,952.6159231536567,614.1523074912031,961.4579274751037
1704,1,609.460832881486,952.6744835443384,614.3154556711082,961.4302029845315
1705,1,609.4640814972643,952.7318938334219,614.488284567141,961.3969279872615
1706,1,609.4707466926565,952.7908421145167,614.6636354986691,961.370575754979
1707,1,609.4879118879844,952.8486365914786,614.8406618694215,961.337449177483
1708,1,609.5061539502095,952.9069090934682,615.0182167749639,961.3015230633847
1709,1,609.5310214712774,952.9630308498872,615.1865749872114,961.2674147351039
1710,1,609.5579113772816,953.0217948488092,615.3481449709057,961.2331372030789
1711,1,609.5852511628187,953.0794116490533,615.5025381387161,961.1954552671374
1712,1,609.6118383786471,953.1465930128934,615.6554613991212,961.1483961442173
1713,1,609.6414107112256,953.2181260867038,615.8031463712372,961.0911425461212
1714,1,609.6688410908945,953.286754561151,615.9483084823005,961.0303921876385
1715,1,609.6792233652639,953.3448581617012,616.1010974738246,960.9800216112316
1716,1,609.6916143981966,953.4138809985456,616.2403507786413,960.9303958228943
1717,1,609.7040148949928,953.4823124616664,616.3876756683646,960.887647616236
1718,1,609.720385256174,953.5531584236912,616.5367321734672,960.8420085841728
1719,1,609.741699300269,953.6236242455225,616.683332666152,960.7853538683133
1720,1,609.7532810587867,953.6910098464733,616.8315137428614,960.7346717971305
1721,1,609.7800957108453,953.7599379992124,616.976393551039,960.6774874220413
1722,1,609.8005254440857,953.8193424363578,617.1225266968657,960.6253779239189
1723,1,609.8293056445226,953.8893440846655,617.2602312466197,960.5666921103558
1724,1,609.8545753095474,953.9617729795291,617.3950702781998,960.5135802420147
1725,1,609.8819629184381,954.0353973189314,617.5296355664386,960.4655179162174
1726,1,609.9188303586501,954.1063983308851,617.6598219814479,960.4196331560704
1727,1,609.9482509695987,954.1763000722049,617.7924506150183,960.3770067423611
1728,1,609.9763817328512,954.2469337682433,617.9184745139191,960.3347396360364
1729,1,610.0052708947057,954.3210952685721,618.0366659299002,960.2907955690973
1730,1,610.0349623161336,954.3909341785023,618.1608417680363,960.2482090857076
1731,1,610.0659760973608,954.4591691328376,618.2856320356781,960.2009010014592
1732,1,610.0977269618292,954.5272585630267,618.4086052852675,960.1561209289549
1733,1,610.1270443496479,954.6057117473913,618.5273520542723,960.1031996629289
1734,1,610.1586066792121,954.6887666693947,618.6406967362974,960.0511240374242
1735,1,610.1981099804923,954.768334801893,618.7499679035313,959.990918163138
1736,1,610.2462161555214,954.8535721112338,618.8586593732205,959.9298689136028
1737,1,610.2900816742115,954.9310741840147,618.9567683249279,959.8635016390884
1738,1,610.3271210533667,954.9977707863005,619.0723198477691,959.807266640614
1739,1,610.365590408298,955.066172261463,619.185580489686,959.7463105887997
1740,1,610.4093628600332,955.1369929883413,619.2941930696647,959.6839578740457
1741,1,610.4522597496444,955.2104845555837,619.4019465672764,959.6155302129752
1742,1,610.4939989573863,955.2896507558643,619.5142700817632,959.5563048426864
1743,1,610.5393802553398,955.3686064492333,619.6200032956964,959.4978631051818
1744,1,610.5846210653599,955.4421357699536,619.7218529323457,959.4424807312448
1745,1,610.6333620377966,955.5179812456656,619.8126146789153,959.3887410806207
1746,1,610.6826668160342,955.5980819636502,619.9211697520471,959.3394834153876
1747,1,610.7390428642051,955.6828829104771,620.0282844851446,959.2887124228057
1748,1,610.7983227111304,955.7782585683981,620.1374777440817,959.2395882453256
1749,1,610.8511339156598,955.8790682253035,620.2439165201562,959.1874682534087
1750,1,610.8970259078327,955.9791873811375,620.3545509451553,959.1316138112957
1751,1,610.9413512611147,956.0880126427651,620.4569762875985,959.0725651920129
1752,1,610.9822195211881,956.2026841332982,620.552990747882,959.0176576345223
1753,1,611.0232362183966,956.3284662289064,620.6413468463894,958.9675555564119
1754,1,611.0674646499671,956.456547743122,620.7254643722227,958.9134724809459
1755,1,611.1091002786293,956.5859514405397,620.8133046599397,958.8565388425084
1756,1,611.148363090108,956.7155027251935,620.9126193631263,958.7976511848346
1757,1,611.1918023319574,956.8472144709718,621.0009205579025,958.7379714909272
1758,1,611.2341170530021,956.9850578284745,621.0919334829686,958.6702872265367
1759,1,611.2750893340894,957.1295961629069,621.1821864688787,958.6025253036589
1760,1,611.316662266177,957.2799298125299,621.2648639625735,958.54107746764
1761,1,611.3604529582066,957.4349574241809,621.3460296955053,958.4823919139698
1762,1,611.4031200395797,957.5918512290202,621.4202989148388,958.4250841136702
1763,1,611.4527779474571,957.7534788865921,621.4927496223319,958.3725568030222
1764,1,611.5147965884703,957.9213502459266,621.5571465979392,958.3240160862849
1765,1,611.5857963634858,958.090650615358,621.6227382561376,958.2782246277184
1766,1,611.6612982604563,958.2581890585025,621.6823570473861,958.2401158386208
1767,1,611.7490541166726,958.4289239538823,621.7378017857222,958.1957191447277
1768,1,611.8291943247976,958.6015891825498,621.7959794793809,958.1505835792277
1769,1,611.9070274484278,958.7713168776321,621.8587342044065,958.1061290782129
1770,1,611.9812512119058,958.9410027802867,621.9197821985825,958.0636434499261
1771,1,612.0593446799987,959.1144650348707,621.974649446076,958.0204688798591
1772,1,612.1328501123218,959.2890695210095,622.0324614326289,957.976566259407
1773,1,612.2202212225654,959.4640958237588,622.0775819523595,957.9332868136478
1774,1,612.3034350164864,959.6355475836506,622.1295900965697,957.883844759199
1775,1,612.3890220854054,959.8065352687463,622.1704432305522,957.8371491105979
1776,1,612.4831775567475,959.9834261491475,622.205926149163,957.7924020487923
1777,1,612.5755009363801,960.1595518836225,622.2452552959581,957.7478695438136
1778,1,612.6743453270915,960.3403815589205,622.2866773959369,957.7005472649004
1779,1,612.7762661656344,960.524873984221,622.3252428050029,957.6494417331014
1780,1,612.8768016446123,960.7029297938803,622.3621801379171,957.5991162863797
1781,1,612.9775153411292,960.8840416427264,622.3939434242155,957.5431566249596
1782,1,613.0865228162779,961.068241679658,622.4023486813275,957.4849215451405
1783,1,613.1955743448617,961.2498938877321,622.4034953173615,957.425565977001
1784,1,613.293536084189,961.4420638815889,622.4058077618749,957.3710307049128
1785,1,613.3961388642441,961.6302707934145,622.4019708042808,957.3179138920939
1786,1,613.5041091723007,961.8184322280514,622.4022125490276,957.2617922021494
1787,1,613.6138262768686,962.000325190228,622.3994577330031,957.2094934954068
1788,1,613.7263963167119,962.1789210006308,622.3963340036634,957.1676517565812
1789,1,613.8448703911694,962.3626475305941,622.3880327235786,957.123256585712
1790,1,613.9597941411909,962.5438149322447,622.3774238151608,957.0853903093423
1791,1,614.0758928741005,962.7220396678149,622.3626774098274,957.046686135964
1792,1,614.1923790264368,962.9006748730894,622.342239775027,957.0176736005837
1793,1,614.321211123706,963.0793553306574,622.3192548932213,956.9790616324403
1794,1,614.4562933533518,963.2435618869802,622.2997484233933,956.9463691756067
1795,1,614.5962942782221,963.4077118639142,622.273086387572,956.9220255278707
1796,1,614.7349665926064,963.574997719156,622.244361253656,956.8945983076474
1797,1,614.8740188845783,963.733885666545,622.2150879430359,956.8766681194144
1798,1,615.0119463058503,963.8959313083772,622.1836680039434,956.8657248210465
1799,1,615.1587658561837,964.0540247560148,622.150442756812,956.8631658007204
1800,1,615.3080610796717,964.2088781325025,622.1189044958244,956.8620314755465
1801,1,615.4602668601774,964.3659406405449,622.0878747869189,956.8672858494605
1802,1,615.612305451123,964.5267970928754,622.0487316239075,956.8768695437133
1803,1,615.7672136039749,964.6882305444495,622.0163506112805,956.8791772463469
1804,1,615.9232826562142,964.8525386782617,621.9912632211846,956.8799964040123
1805,1,616.0854110535615,965.0161982640506,621.970857281936,956.8746000549431
1806,1,616.249415752874,965.173881645981,621.9519188918066,956.8714841371595
1807,1,616.4157385891139,965.3334007273526,621.9352015481223,956.8751675319097
1808,1,616.5865741783695,965.489998823178,621.9159451060918,956.8912099115095
1809,1,616.7674456635834,965.6320469543027,621.9001031424117,956.9189432739033
1810,1,616.9543584170324,965.7653240337655,621.882588530596,956.9544264912755
1811,1,617.1423535863885,965.8877846281953,621.8610974367762,957.0042087943448
1812,1,617.3271562880313,966.0054971789748,621.8425591643602,957.0704015643698
1813,1,617.5126381485693,966.1214123343757,621.8211559911897,957.1356906655635
1814,1,617.6875639952983,966.2521704360864,621.8085003308693,957.1897356072636
1815,1,617.8539229095129,966.3857898777973,621.8017571381614,957.2322904063809
1816,1,618.0254406738699,966.5125554599745,621.7892804570088,957.2809303936189
1817,1,618.202776148853,966.6459299479153,621.7745619728479,957.3284431891282
1818,1,618.3823902966972,966.768900212695,621.7599778673525,957.3758504030496
1819,1,618.5653637265032,966.8910247886187,621.737445851388,957.422515038889
1820,1,618.7467707987533,967.0127576804596,621.7107670439407,957.4722650498062
1821,1,618.9294509890829,967.1337357920645,621.6854912873513,957.5200012835816
1822,1,619.11536947879,967.2424370337831,621.6558361748671,957.5767811488714
1823,1,619.3058086304801,967.3573271368604,621.6278958042639,957.6298848536395
1824,1,619.4991530562538,967.470230307166,621.6042930082411,957.6787687048585
1825,1,619.6879008975701,967.5804960405692,621.583123774026,957.7313865690306
1826,1,619.8727731373272,967.6967447734042,621.5593479909718,957.7777638687124
1827,1,620.0634162063454,967.8054550195087,621.5375383459905,957.8284005786661
1828,1,620.2546182298963,967.9016783147212,621.5199456046885,957.8819881437464
1829,1,620.446237308466,967.9904791260807,621.4987666019098,957.9536093651551
1830,1,620.6499968030736,968.0631080818576,621.4804347331071,958.0386279951305
1831,1,620.8634603183386,968.1234798730453,621.4565249471877,958.1218855321907
1832,1,621.0785129326345,968.179971879518,621.4287600840394,958.2083419449198
1833,1,621.2913170363565,968.2533221490391,621.4008887727524,958.2895156862238
1834,1,621.4996714976654,968.3309468269408,621.3728781225818,958.3596332944825
1835,1,621.7113494556162,968.4016736193607,621.3464555452072,958.4276235098306
1836,1,621.9159700861962,968.4634591712841,621.3198647442642,958.4946347437503
1837,1,622.1222596490853,968.5294554612326,621.2936136284775,958.5697237843397
1838,1,622.3308123694264,968.6031764407375,621.2654420985581,958.6442009395796
1839,1,622.5404086134204,968.6701924949234,621.2343606167512,958.7192216653832
1840,1,622.7397709673749,968.7356830946845,621.2013375819927,958.7991519974115
1841,1,622.9433479006224,968.7974003054458,621.1690841015303,958.8911420981356
1842,1,623.1440224099487,968.8594561379512,621.1345400975199,958.9928821486003
1843,1,623.3400281478989,968.912606578084,621.1058298588839,959.1062604450198
1844,1,623.5381176628105,968.9646876785247,621.0797396474438,959.2201841237792
1845,1,623.7349194830514,969.0125500666621,621.0519188001906,959.3350573486703
1846,1,623.9285414917589,969.0562686526667,621.022515392302,959.4472117765107
1847,1,624.1226014549509,969.0923624849127,620.9895036477835,959.5582025711736
1848,1,624.3154982758869,969.1357466692913,620.9549825585102,959.6782849957525
1849,1,624.513501982445,969.1782686044843,620.9235488049391,959.8105162468981
1850,1,624.7092565796563,969.2218707622097,620.8938766936491,959.9468644191913
1851,1,624.9046120815068,969.2657644785377,620.8652387112147,960.0825311962185
1852,1,625.0955908477465,969.3053207518593,620.8379311984112,960.2208251652374
1853,1,625.2797817185973,969.3424770326554,620.8094894354598,960.3654656901025
1854,1,625.4609902383748,969.3797832214611,620.7866389927641,960.5198080446318
1855,1,625.6375817072721,969.4167321391593,620.763446572834,960.6684587784224
1856,1,625.8153398322361,969.4468372313004,620.7367789440976,960.8096943683629
1857,1,625.9895521786304,969.4810619576941,620.714557324644,960.9529255097341
1858,1,626.1579956153747,969.5241267857394,620.6999586108801,961.0993645800787
1859,1,626.3261866047736,969.5659549989789,620.6904775548644,961.24895848759
1860,1,626.489975767493,969.6065333953286,620.6853579751082,961.4083344180518
1861,1,626.6471315833319,969.6333801952109,620.6858598335621,961.5717608629658
1862,1,626.8018825377358,969.6627049897634,620.684520325595,961.7344086648278
1863,1,626.9519889729924,969.6893223834376,620.6876753772735,961.8931727257964
1864,1,627.0928494145022,969.7173504523048,620.696196920171,962.0398103618838
1865,1,627.2356194868136,969.7526890355938,620.7082638265869,962.1885791298417
1866,1,627.3771883072864,969.7917317075498,620.7215256315683,962.3382642608298
1867,1,627.5120318582453,969.8250896306926,620.7251854602514,962.4842660249271
1868,1,627.6496789347599,969.8624826395826,620.739826155433,962.6368732956162
1869,1,627.789316258303,969.905045949992,620.7460651717504,962.7909370583469
1870,1,627.9233744430653,969.9396016807881,620.7544437571266,962.9543341230197
1871,1,628.0536569375917,969.979488434438,620.7650707916603,963.1205061484909
1872,1,628.1770410502605,970.0151956325137,620.7746917769093,963.2866925063066
1873,1,628.2954168518412,970.0556374154211,620.7775721776344,963.455446773952
1874,1,628.4145862533055,970.0902781213053,620.7831591268213,963.6264336656112
1875,1,628.5393168905695,970.1245232385647,620.7926557827302,963.8003128501497
1876,1,628.6625348849904,970.1604161995443,620.8007702216332,963.9755200401162
1877,1,628.7834033090832,970.199291676735,620.803250569913,964.1564282003108
1878,1,628.9052640136591,970.2292047864436,620.8095783880769,964.3301418750541
1879,1,629.0282074966183,970.2541980197984,620.8220874154939,964.5044948655802
1880,1,629.1461798613581,970.292339502146,620.8323438391618,964.6780224478672
1881,1,629.2601566530967,970.3302761962111,620.8438700478242,964.8571930073955
1882,1,629.370097441078,970.3637430580998,620.8524643434008,965.0451192205206
1883,1,629.471145224462,970.3950012019905,620.8746167149422,965.237051145888
1884,1,629.5669181789885,970.4178633454025,620.897529090134,965.4318532453692
1885,1,629.6663818078753,970.4439334314962,620.9252117055114,965.6195191556388
1886,1,629.7665644493499,970.4686465266365,620.9488757606506,965.8094957142109
1887,1,629.8704263430805,970.4973841870196,620.9708819048645,965.9971135305327
1888,1,629.9726596135223,970.5268760078624,620.9913247782519,966.1863478051689
1889,1,630.0896550980223,970.5486123400275,621.0091815164327,966.3742192188295
1890,1,630.2027058844571,970.567720609273,621.0289522384196,966.5618413349843
1891,1,630.3117689474738,970.5875013250392,621.0552054113807,966.7512597403189
1892,1,630.4193249792227,970.6163718655927,621.0778742427058,966.9445835300296
1893,1,630.5261255661442,970.6435180975187,621.1049144402614,967.1349193102456
1894,1,630.6279314363873,970.6696487433644,621.1468055628832,967.3341180101716
1895,1,630.7216410279055,970.6975328986223,621.189994728932,967.5307156234117
1896,1,630.8234129766688,970.7245312538249,621.235423222286,967.7282648693772
1897,1,630.9194277364594,970.758943963656,621.2694987719136,967.9216069424119
1898,1,631.0146242474905,970.7915365538369,621.3191141330857,968.1194338234158
1899,1,631.1025326675928,970.8183693026024,621.3852515852833,968.3211384873166
1900,1,631.179514845459,970.8500626994665,621.4508446102006,968.5258209370589
1901,1,631.2527305172687,970.8799354476872,621.5175785336606,968.7198857060419
1902,1,631.3407875534994,970.9121761572104,621.5702563982605,968.9086523266732
1903,1,631.4210268531115,970.9408204043353,621.6224403465505,969.1012451635453
1904,1,631.5030483000198,970.9663351356471,621.6644171754149,969.2914622565271
1905,1,631.579500016566,970.9908805216769,621.7046245194897,969.4873345786505
1906,1,631.6492746198505,971.0112924909346,621.745827310704,969.6740253719905
1907,1,631.7165891120344,971.0300581817803,621.7882497633314,969.8551339485871
1908,1,631.7803119253203,971.0527520894233,621.8300529948037,970.0349213201005
1909,1,631.843796801617,971.0819512527579,621.8697338927968,970.2108716082937
1910,1,631.9049140695511,971.1195259497078,621.9097025232807,970.392588363283
1911,1,631.9639239318645,971.1604573418425,621.9576143503774,970.573826396981
1912,1,632.019497977299,971.1959251163487,622.00571318809,970.7509232157389
1913,1,632.0726752512813,971.2312325770846,622.0571337022486,970.9348895653001
1914,1,632.1229744644769,971.2618229387589,622.1148360602593,971.1188985326994
1915,1,632.1692801836746,971.2875334824531,622.1783125679905,971.2990228425002
1916,1,632.2200292685685,971.321839757965,622.2413014739402,971.4724736460179
1917,1,632.284981458251,971.3547927123562,622.3019202341017,971.6479742009233
1918,1,632.34282699346,971.3877340272043,622.3650555351522,971.8269463600905
1919,1,632.402059741148,971.411393200377,622.4302160751721,972.0010979959196
1920,1,632.4508871420825,971.4346620100445,622.496204556672,972.1793062158167
1921,1,632.502583261233,971.4482756415364,622.5567827021632,972.3604629843454
1922,1,632.5533780781573,971.4649401057051,622.6309322533115,972.5425707551183
1923,1,632.6138795030249,971.4762116023907,622.7037647448528,972.7327624029876
1924,1,632.6718400629777,971.4919710552258,622.7817350037967,972.9258121672608
1925,1,632.7332805668211,971.5162562766448,622.8594384510077,973.1152642500718
1926,1,632.7897889453313,971.5351903802233,622.9401904649992,973.3090334139725
1927,1,632.8483259598564,971.5541541087954,623.0219704446991,973.5038052106258
1928,1,632.8948050518139,971.5717360466939,623.0977150766274,973.700361123175
1929,1,632.9303742670508,971.5919250960927,623.1746097904748,973.8943763556492
1930,1,632.9667340172635,971.6187070718282,623.2566536765835,974.0935094147552
1931,1,633.0034433192205,971.6430663675565,623.3469385743259,974.2921391823959
1932,1,633.0395374665197,971.66765081136,623.4398147323574,974.4907273998866
1933,1,633.0770133858954,971.6952441107071,623.5344065475373,974.6869591613871
1934,1,633.1218409023403,971.724028504771,623.6317572776177,974.8795423981667
1935,1,633.1655665854668,971.7525708078631,623.7293847027127,975.078602669341
1936,1,633.209400181094,971.7858148301484,623.8346310905009,975.2752459995924
1937,1,633.2549803744837,971.8291083710033,623.9413106187308,975.469740796112
1938,1,633.2935477240894,971.8647200516534,624.0422495887277,975.6666890493419
1939,1,633.333419682193,971.8951006189754,624.1361425989094,975.8592444769747
1940,1,633.3683220296817,971.9212586572125,624.2287110266635,976.0545058760562
1941,1,633.4022790262742,971.9566731967807,624.3263638281823,976.2495323394729
1942,1,633.4305654673611,971.9990473248167,624.429117771062,976.44854213644
1943,1,633.4548887380082,972.0426529707263,624.5380000493814,976.6489989469617
1944,1,633.477152135515,972.0907979791955,624.6502233246495,976.8471964439658
1945,1,633.5032218540078,972.1403101644938,624.7681772731099,977.0328818437357
1946,1,633.5224340232696,972.1919456315877,624.8803068184066,977.2317835797029
1947,1,633.5426227792468,972.2423670304914,624.9954940374932,977.4346888443825
1948,1,633.5648993304832,972.292629698758,625.1116593727683,977.6359478050455
1949,1,633.5919918378464,972.3375648639914,625.2226852305873,977.8367264835634
1950,1,633.6209414961488,972.3815244108439,625.3360514931422,978.0402866428051
1951,1,633.6471140379215,972.4236484866765,625.4522870514655,978.2358739509618
1952,1,633.6703590831199,972.4671220065666,625.5730567182575,978.4268713740175
1953,1,633.687722496218,972.5203055248693,625.6979538144542,978.6074157376441
1954,1,633.6964114548122,972.5702973379019,625.8187727840937,978.7820242635796
1955,1,633.7000849160625,972.6236320809577,625.939113205938,978.9480829750777
1956,1,633.6983414929986,972.6776941548587,626.0528027057134,979.1172323948534
1957,1,633.7063614040261,972.728066044701,626.164946241579,979.2858307047053
1958,1,633.7236047892035,972.7742660505309,626.2684615008125,979.4637537318383
1959,1,633.7404262626155,972.8238578265917,626.3778352417687,979.6343422802365
1960,1,633.7563998794741,972.8803280472567,626.489000476032,979.8129528728567
1961,1,633.7561867042441,972.9417642434406,626.6046150785415,979.9807646980511
1962,1,633.7571858182793,973.0123895632736,626.7229153323317,980.1435884973753
1963,1,633.7623551329614,973.0722880640986,626.8418312878755,980.3097997682588
1964,1,633.7692451355925,973.1245455654127,626.9677977884942,980.4641485722667
1965,1,633.7685494438691,973.1767835554106,627.0949106426228,980.6195791386913
1966,1,633.7646924018669,973.2284210602623,627.2224494702318,980.7717975194167
1967,1,633.7674710864671,973.2773518076688,627.3424065304317,980.9276295589398
1968,1,633.7728833079752,973.3271483291572,627.4623480345459,981.0766635438979
1969,1,633.7723425853375,973.3742859952935,627.5770737565931,981.2250888493812
1970,1,633.766224376146,973.42963218499,627.6981785128529,981.3807329764525
1971,1,633.7629656660233,973.4878972662053,627.8204565747724,981.5370404798751
1972,1,633.7687612169651,973.5452196619619,627.9479832619245,981.6913883967842
1973,1,633.778966812224,973.6031873652115,628.0840046750031,981.8524014669741
1974,1,633.7915564629424,973.6647148603535,628.215915270991,982.0044771275585
1975,1,633.8063203077622,973.7248204446753,628.3431617551074,982.1479968459018
1976,1,633.8225625955351,973.7903193204403,628.4705772107822,982.2870467104417
1977,1,633.8370596526094,973.8612431441886,628.596854502801,982.4202007404169
1978,1,633.8470963364498,973.9353539045322,628.7221209632653,982.5567986020789
1979,1,633.8560922155576,974.0166394573982,628.8462699507701,982.6913900037836
1980,1,633.8661675793746,974.0989096354202,628.9713090224418,982.821729197101
1981,1,633.8686463049091,974.1885424751081,629.1006721877322,982.9543712408815
1982,1,633.8795103858644,974.2587942540671,629.228153636852,983.0982974096588
1983,1,633.890679497356,974.3286384491398,629.358991429401,983.2361060301231
1984,1,633.9006358686966,974.4055782743466,629.4943935057902,983.3745654288809
1985,1,633.9073813302097,974.4832607056654,629.6338938968646,983.5126352375553
1986,1,633.9074077198757,974.5587625008002,629.7799157643285,983.6578044350981
1987,1,633.9075109997094,974.6354135042801,629.9228513514504,983.7994237178098
1988,1,633.9089694212581,974.713981060742,630.0660434991189,983.9420052755856
1989,1,633.9049491028292,974.7909475739011,630.2067940680444,984.0814292665118
1990,1,633.9013989162478,974.8654529492896,630.342170777895,984.2258066183732
1991,1,633.8966594199729,974.9419141764935,630.4811720739707,984.3687238548599
1992,1,633.8833362590213,975.0257008850958,630.6153989154894,984.5122909137981
1993,1,633.8789330727916,975.1095987191807,630.746672007261,984.6480641873809
1994,1,633.8746813127113,975.1934999873666,630.8807343953582,984.779244300752
1995,1,633.8674932911402,975.2812260401006,631.0199115046225,984.9055659799297
1996,1,633.866666362454,975.3733073826571,631.1525863440162,985.0250113307776
1997,1,633.8698886973558,975.4701568777638,631.2925213517118,985.1393112645683
1998,1,633.8752072912288,975.5761476182679,631.4303828101375,985.2495910716843
1999,1,633.8887247632955,975.6666258351473,631.5660551573147,985.3641375393408
2000,1,633.903347614704,975.7496797836341,631.7022760181833,985.4868766908565
2001,1,633.9178133583,975.8340791311977,631.8448762895391,985.6019815229438
2002,1,633.9343445024667,975.9186946897067,631.9860085167696,985.7160975385312
2003,1,633.9502832960744,976.0051510915293,632.1300225772745,985.8301904633271
2004,1,633.9629502342963,976.0928157771941,632.2650190296208,985.9389310964613
2005,1,633.9689404126447,976.177026219355,632.3958721100322,986.0525062880689
2006,1,633.9719389293762,976.2649610374954,632.5220868353969,986.1621167205832
2007,1,633.9702359169054,976.354932160993,632.6540071722683,986.263102220432
2008,1,633.9743681375401,976.4325058847146,632.7843849994894,986.3655016040622
2009,1,633.9747483326086,976.5104959331655,632.9094752581954,986.4551905022568
2010,1,633.9705310490754,976.5845764193948,633.0435002769644,986.5460621863305
2011,1,633.9645238076658,976.6524694448357,633.1790967306291,986.6332355815559
2012,1,633.9485639199914,976.7210548654692,633.3213027705822,986.7179835641159
2013,1,633.9418324397654,976.7976279335927,633.4613391360871,986.8043462952244
2014,1,633.9345680303796,976.8811758037712,633.5959976818765,986.8926068965362
2015,1,633.9332373022203,976.9646530501051,633.7306967758789,986.9816546086305
2016,1,633.9335285965475,977.0430632926366,633.8662350769395,987.0746925887063
2017,1,633.9370046102753,977.1225450018455,633.9897356013017,987.1780270959623
2018,1,633.9465162703866,977.2030172011907,634.1120905659936,987.2780761251366
2019,1,633.9623771000881,977.295363214389,634.2389104412887,987.375393156866
2020,1,633.9792172030196,977.3915551052106,634.3537290211227,987.461902725933
2021,1,633.9870471009061,977.4884092368162,634.4754388991541,987.5434616308593
2022,1,633.9982544818084,977.5896326362739,634.5976530614624,987.6157750361245
2023,1,634.0147713895847,977.6926896030644,634.7270154398818,987.6774463490017
2024,1,634.0299117457045,977.7974331017667,634.8556225525886,987.7355805942628
2025,1,634.0367559116958,977.8854958371899,634.9796593523392,987.8113489340216
2026,1,634.0425434902745,977.9741048676283,635.1017966034523,987.8884654171894
2027,1,634.0457246310662,978.0628041966027,635.218219045369,987.9576359615454
2028,1,634.0452137563939,978.1430013288625,635.3371988053989,988.0359410401423
2029,1,634.0416373214609,978.226271673865,635.4536654115038,988.1046897453425
2030,1,634.0473975549639,978.3150440415985,635.5608959694073,988.1683267477529
2031,1,634.0445344750556,978.3937584559214,635.6709307674035,988.2349945785006
2032,1,634.0447311393999,978.4754731969339,635.7839045992063,988.2904037159024
2033,1,634.0489286455713,978.5516034784742,635.9026624851437,988.34933747322
2034,1,634.0573312151301,978.6276949326488,636.0238229623096,988.4035778367344
2035,1,634.0670715626773,978.7015169689355,636.1420429395478,988.4568424367743
2036,1,634.0781526910177,978.7749537179482,636.2562438164563,988.5054126736638
2037,1,634.085573870956,978.8519906238521,636.3751191317215,988.5607049063498
2038,1,634.0931764325429,978.9269905875067,636.4937761821736,988.6134928738227
2039,1,634.1059347744774,979.0021264618853,636.6175405362535,988.6751072423082
2040,1,634.1232916731058,979.0903625263738,636.7426866883213,988.7258623095345
2041,1,634.1404592288332,979.1797381852512,636.875591059812,988.7829566804053
2042,1,634.1608140099668,979.2763076394135,637.0145896643679,988.836266215549
2043,1,634.178396498818,979.3666124493511,637.1494270271696,988.904304154359
2044,1,634.2079089225324,979.4665301290801,637.2856464161055,988.9659137651067
2045,1,634.2437528685494,979.5675677941424,637.4283554833372,989.0304046687531
2046,1,634.285596888604,979.6722867572478,637.5780134802726,989.095896014018
2047,1,634.3227612805285,979.7775174532643,637.730700368428,989.1606442406817
2048,1,634.3562852470532,979.8817847686679,637.8850609834576,989.2226127889841
2049,1,634.3902981993539,979.9922334620923,638.0421098484663,989.2817831946999
2050,1,634.4154564805731,980.1052167271803,638.1937440853084,989.3405081476944
2051,1,634.443284988375,980.218805837968,638.34510074353,989.404568598314
2052,1,634.4680404678654,980.3348125573705,638.498519706965,989.4725190114335
2053,1,634.492201031959,980.4515718685252,638.6479082830225,989.5341586434981
2054,1,634.5088993603972,980.573659276117,638.798816559054,989.594833461348
2055,1,634.525153284991,980.7001620206488,638.9505265950286,989.6557509003619
2056,1,634.5416464327452,980.8337903952108,639.1017349672439,989.7074379528822
2057,1,634.5508627979275,980.9634326083312,639.2537896587023,989.7721257920405
2058,1,634.565337160265,981.099910473592,639.3995385098223,989.829574963161
2059,1,634.5733875425957,981.2403367797093,639.5528459423468,989.8980783142134
2060,1,634.5845725245591,981.3745355730751,639.7085386849075,989.9697288115323
2061,1,634.5962402982713,981.5060309577838,639.8628359640384,990.0367494861696
2062,1,634.6065519139463,981.6338558192874,640.0096427713399,990.1005756674106
2063,1,634.619400817501,981.7608374603276,640.1544546624982,990.1586474494819
2064,1,634.6356811891978,981.8919884559488,640.2940008798878,990.2149083566172
2065,1,634.6583080839156,982.0256598662278,640.4261429110568,990.2719989414907
2066,1,634.6855414233821,982.1748833024848,640.5573427826391,990.3202726688952
2067,1,634.715101405782,982.3252988794399,640.6879463900484,990.3665856950557
2068,1,634.7482319668785,982.4867776344279,640.8098001555006,990.4090610178853
2069,1,634.7791936429804,982.6390060021117,640.938180879217,990.4692185774139
2070,1,634.8044421202683,982.7884066396739,641.0724627749297,990.5355631500071
2071,1,634.828832292494,982.9419397423871,641.2035667595301,990.603487512922
2072,1,634.8590092217383,983.0973639340812,641.3355900794556,990.6692618066413
2073,1,634.8893286910087,983.2501425252082,641.4713959712163,990.739169815711
2074,1,634.9208039275458,983.3997237982246,641.610191726472,990.8010777275346
2075,1,634.9551272263841,983.5592831465455,641.7442942578044,990.8695960321263
2076,1,634.9833864176728,983.7077240327624,641.8853649338022,990.9401601856329
2077,1,635.0166888185815,983.865909702932,642.0242995375124,990.9993525375585
2078,1,635.0575962887754,984.023985302073,642.1612727906422,991.0597776028894
2079,1,635.0970729923711,984.1808641458144,642.3035304077935,991.1268195163001
2080,1,635.1353942405491,984.3378397452192,642.4429865774258,991.1984667741257
2081,1,635.1705059098341,984.4942743142768,642.5803088460842,991.2714868442288
2082,1,635.2025914647512,984.6514151119704,642.715498291036,991.3452026848573
2083,1,635.2369021395439,984.8217288196715,642.852926268505,991.4168610832156
2084,1,635.2881172233518,984.9942652980031,642.9780281827067,991.4845373224437
2085,1,635.3479079760191,985.1725759246461,643.0995429030402,991.5538399888646
2086,1,635.4177309423507,985.352150120669,643.2108559582847,991.6219112067087
2087,1,635.488853993968,985.5403489486017,643.3220440199992,991.688210376988
2088,1,635.5514886298532,985.7138832362683,643.4463146346011,991.76855540736
2089,1,635.609928718661,985.8806601978432,643.5783637770368,991.8544110200975
2090,1,635.6688259348474,986.0527373319966,643.7162227180761,991.9284267416152
2091,1,635.7296519092904,986.2295564302149,643.8496532408552,992.0035021328626
2092,1,635.7886995722985,986.4100052302796,643.9849265771288,992.0792614585698
2093,1,635.8534002348728,986.590848471356,644.1081100652895,992.1512253333799
2094,1,635.9132383433135,986.765222966703,644.2377508134509,992.2228435827218
2095,1,635.9669473827596,986.9425380124799,644.3699399071571,992.293340152561
2096,1,636.0230749139862,987.1186729577622,644.4991022048011,992.3672726517431
2097,1,636.0941723703262,987.2985101955467,644.6246170824829,992.4442456886674
2098,1,636.1528529807969,987.479396125206,644.7547716169289,992.5157759539469
2099,1,636.2109351021043,987.6640289233122,644.8874360074977,992.5875799987385
2100,1,636.2705505443278,987.8359539302802,645.0180273649107,992.6574400768877
2101,1,636.3333965338393,988.0085158055847,645.1479057909348,992.7172530744722
2102,1,636.4011828827632,988.1843740340445,645.2761192178249,992.7723881639869
2103,1,636.4652818275666,988.3642164528482,645.4049185861317,992.8279092326086
2104,1,636.5275532912009,988.5535523037058,645.5270182056817,992.8792054840188
2105,1,636.5888562427675,988.738332471273,645.6507600766754,992.9328941886482
2106,1,636.6529818439824,988.9255134727506,645.7779588766823,992.9836493124477
2107,1,636.7145057799904,989.1181436008883,645.8989439794653,993.0339172417919
2108,1,636.7722728435532,989.3110014396651,646.0172209909517,993.0810742740247
2109,1,636.8202729128559,989.4949692206704,646.1343758096558,993.1289853309839
2110,1,636.8720668851755,989.6729984056404,646.2374489542016,993.1770927294073
2111,1,636.9269738839492,989.853222214381,646.3374149596148,993.2226681692528
2112,1,636.9791865993395,990.0361575073962,646.4385600200183,993.2761956919718
2113,1,637.0376080970664,990.2193422765754,646.532470336497,993.3295227230986
2114,1,637.0934358700574,990.3986331805621,646.627870724011,993.3853885881941
2115,1,637.1462819432661,990.5772249889433,646.7182715028528,993.438729171942
2116,1,637.197059424225,990.7542432598506,646.8087552739966,993.5028294238226
2117,1,637.2555607504504,990.9317364914322,646.9042653423951,993.5636017868108
2118,1,637.3134064598144,991.1086174223447,647.0006108248305,993.6201177338447
2119,1,637.3798361786753,991.2854108799197,647.0952544534385,993.67327054601
2120,1,637.4501473222443,991.4632225294346,647.187808654769,993.7351860193091
2121,1,637.5259206442554,991.6392849634024,647.2805503817482,993.8047606864327
2122,1,637.5979264449838,991.8179156921594,647.3711109746753,993.8778455284603
2123,1,637.6624664932433,991.9990276370223,647.4643343811414,993.9452816386338
2124,1,637.7348401109955,992.1790437762494,647.5517099370096,994.0080881181302
2125,1,637.8011242077816,992.3569395833334,647.6464212819791,994.0755205136279
2126,1,637.8698256224334,992.5389480762248,647.7415339281573,994.1492174855712
2127,1,637.9417719097945,992.7204850609834,647.8300027164047,994.2174991087371
2128,1,638.0052212589326,992.9048126229502,647.9179351701342,994.2812803586106
2129,1,638.0722696004317,993.0873486051163,648.013586000065,994.3356959596235
2130,1,638.1441284444331,993.2711779789182,648.1074974591504,994.390350000582
2131,1,638.2161344931889,993.4507872903305,648.2065734066819,994.4408019034257
2132,1,638.2936562428872,993.6217086297854,648.3053590034887,994.4930868025758
2133,1,638.3786860824063,993.7987563017944,648.4019820227604,994.5356942389326
2134,1,638.4612136259307,993.971431190239,648.4951431947784,994.5791028496946
2135,1,638.5527604494101,994.1438650822831,648.5826560408199,994.6270468581617
2136,1,638.6487441199699,994.317778443297,648.6616631066717,994.667027413047
2137,1,638.74126134364,994.4864358614167,648.7366081335225,994.7037241353138
2138,1,638.8269701106977,994.6513502311306,648.8171101517376,994.7378013055994
2139,1,638.9047171226619,994.8180036668134,648.9011904122563,994.7727215060578
2140,1,638.9877055788924,994.9874924662064,648.9810306451153,994.8120408511438
2141,1,639.0722345545413,994.8473198717993,649.0676392999145,994.8484487612667
2142,1,639.1521533824027,994.9877465764861,649.1542533416724,994.882661754232
2143,1,639.2357514732284,994.848421363909,649.2452287531858,994.9157292644792
2144,1,639.3192976405717,994.9939287225989,649.333433632394,994.9499694084318
2145,1,639.4126002367454,994.8436077389881,649.4216157916944,994.9852209386657
2146,1,639.5082193665882,994.9871283009834,649.5154787719397,994.9785657260102
2147,1,639.608018841138,994.8449805454408,649.6064061414828,994.9841188561119
2148,1,639.7138163571924,994.9898800280984,649.7054314232328,994.9722571462856
2149,1,639.8095859847097,994.8537835510798,649.8069346721188,994.9910741258121
2150,1,639.9056334423003,994.9902921435184,649.9062479697602,994.9751709510398
2151,1,639.9974299375846,994.8606015239557,650.0086107289995,994.9902554946073
2152,1,640.0918692936328,994.9934265628012,650.1118384344768,994.974461678766
2153,1,640.1917890002865,994.8575132545649,650.214216124523,994.9914920353152
2154,1,640.297879475457,994.993317130714,650.3134091633204,994.9753030871373
2155,1,640.4043327185976,994.8561863850334,650.4177205447941,994.9865558412366
2156,1,640.5133131383284,994.9904884610258,650.523633945456,994.9743892423423
2157,1,640.6274600281552,994.8584954945575,650.6212322056515,994.9841107037723
2158,1,640.7361466279464,994.9849637283371,650.713991346421,994.9688086338753
2159,1,640.8383985308876,994.8572232567761,650.8186200662972,994.9872110882301
2160,1,640.9375788846444,994.9893744485253,650.9280864137712,994.9742782309012
2161,1,641.0390935637054,994.8681613295762,651.0257374671911,994.9847281595647
2162,1,641.1496907835005,994.9930749155845,651.1324168715424,994.9713661730916
2163,1,641.2655830644832,994.8715700443711,651.2391914616945,994.9847704595826
2164,1,641.3747397324951,994.9979586220228,651.3477694797529,994.9709666424363
2165,1,641.4885770518252,994.8659246425689,651.4507945746524,994.9843063947684
2166,1,641.5988964233952,994.9941633195677,651.5604789927916,994.969147945111
2167,1,641.7151692561557,994.8758615219575,651.6794091229833,994.9846168082244
2168,1,641.8319774663329,994.9882429324449,651.7979305640459,994.9633683024915
2169,1,641.9542502137231,994.8850373655703,651.9174172408242,994.9846475539571
2170,1,642.0746725574597,994.9954280393351,652.0343748258612,994.9624836743916
2171,1,642.1927080996062,994.889704681002,652.1518929270038,994.9817666902768
2172,1,642.3116461723749,994.9970531041794,652.2777087804519,994.9654540769947
2173,1,642.4362322835609,994.8911444801126,652.4041815014145,994.9731694575397
2174,1,642.5583401373196,994.9935396394023,652.5340597319159,994.9648309493526
2175,1,642.6827782427796,994.8882459905204,652.6680817955923,994.9726138966738
2176,1,642.8084239127451,994.9910787630988,652.8012499653341,994.9608570129811
2177,1,642.9415070359023,994.89084051952,652.9331571778176,994.9737123667401
2178,1,643.0733982379037,994.9940642073462,653.0576645111121,994.9613121638587
2179,1,643.203620935846,994.8866261252961,653.1864084652738,994.9728148654716
2180,1,643.347270413215,994.9973804661668,653.319095295136,994.9579697405858
2181,1,643.4904268196107,994.8815162607774,653.4511405696715,994.9669370015866
2182,1,643.6298112114957,994.9943617587271,653.5894890022322,994.9516285129258
2183,1,643.7738674130051,994.8782606886896,653.7256862345852,994.9689395141419
2184,1,643.9107236529168,994.9925817858871,653.8601556250264,994.9497338465093
2185,1,644.052108934738,994.87652286427,654.0057772896773,994.9716148921727
2186,1,644.2008847460078,994.9969979910486,654.1457324873658,994.9523802187643
2187,1,644.343741751257,994.8799279048699,654.2901355599763,994.972626793609
2188,1,644.4891482176447,994.9988651935843,654.4344971289462,994.9537040865808
2189,1,644.6330766693866,994.880552797958,654.573045395403,994.9770052649583
2190,1,644.7756935505892,994.9997997914012,654.7154309705229,994.9566278337007
2191,1,644.9105431621867,994.8752804990992,654.858312933217,994.981549903898
2192,1,645.0521977842609,994.994402523384,654.9919652196717,994.9622195945818
2193,1,645.1817425129035,994.891847249044,655.1267172539283,994.978902965449
2194,1,645.3157630670815,994.9883546598519,655.2586061803983,994.9593120092702
2195,1,645.4491795968942,994.8941377080569,655.3960415287123,994.9737987641452
2196,1,645.5870259935043,994.9931745529258,655.5379658435991,994.9523923859559
2197,1,645.7363172763168,994.8908271704631,655.6817646612004,994.9736805573714
2198,1,645.8777045963315,994.998538251331,655.8373938614383,994.9554095488725
2199,1,646.0261980629632,994.8936408158614,655.9889649816612,994.9765842154995
2200,1,646.1727288354916,994.9968342641826,656.1498998216392,994.9512668761676
2201,1,646.32721120031,994.8955182841378,656.296571994095,994.975204565453
2202,1,646.4744556805524,994.999271606642,656.4457073098464,994.9550509037007
2203,1,646.6265270731745,994.8959983299637,656.6032500824188,994.9752181784805
2204,1,646.7818669703864,994.9987813328332,656.7556654545934,994.9638734436181
2205,1,646.9333855332426,994.8967637037202,656.9112228353466,994.9781584865761
2206,1,647.0889458193875,994.9962627969078,657.0601455645458,994.9616754157595
2207,1,647.2358126784212,994.8960518759618,657.2104960195315,994.9800547838774
2208,1,647.3818872425812,994.9955570022104,657.3587393758344,994.9618173457657
2209,1,647.5281633486757,994.8934769169794,657.5076765098363,994.9844970235091
2210,1,647.6836406834207,994.999483758977,657.6557510874975,994.957976768634
2211,1,647.8420370939738,994.8900823435237,657.8105697737401,994.9753694037386
2212,1,647.9997858409057,994.9971211140364,657.970791343417,994.9644300932345
2213,1,648.1616884001894,994.8929622482341,658.1240512084827,994.9778312342463
2214,1,648.306921275079,994.989761526775,658.2858207966382,994.9613075907079
2215,1,648.4611739707766,994.9015364563044,658.437093722116,994.9722607370237
2216,1,648.6121353757203,994.9968026308755,658.5857406414849,994.9543994533543
2217,1,648.7644476291455,994.9022913794163,658.7362078320006,994.9772016506666
2218,1,648.9183016865092,994.993996346029,658.8892778045577,994.9584718961993
2219,1,649.0691261899534,994.8998039917524,659.0506685353961,994.9876717454733
2220,1,649.2309435993367,994.9939452534745,659.2038547099929,994.950489078525
2221,1,649.3929294686226,994.896579540979,659.3638069423386,994.989732718084
2222,1,649.5612056357858,994.9999293513912,659.5222964784082,994.9504837849737
2223,1,649.720200031205,994.8951037589098,659.6911311145465,994.990443879058
2224,1,649.8873355581393,994.9964353449362,659.8585026043384,994.9469651159694
2225,1,650.0620950293438,994.8950744403935,660.0230781989461,994.9855163967618
2226,1,650.2324413917769,994.9966358438362,660.1953019174715,994.9391474591472
2227,1,650.4014597758337,994.893544892184,660.3781373679866,994.9870128122429
2228,1,650.576500998408,994.9988872224643,660.5497283879366,994.9427688422526
2229,1,650.7433290645876,994.8946057783581,660.7144524725852,994.9888621288087
2230,1,650.9087917693734,994.9982117569955,660.8755865317572,994.942761133546
2231,1,651.0813219616892,994.8931668357762,661.0413894312848,994.9879958690151
2232,1,651.2501802597163,994.9938265965042,661.2096086474122,994.94635550045
2233,1,651.4243089985594,994.887927981152,661.3817204482027,994.9867243890303
2234,1,651.5965848233344,994.9954242758772,661.556220071673,994.9464811820657
2235,1,651.7822885308908,994.8798901866078,661.7366515326801,994.9934028821426
2236,1,651.9645118076373,994.9870846226532,661.9186243493534,994.9464223585311
2237,1,652.1450289132633,994.883058466721,662.0974289881739,994.9983931733367
2238,1,652.3340525760309,994.9854528713422,662.2806231303208,994.9498131907395
2239,1,652.5243870942456,994.8870952963376,662.4648047963532,994.9967968369085
2240,1,652.7097256955194,994.9869534090448,662.6511980250244,994.9534105712554
2241,1,652.8973071226644,994.8880417444882,662.8351489060929,994.9961744903951
2242,1,653.0779539143222,994.988796333811,663.019000129575,994.9493309440885
2243,1,653.2623993236269,994.8825078133482,663.195950497614,994.9947593714895
2244,1,653.439169317673,994.9929323188934,663.3768664597546,994.9476739132103
2245,1,653.6174754457214,994.8796858199192,663.5610917383447,994.9855561130057
2246,1,653.7909893424041,994.9887881583367,663.7393679299452,994.9411312734934
2247,1,653.970104497807,994.872574541882,663.9119414462525,994.9828230226753
2248,1,654.1428985329137,994.991755900723,664.0898593188857,994.9369755186016
2249,1,654.3214658726238,994.8706206491099,664.264358991288,994.9900768024627
2250,1,654.5003636039531,994.9948776977403,664.4404927743955,994.9390778886658
2251,1,654.6806157012348,994.8589272125423,664.6175929940104,994.9882901754054
2252,1,654.8639930116774,994.9898452836113,664.7902666087568,994.9384990483774
2253,1,655.0434653756362,994.867259498631,664.962663936773,994.992641419169
2254,1,655.2228883906438,994.9907800285939,665.1423432524392,994.9329389428926
2255,1,655.40414162251,994.8584336496281,665.3255708492338,994.9920610447687
2256,1,655.5844853168585,994.9948752880083,665.50513250483,994.9340084563346
2257,1,655.7652467527988,994.8639326802786,665.6912233420786,994.9972952242595
2258,1,655.951057282195,994.9866748450502,665.8657047232157,994.9370260878421
2259,1,656.1372908061427,994.8597854446731,666.0436182351107,994.9965807842772
2260,1,656.3169248710046,994.9863050981995,666.2200828977611,994.9260770213967
2261,1,656.4935212243163,994.8491110364521,666.3985809694019,994.9963878666482
2262,1,656.6743757335938,994.9961301837832,666.5796320775294,994.9277067358627
2263,1,656.8587635396111,994.8473757464917,666.7604150766073,994.9989070206137
2264,1,657.0418788546613,994.9950518183546,666.9422137653137,994.9192830136537
2265,1,657.2218373307203,994.8455849737679,667.1269336689201,994.9988503692091
2266,1,657.3994474077713,994.9973714820629,667.3170014816493,994.9231585377039
2267,1,657.5850836903826,994.8461070952804,667.4988512060921,994.9970895263946
2268,1,657.7668750962101,994.9954914342121,667.6783457267994,994.9311968278887
2269,1,657.9536753958319,994.8439319367467,667.8592173153784,994.9945333769126
2270,1,658.1393018085843,994.9995935771167,668.0369429374581,994.9317469217631
2271,1,658.3185660668722,994.8374812044741,668.2190592837659,994.9893986914483
2272,1,658.4973380551035,994.9958820605916,668.3887236612865,994.9321422180883
2273,1,658.67663683239,994.8467668852819,668.564654839862,994.9939072506575
2274,1,658.857127601427,994.9981785370575,668.7447971999787,994.9327865853794
2275,1,659.0335845843318,994.8501944273435,668.9237252279952,994.9946253531442
2276,1,659.2066527641604,994.9996019699164,669.1005454909796,994.9339048036111
2277,1,659.3891212346346,994.8434790678489,669.2772274235165,994.9962867003685
2278,1,659.56558050795,994.9965636741175,669.4576375951887,994.9348034890511
2279,1,659.7497729375498,994.8464801706638,669.6238233630435,994.9955340180426
2280,1,659.92045792354,994.9996503686313,669.7940621097644,994.9424633559664
2281,1,660.0820339201892,994.8507338838259,669.9556335327761,994.9966033497138
2282,1,660.245035928058,994.9971473968774,670.113996771873,994.9337361488349
2283,1,660.4084745175975,994.8467114589962,670.2751780096391,994.9982634201359
2284,1,660.5726042245883,994.996991618265,670.4378385352936,994.9315750185617
2285,1,660.7351730261995,994.853707534153,670.6072144013287,994.99354093161
2286,1,660.9036877636408,994.9962766533373,670.770435206049,994.936206095949
2287,1,661.0662646620076,994.8500814962111,670.9291161571947,994.9967435339054
2288,1,661.2283863414764,994.9989167412682,671.0831108780671,994.9344117009431
2289,1,661.3909795183154,994.8435707698056,671.2321207499779,994.9999520681822
2290,1,661.5493722279992,994.9944833335096,671.3937498227174,994.9471976469961
2291,1,661.7054770703905,994.8391156998952,671.5533565530542,994.9937155289589
2292,1,661.8603645294957,994.9948062938385,671.7152418532819,994.9539194630054
2293,1,662.0121629181635,994.83543981978,671.8750176365326,994.9948284162023
2294,1,662.1614695063756,994.996538002166,672.0279640347853,994.9598992181222
2295,1,662.311225054151,994.8477444973018,672.1803781919366,994.9990079027777
2296,1,662.4627672842132,994.9964369583085,672.3309822844883,994.957009478414
2297,1,662.609313703129,994.8562169781217,672.4812741302145,994.99636047803
2298,1,662.7573185798437,994.995051873021,672.636424336204,994.9553184380984
2299,1,662.9056560262005,994.8522256472404,672.7922360508285,994.9891813829751
2300,1,663.0558139008207,994.9947033446117,672.9512461810417,994.952402677421
2301,1,663.20986983115,994.8449043550638,673.1097812109172,994.9916633236418
2302,1,663.3680908108165,994.997001754237,673.2633343951744,994.9505505008077
2303,1,663.5248845811202,994.8419241288473,673.417427236327,994.999981294933
2304,1,663.6772007597197,994.9910367233903,673.5602016569818,994.9437286223571
2305,1,663.8169139033479,994.8531087302791,673.7065553433811,994.9969861362332
2306,1,663.9590764917328,994.9920425791972,673.84810833361,994.9476012808799
2307,1,664.0966113882943,994.8436845003874,673.9909314194994,994.9977462827284
2308,1,664.2360149743213,994.9912984336992,674.1289982117776,994.9449003369908
2309,1,664.3738050399032,994.844042736509,674.26749997158,994.9991739202043
2310,1,664.5204795379503,994.9962670436089,674.4057884443189,994.9481400912246
2311,1,664.6588343919577,994.8470406445813,674.5468130482917,994.9998403032092
2312,1,664.7988673650138,994.9954681133419,674.6831231968096,994.9490764297573
2313,1,664.9357414515474,994.856491436903,674.8261825040412,994.9981327889477
2314,1,665.0743663478689,994.9957618650125,674.9562145757815,994.955679638662
2315,1,665.2001609299622,994.8587166665191,675.0918251012164,994.994426806923
2316,1,665.3374729193614,994.9933991896102,675.2183854546427,994.9675491057129
2317,1,665.4690277089303,994.8612893147662,675.3509093324521,994.9973972620312
2318,1,665.6058374877955,994.9948932439594,675.4838561425305,994.9644613224278
2319,1,665.7378159577136,994.8606680710338,675.6186170619746,994.992854261968
2320,1,665.868567932895,994.9987645833535,675.7504189374994,994.9693175393635
2321,1,666.006662465321,994.8608818554303,675.884787253796,994.9986746600157
2322,1,666.1428277320899,994.9970599760641,676.0201679118027,994.9734895470981
2323,1,666.2664594996121,994.8682176670716,676.1561788315036,994.9981713821456
2324,1,666.3979758069925,994.9943168827486,676.2887544497025,994.9712273110875
2325,1,666.5363907212835,994.8700647355391,676.4259936357003,994.9963044952789
2326,1,666.6707540376093,994.990975323953,676.5549802596408,994.9749864779203
2327,1,666.8042515030172,994.8676490340584,676.6892326446896,994.9964936022976
2328,1,666.9383647755329,994.9978715350452,676.8243735681832,994.9727868164669
2329,1,667.0738844685225,994.8621129541046,676.9546749822055,994.9953208161609
2330,1,667.2093182338162,994.9919290444873,677.085784277706,994.96267121353
2331,1,667.3385688659275,994.8564995572567,677.2185147947544,994.9931581290559
2332,1,667.465106907334,994.9998955202614,677.3507636829471,994.9619674353123
2333,1,667.591751077034,994.8553036268934,677.4801455417836,994.9955488493182
2334,1,667.7224240017553,994.9966899148865,677.6113695249984,994.961452473474
2335,1,667.8503191335354,994.8537361802785,677.7350337744335,994.9960872502459
2336,1,667.9821560312118,994.9973947217163,677.8539121126267,994.9600471030607
2337,1,668.1068089815649,994.8593935048842,677.9771450151543,994.9901684445198
2338,1,668.2325345846515,994.9969108107659,678.1016054848693,994.981310641698
2339,1,668.35975755941,994.8634114807087,678.2333139791629,994.9949383620752
2340,1,668.4927626794499,994.999458033498,678.3662240823664,994.9791482227098
2341,1,668.6181782130484,994.8687023189669,678.4967917210931,994.9977607653536
2342,1,668.7449683437541,994.9974898784817,678.6246170764381,994.9776704268376
2343,1,668.8735387420554,994.8685625383955,678.7539908852488,994.995078772564
2344,1,669.0098821391956,994.997065397982,678.8874466062341,994.981744786181
2345,1,669.1467275196395,994.8708124816234,679.0172865650015,994.9973179003833
2346,1,669.2844718379329,994.9998675085708,679.152923750867,994.9807964027583
2347,1,669.4122411074708,994.8758286289707,679.2955519487109,994.9961926342266
2348,1,669.5465811748569,994.9971458840905,679.4289412093822,994.9786246897974
2349,1,669.6836937054611,994.8739692973218,679.5682400938092,994.993598010359
2350,1,669.8341490228945,994.9893398322257,679.6996510253283,994.969738529246
2351,1,669.9798810217898,994.8760020679034,679.8460731231861,994.9913305015231
2352,1,670.1307996738366,994.990940680445,679.988630586784,994.9588337389154
2353,1,670.2849009752159,994.8783162481457,680.1350582044124,994.993048989941
2354,1,670.4335485718665,994.9895978980906,680.2897999011357,994.9487723351292
2355,1,670.5831127658349,994.876587150921,680.4407718666207,994.9947627280995
2356,1,670.7322275107939,994.9912240502815,680.5943572990849,994.9510291739259
2357,1,670.8851412833052,994.8771232016744,680.7437620160104,994.9953191863591
2358,1,671.0311599386515,994.9860673915128,680.8911159083034,994.944878812578
2359,1,671.1762459559297,994.8786418326588,681.0423000009248,994.9900652818142
2360,1,671.3305656171935,994.9888387802033,681.1932331334058,994.9421867946389
2361,1,671.4911564655063,994.876383663593,681.3482651611107,994.9935828413091
2362,1,671.6524504959347,994.9910048589996,681.5052724835591,994.933600585127
2363,1,671.8160506840684,994.8793331350277,681.6637805381826,994.986208479824
2364,1,671.9786963309369,994.9939432656838,681.8253940963724,994.9402812770292
2365,1,672.1366630882758,994.8761387063968,681.9845952696485,994.9816409357895
2366,1,672.293154942604,994.9901820808373,682.1441163826312,994.9370597196593
2367,1,672.449778981439,994.8841096982176,682.3067364878389,994.984840760744
2368,1,672.6036228146081,994.9959141723525,682.4631252114068,994.9365162468305
2369,1,672.7588623061816,994.8846786087701,682.61506152375,994.9864614509092
2370,1,672.9070635511633,994.9909209048532,682.7731978825776,994.9378508766974
2371,1,673.0577631013672,994.8825305389202,682.9300471568301,994.9850492003998
2372,1,673.2200545714721,994.9969218438641,683.0807516250812,994.9319678070513
2373,1,673.374428843085,994.8805679607048,683.2434829576506,994.9803542565456
2374,1,673.5317299070003,994.993957980158,683.4071821776467,994.9290597426553
2375,1,673.6855783001384,994.8756301879706,683.5664260721675,994.9863464313651
2376,1,673.8342216736318,994.9924898475662,683.7182714364543,994.9305323968317
2377,1,673.9873961427248,994.874944508963,683.8678912559187,994.9856931276892
2378,1,674.1384423639345,994.9993133041978,684.021763538027,994.9301355198302
2379,1,674.2933675754718,994.8753160469962,684.1760798773972,994.992729248566
2380,1,674.4507182426803,994.999612678281,684.3314829768775,994.9293986586812
2381,1,674.6019400188036,994.8777994318093,684.4880386233484,994.9940698007775
2382,1,674.764623727548,994.9951669561067,684.6469040904478,994.9266763355643
2383,1,674.9199567770908,994.8796037125866,684.808520262952,994.9937169107255
2384,1,675.0789637482959,994.9923731471943,684.9749093546877,994.9243697309591
2385,1,675.2341120396259,994.8736046439548,685.1324265084643,994.9980101718402
2386,1,675.3945230415409,994.9976164731113,685.2955915572372,994.9219874835146
2387,1,675.557636820435,994.8731552757255,685.4574133489125,994.9997046511144
2388,1,675.720184233036,994.9980179771459,685.6173122955216,994.919925286108
2389,1,675.8825388150589,994.8691191899593,685.7902786525722,994.9985098787968
2390,1,676.0473936555516,994.9994085815719,685.9533607015065,994.9189402080452
2391,1,676.2073322989706,994.8684161945681,686.1221315546564,994.9960199736172
2392,1,676.374901210438,994.996108649835,686.288835101571,994.9165685431254
2393,1,676.5511012815875,994.8697483823411,686.4525814425073,994.9988405514347
2394,1,676.7251177252034,994.9956522516137,686.6181856326419,994.9229066726319
2395,1,676.894273584041,994.8729505454126,686.7790163452511,994.9939873192371
2396,1,677.0543842973655,994.997628838828,686.942155180933,994.9270947848759
2397,1,677.2207764768916,994.8676697419266,687.108901157675,994.9957480377128
2398,1,677.3873989225985,994.9974746968785,687.2721490269787,994.9281082646593
2399,1,677.5546039632508,994.8605707937159,687.4383828911339,994.9911388390564
2400,1,677.7201907212201,994.9998915449758,687.6072667416146,994.9277111901671
2401,1,677.8878921873188,994.8589463930995,687.7767800321194,994.9951995164218
2402,1,678.0558883483538,994.9921500166968,687.947693866852,994.92430937993
2403,1,678.2288122993679,994.8700869826879,688.113931643912,994.993495641206
2404,1,678.4002347297487,994.9908948582805,688.2800234052635,994.9293232703803
2405,1,678.5753093416879,994.8707885784229,688.4472468509276,994.993301626774
2406,1,678.7493204282976,994.9944229512221,688.6242367759222,994.9228581821798
2407,1,678.9203297592239,994.8611285887835,688.805910574341,994.9993051639507
2408,1,679.0912547260917,994.9983189085757,688.9808605864822,994.9173362292171
2409,1,679.2570572953149,994.8695308790784,689.1579304451141,994.9961066624692
2410,1,679.4334607560031,994.9949062462939,689.3412509720417,994.9210925460709
2411,1,679.613747303619,994.8793749978283,689.5278440111059,994.9998530555553
2412,1,679.7911918808368,994.9968491180866,689.7120587195764,994.9221052725759
2413,1,679.9626246585642,994.8786764826071,689.898129863322,994.9982511865926
2414,1,680.1375913097979,994.9991258452598,690.0713101166356,994.9231452355403
2415,1,680.31682882848,994.8869389034005,690.2407064747947,994.9945172446494
2416,1,680.4944094030772,994.9937274378539,690.409109923411,994.9222985906914
2417,1,680.676107225215,994.9067205537519,690.580825513668,994.9966019092408
2418,1,680.8562404834597,994.9964740880758,690.7586570139006,994.9225070403396
2419,1,681.0280832148003,994.9065356413789,690.9363088134712,994.9993793162274
2420,1,681.2012313490067,994.995589643097,691.1085442639612,994.9253641826937
2421,1,681.3737178081209,994.9032161325977,691.2834861874117,994.9944733765711
2422,1,681.5497742129381,994.9930313721525,691.4542943332598,994.9296992662989
2423,1,681.731073800444,994.9002142825208,691.6251239175673,994.995625236737
2424,1,681.9034103528433,994.997843407266,691.797640970316,994.9354291947423
2425,1,682.0739148180136,994.9060883475762,691.9731430312261,994.9963184155138
2426,1,682.2474356166356,994.985646289072,692.1470972641496,994.9310492768352
2427,1,682.4200866595536,994.9071054995089,692.321591895666,994.997430816192
2428,1,682.5982373449428,994.9876202080643,692.4926425356088,994.9292006977989
2429,1,682.7747721541897,994.8999183245186,692.6611377198404,994.9951927015842
2430,1,682.9461166920944,994.9845001947257,692.8365552983933,994.9337249312402
2431,1,683.117938524347,994.9024997315779,693.0051299988545,994.999742468497
2432,1,683.2911801860631,994.9833943303155,693.1749076576923,994.9302264359368
2433,1,683.4491132113616,994.8976987971798,693.3466874499485,994.9978154374933
2434,1,683.6121027296953,994.9886854332448,693.5029306215553,994.9266350689724
2435,1,683.7715234575319,994.8956671583514,693.6677277409007,994.9968465635229
2436,1,683.9360308091768,994.9890534822372,693.8366705802646,994.9304890718944
2437,1,684.1045951483447,994.8984462753364,694.0060831414424,994.9962032887296
2438,1,684.2684812456074,994.9863796488795,694.180168833633,994.9301121359164
2439,1,684.4407514835477,994.8960571939978,694.3548575932413,994.998374483441
2440,1,684.6207410148116,994.9902557048368,694.5270305993806,994.9185621287066
2441,1,684.7986594038343,994.9013131578441,694.7013624725914,994.9972526281183
2442,1,684.974054798637,994.9861172886893,694.8764422368246,994.9188330035001
2443,1,685.1582828983097,994.8974016464476,695.0584380276939,994.9972433290574
2444,1,685.3438239990032,994.9870334911266,695.2453469599725,994.9154325490222
2445,1,685.5311926163871,994.8939431948625,695.4411760055634,994.9888599216855
2446,1,685.7163612187387,994.9770705648443,695.6261026892789,994.9357347297447
2447,1,685.9013410475216,994.8937206879125,695.8178101537187,994.9943030925374
2448,1,686.0807282900364,994.9844754439938,696.0103922950889,994.9356194058454
2449,1,686.2631633371884,994.8867913653088,696.1875336716264,994.9980969591379
2450,1,686.4527567926035,994.9887771301225,696.3677105046238,994.9337698196517
2451,1,686.631502884371,994.8868873702037,696.553664981148,994.9988817422039
2452,1,686.8073236049506,994.9896269711697,696.7307405680781,994.9328973827885
2453,1,686.9857911511368,994.8909965068174,696.9112810150338,994.9946736799828
2454,1,687.1658181165524,994.9899523730344,697.0874879613594,994.947289610753
2455,1,687.3481825803354,994.8867902220273,697.2628076145043,994.9878707394694
2456,1,687.5277324006796,994.9854337736781,697.4459793145273,994.9469901443076
2457,1,687.7025833073727,994.8841753438135,697.6334913712099,994.9881434859237
2458,1,687.8768331213944,994.9878105241656,697.8092902577041,994.9440114908349
2459,1,688.0559923892108,994.8927889146944,697.9766264491952,994.9871422910055
2460,1,688.2324395499292,994.9860070421938,698.1375401508548,994.948869686082
2461,1,688.4011273955737,994.8925905648098,698.3041067973664,994.9901856274982
2462,1,688.5613157184553,994.9770200373212,698.4740182881989,994.947063369764
2463,1,688.7200259286338,994.8945541811011,698.634746266119,994.9906045808076
2464,1,688.8812929779831,994.9866133119735,698.7876941678288,994.9463391182145
2465,1,689.0358016351362,994.8912326023259,698.9436265409441,994.9773851238889
2466,1,689.1851059685662,994.9824209404803,699.0974074502817,994.9454276314208
2467,1,689.3422537651574,994.8907966176018,699.2485776706462,994.9748184489235
2468,1,689.5004808951177,994.9840795931211,699.4022706430409,994.9490850613047
2469,1,689.6544162127443,994.8898696464911,699.553162465722,994.9772146125987
2470,1,689.808431869517,994.9827938811538,699.7088033596871,994.9524270694042
2471,1,689.9607434044651,994.8865612876599,699.8586825929096,994.9826982866103
2472,1,690.1171376992311,994.9791840782724,700.0025492967219,994.9475439137036
2473,1,690.2629083792981,994.8875822515294,700.1562483940248,994.9817754855807
2474,1,690.4114054824836,994.982559677606,700.3097499985544,994.9402198965713
2475,1,690.5579059551139,994.8910845273379,700.4624714472751,994.9761317064583
2476,1,690.7035068638514,994.9856452898118,700.61074750455,994.932722643946
2477,1,690.8482882537917,994.885430374682,700.7571513862689,994.9828137047756
2478,1,690.9992173482084,994.9908057444451,700.8945784417468,994.9380078351074
2479,1,691.1434227828182,994.8890400990387,701.0403647490882,994.9856339868809
2480,1,691.2881600100958,994.9962806111547,701.1896406113967,994.9337953453838
2481,1,691.4309232465442,994.8902418880406,701.3359536654056,994.9887787567199
2482,1,691.5755277291635,994.9958813987652,701.4794692424841,994.9388075629414
2483,1,691.7159326611485,994.9026268894204,701.6325247801248,994.9857279033173
2484,1,691.8690224496536,994.9994095249978,701.7784552899934,994.940400093392
2485,1,692.0142277347393,994.9032188748706,701.9283976813847,994.9964657817558
2486,1,692.1657148823808,994.9988740117894,702.072386048472,994.9455732136529
2487,1,692.3125443002643,994.9073390108305,702.2176602964819,994.9962193084652
2488,1,692.4611432718534,994.9970452666428,702.359933927581,994.9448133090841
2489,1,692.605028403013,994.9126224585724,702.5063730287492,994.9988486465799
2490,1,692.7523157149102,994.9988759838396,702.6481284336753,994.9488451722033
2491,1,692.8934322598392,994.9094840562316,702.8033987448696,994.999732877022
2492,1,693.0475229469002,994.9989860634391,702.9495775522438,994.9485935754703
2493,1,693.2016413000308,994.90599151321,703.1045714603548,994.9984067144304
2494,1,693.3571064200779,994.9985846239919,703.2574516789574,994.9441322735403
2495,1,693.5100368289474,994.9037009603499,703.418891927046,994.9971254779792
2496,1,693.6711718319308,994.9990280072611,703.5755160169622,994.9482211779065
2497,1,693.8336679134459,994.9093578536272,703.7392784338113,994.9975815844178
2498,1,693.9941965559132,994.993796671707,703.9009406609049,994.956400160875
2499,1,694.1429415641846,994.9060852857398,704.0633436203376,994.9968281320388
2500,1,694.2948125383193,994.9968898580363,704.2140082437014,994.9524673310661
2501,1,694.4476118230175,994.9159599241627,704.3728241224882,994.9956565921476
2502,1,694.6016754903067,994.9996824120223,704.5223914209022,994.9498242196756
2503,1,694.7561691863334,994.9119516864805,704.6737267333028,994.9953736788929
2504,1,694.9064526647687,994.9991972884027,704.8356650110463,994.9522157193688
2505,1,695.0657852629942,994.9152844182529,704.9958711226122,994.9983199834139
2506,1,695.223513479696,994.9971329879272,705.1664141914114,994.9515038624662
2507,1,695.3963887047922,994.9139381053869,705.3358541783495,994.9973691613861
2508,1,695.5738700447251,994.9982881936706,705.5097854238007,994.9618938168795
2509,1,695.7529900382846,994.9228546631908,705.6914507971549,994.9935780887768
2510,1,695.9298985715029,994.9985730211295,705.8736511424706,994.9630176328826
2511,1,696.1088940118426,994.927284762169,706.0528979945749,994.9971561059607
2512,1,696.2934415364841,994.9966033489997,706.2369921657345,994.961188827946
2513,1,696.4751222878201,994.9310336616979,706.4187801345565,994.999012852907
2514,1,696.6540542359761,994.9996970497898,706.6090745225038,994.9664149050318
2515,1,696.8492117040513,994.9200197601332,706.7949281922615,994.9965126936695
2516,1,697.0409385378509,994.9988038255583,706.986310634005,994.9705853106225
2517,1,697.2298844994507,994.9206127862941,707.1766247367809,994.9892155071099
2518,1,697.4258610905289,994.9908933110461,707.363201867982,994.9760491406555
2519,1,697.6124416183977,994.9388072129825,707.554648456448,994.9900272174303
2520,1,697.803062625702,994.9972748900785,707.7490680767905,994.9747500530415
2521,1,697.9948220049715,994.936243466295,707.9426121351739,994.9872105105819
2522,1,698.1902205495458,994.9976942259607,708.1357911926976,994.9820523794866
2523,1,698.3892384299213,994.9349903013,708.3345994168156,994.9909980478217
2524,1,698.5858915309004,994.9915165110745,708.5268969532165,994.9717592881656
2525,1,698.7775742438563,994.9531722928577,708.7247221387884,994.990009113694
2526,1,698.9624590040598,994.9973276896274,708.9261674628497,994.9751363996087
2527,1,699.1549159708749,994.9529984936023,709.1140393113066,994.9944875762992
2528,1,699.3428902649144,994.9936227144844,709.2952143217464,994.9729934172669
2529,1,699.5225076410152,994.9505746074043,709.4781816047197,994.9976956093149
2530,1,699.7051675887627,994.9893717380546,709.6604146311582,994.9675431495446
2531,1,699.881013150974,994.9442908619342,709.8498970190524,994.9926158504929
2532,1,700.0671521331591,994.984332068151,710.0373793859812,994.9669232524503
2533,1,700.2439467699392,994.945735326983,710.2215362574073,994.9998885207704
2534,1,700.4221653200887,994.9791133508245,710.4068660584882,994.9731419788433
2535,1,700.6102215386678,994.948043255546,710.5944639085933,994.995727928246
2536,1,700.8022600280045,994.9855195505297,710.7737705399727,994.9805619120617
2537,1,700.9863700267922,994.9458270400962,710.9592220614942,994.9915584188914
2538,1,701.1716288756907,994.9908924592121,711.1418974452675,994.9805606031882
2539,1,701.3542132816914,994.9475002673231,711.3275287695802,994.9934680488477
2540,1,701.5418583944806,994.9967167006579,711.5092695279386,994.9795506100108
2541,1,701.7324512330172,994.9466676407668,711.6926174887163,994.9935759644911
2542,1,701.9178097350436,994.9962223135564,711.8813321894618,994.9782031780892
2543,1,702.1018126053303,994.9475634729085,712.0727087983157,994.995558096643
2544,1,702.2927065430111,994.9982949510916,712.2580368965077,994.9810402085743
2545,1,702.4775902915726,994.9494352114482,712.4448087311929,994.9981916056854
2546,1,702.6655018095026,994.99532398582,712.6289190394547,994.9869879422614
2547,1,702.8552027182284,994.9434836371056,712.8126913494702,994.9965458679821
2548,1,703.0411899834444,994.9942421818133,713.0012638357387,994.9993584337693
2549,1,703.2222956243163,994.9449558834539,713.1775641237667,994.9969945991287
2550,1,703.4041623569086,994.9961282585298,713.355665608889,994.9999022137653
2551,1,703.5935762776378,994.9504966325991,713.5392947421752,994.9939243257135
2552,1,703.7891975330997,994.9995763802166,713.7257713718238,994.9970698139484
2553,1,703.9808211518797,994.9566505121684,713.9175863172466,994.9919673533642
2554,1,704.1795173902699,994.9958571833582,714.1129801843625,994.9924281974893
2555,1,704.3691689592835,994.9669364190205,714.3171360890708,994.999007499946
2556,1,704.5684942973747,994.9988118748859,714.5130920580402,994.9966971634038
2557,1,704.764948415267,994.9707055716843,714.7072960763644,994.9926708258482
2558,1,704.9632157709091,994.9994137193089,714.9074794265517,994.9878784658708
2559,1,705.1598358498231,994.9688572231273,715.1101640932771,994.9749637879934
2560,1,705.3548082250292,994.9977647015425,715.3126076036033,994.9635036141025
2561,1,705.551341481505,994.9716210293142,715.5093468615701,994.9487434486887
2562,1,705.7483654600109,994.9991670715186,715.715304672923,994.937466646661
2563,1,705.9495652674113,994.9655150624246,715.9151373234965,994.9235859602924
2564,1,706.1428814633806,994.9999820645762,716.1111499566755,994.9024330775436
2565,1,706.3443512345195,994.9666195338481,716.3048259925826,994.8808697481977
2566,1,706.5401020637695,994.9900592585545,716.503122819782,994.8588257200848
2567,1,706.734768535525,994.9675747889924,716.7038123081323,994.8256833524803
2568,1,706.9296176581228,994.9862580830255,716.9009130921834,994.7897646384142
2569,1,707.1321278832133,994.9648168065131,717.0883762077111,994.7527782001656
2570,1,707.3304099038587,994.9892115305554,717.285765029574,994.7160792046664
2571,1,707.5337141097573,994.971545519069,717.481672086627,994.6817798773848
2572,1,707.7338482575782,994.9832287327855,717.6943177573341,994.6523935540374
2573,1,707.9392068418825,994.9690204272841,717.9006537656413,994.6244363747575
2574,1,708.1468040539161,994.9938186381448,718.1046119754266,994.5958630938206
2575,1,708.3534357209409,994.9810413160097,718.3123216748791,994.5695133106282
2576,1,708.5616967440207,994.9986884487703,718.5171831549421,994.5407357591847
2577,1,708.767022288587,994.9827542365399,718.7154992779847,994.5112679478547
2578,1,708.9687551902518,994.9892387077915,718.9114177089535,994.4910231767632
2579,1,709.1673319351686,994.9948691612299,719.1099077116937,994.4706510524476
2580,1,709.3601997048343,994.9920850912123,719.3085173860532,994.4535741026456
2581,1,709.555425308833,994.9988810221682,719.5057972826608,994.438379835017
2582,1,709.7618451584018,994.993460207611,719.7019832157375,994.4244715070729
2583,1,709.9652606809279,994.9932802550925,719.9042141388711,994.4013786774333
2584,1,710.1712818413856,994.9945048034962,720.1108767651075,994.3842919336611
2585,1,710.3840648191252,994.988303796766,720.3142365490991,994.3660013404045
2586,1,710.5936960892827,994.9849201997747,720.5169758333714,994.3499457461992
2587,1,710.8003338073743,994.9826922221964,720.7272104424811,994.3315098632474
2588,1,711.020621428534,994.9787942831941,720.9408759709485,994.3105828336759
2589,1,711.2382728196634,994.9834204984288,721.1522848418912,994.2876337279339
2590,1,711.4489192017086,994.9757374925722,721.3672417221114,994.2632231833262
2591,1,711.6598708400053,994.9847776369369,721.5744707401359,994.2446679398502
2592,1,711.8669661969681,994.9742659894083,721.7844277006953,994.2317821529641
2593,1,712.0744526605939,994.9842299125708,722.0045518047875,994.2181297583076
2594,1,712.2810355836842,994.9873998593587,722.2214919847468,994.2077051840192
2595,1,712.488046324994,994.9815571828779,722.4293793432672,994.1848425460662
2596,1,712.699374818043,994.9835214331993,722.6396744913199,994.1541880291555
2597,1,712.914447831398,994.975290854653,722.8486591605457,994.1257768859431
2598,1,713.1199392815914,994.9810026435285,723.0581492873144,994.0984275258107
2599,1,713.3288313422692,994.9739416030021,723.2633508632782,994.0717033395451
2600,1,713.5441617682721,994.9786714485626,723.4743114254929,994.0548029754655
2601,1,713.7594387316506,994.9691447474273,723.68566255067,994.0430393513432
2602,1,713.9729767345729,994.973933265501,723.8963791951209,994.0272520372296
2603,1,714.1883807724182,994.9675489729977,724.109105862237,994.0068287837526
2604,1,714.401485562706,994.9690913983356,724.3128483716332,993.986152270508
2605,1,714.6097560012751,994.9698517381225,724.5194616714847,993.9765795345378
2606,1,714.8153038388863,994.9613241149308,724.7239055519433,993.9664567802017
2607,1,715.0198902199368,994.9668172474835,724.9236964642886,993.9554927494452
2608,1,715.2198962666891,994.9638618045022,725.1236534563141,993.9422105462414
2609,1,715.4173054304092,994.9644159695383,725.327504587891,993.9259758510357
2610,1,715.6155640448416,994.969848717553,725.5249188128274,993.9154932692032
2611,1,715.8044463221878,994.9624405683036,725.726046193187,993.8974668612364
2612,1,716.0025405420316,994.968198998203,725.9189473237047,993.8812466596092
2613,1,716.1999041630916,994.9678054639688,726.1051834173346,993.8614487519878
2614,1,716.391248644614,994.9639650802903,726.2962904538005,993.8464374632736
2615,1,716.5862752562131,994.9633468308666,726.4861382566046,993.8368918447073
2616,1,716.7818224738845,994.963471992703,726.6841046685975,993.8256685060321
2617,1,716.9864743043054,994.964386776738,726.8731388124754,993.8135625979883
2618,1,717.1808334109492,994.960440446198,727.0624517555742,993.8043148715464
2619,1,717.3771075323496,994.9618569862039,727.2537569627939,993.7983115397767
2620,1,717.5758340464303,994.9631514837192,727.4405922615842,993.7869110753415
2621,1,717.7708206416994,994.9603699324425,727.6363505429097,993.7716787472799
2622,1,717.969639262342,994.9660218599363,727.8332727887207,993.7540559395649
2623,1,718.1719715668925,994.9605789542919,728.0209069692119,993.7386242341468
2624,1,718.3689242579089,994.9667210111869,728.2183994572055,993.7283510482062
2625,1,718.5683834606831,994.961302645195,728.4120797883149,993.7111193460852
2626,1,718.7701569829239,994.9498885882422,728.6147848107281,993.6841827677066
2627,1,718.9744265023056,994.9587277457574,728.8157774715966,993.6611929253133
2628,1,719.1897671368937,994.9512654386319,729.0167887902502,993.6362436669081
2629,1,719.3955371687116,994.9553078477177,729.2199045012006,993.6106488405446
2630,1,719.6098134091943,994.9542093266098,729.4190936870488,993.5823355614468
2631,1,719.8162511455238,994.9501205938203,729.621243613386,993.5527418598471
2632,1,720.0261189252784,994.951679481257,729.8220115643057,993.5203405425065
2633,1,720.2291695098085,994.9501094346269,730.0349985715186,993.4787587696364
2634,1,720.4372379320023,994.9540193316715,730.2448913493403,993.4415499761986
2635,1,720.6470804418724,994.9423079180824,730.4546577707662,993.409217821498
2636,1,720.8565499454174,994.9523061570288,730.660731044676,993.3757537717077
2637,1,721.067263898313,994.9364652771065,730.8704841210871,993.341642889582
2638,1,721.281240349113,994.9511271552278,731.0853297203731,993.3077305230865
2639,1,721.4982662745225,994.9336570837196,731.294822564593,993.2769455817889
2640,1,721.7186150628157,994.9501383765504,731.5017878478349,993.2488329171312
2641,1,721.9454870772407,994.9332314536185,731.7204875627052,993.2202355447367
2642,1,722.1731003831192,994.9442522708533,731.9329454268624,993.1927555399329
2643,1,722.3961338788649,994.9341065910714,732.1463105262835,993.1624498368976
2644,1,722.6107441860286,994.9422210239075,732.3646035619665,993.1264027205356
2645,1,722.8260807265505,994.9366061761527,732.5729691886822,993.0959987916025
2646,1,723.0506362704585,994.9406583316038,732.7818772468538,993.06240549109
2647,1,723.2669251421436,994.9431223388709,732.9885258914827,993.0227429838147
2648,1,723.4836688102691,994.9354338988269,733.2036590868921,992.9867447426388
2649,1,723.6991642881632,994.9381141279729,733.4115120020693,992.951980589648
2650,1,723.9071931858045,994.9441462301547,733.614984596783,992.911060428708
2651,1,724.1153584382474,994.9366040297365,733.8090150838276,992.8716121224343
2652,1,724.3174748883332,994.9458384545406,734.0025489784584,992.8356787289658
2653,1,724.5132700515568,994.938515516421,734.1961764604464,992.7997541151597
2654,1,724.7099594735967,994.9455759902721,734.3837246079146,992.7584623133786
2655,1,724.9061767167415,994.9475669775768,734.5680330152505,992.7189232915242
2656,1,725.1122060258846,994.942188476785,734.7560020600747,992.6827673570407
2657,1,725.3119163846077,994.9497348492555,734.9462198964516,992.6466666727658
2658,1,725.5037257174965,994.9422649328718,735.1385469323554,992.6076243744212
2659,1,725.7041956449463,994.9502221414841,735.3243442238016,992.573250855855
2660,1,725.8985931976476,994.9381513649357,735.5102021407821,992.5299941985223
2661,1,726.0940568987282,994.9424872908564,735.6974103352777,992.4834250515551
2662,1,726.2927233016225,994.9399919740925,735.8857046711715,992.4369017683154
2663,1,726.4993139250846,994.9332615970739,736.0691604242157,992.3935145574061
2664,1,726.6964711998714,994.9422457023196,736.2530435502732,992.3529318170675
2665,1,726.8986404373303,994.9297270058543,736.4366968415329,992.3219333569726
2666,1,727.0912823028401,994.9364910164155,736.625486491842,992.2892970042262
2667,1,727.2901230271834,994.9351806877344,736.8168258074505,992.2526956091125
2668,1,727.4891478717016,994.9398103812748,737.0091982639955,992.2132032463277
2669,1,727.6927430947695,994.9350119869238,737.2019502495386,992.1738792763099
2670,1,727.8975413601366,994.939621885451,737.3936584456411,992.1294127611118
2671,1,728.0965080840562,994.9341337073814,737.5825420654674,992.0793313525947
2672,1,728.2976787870099,994.9291177168301,737.7725871496219,992.0306489365958
2673,1,728.4996878539789,994.932966412468,737.9663693463174,991.9800439951993
2674,1,728.7150626497768,994.9296782503908,738.1600730271341,991.9331191171802
2675,1,728.9203265064831,994.9242271470341,738.3527670926132,991.8869974546233
2676,1,729.1262204847638,994.9359544410702,738.5487200346729,991.83506505994
2677,1,729.3386631799333,994.9390461749324,738.74020934126,991.7898959060118
2678,1,729.5442484865383,994.9290420901538,738.9286516555809,991.7445674975346
2679,1,729.7482927212731,994.9473811315114,739.1193067578613,991.7031189731322
2680,1,729.9542414238965,994.9325686682331,739.3074620429869,991.6638066222554
2681,1,730.1523431924118,994.9469357058291,739.4963730898553,991.6241339132916
2682,1,730.3510213476029,994.9404347214044,739.6848259410148,991.5914834995693
2683,1,730.5525358288625,994.9483750854265,739.8739272533072,991.5508678785166
2684,1,730.7551362267549,994.9388831375381,740.0649368335995,991.5139416591217
2685,1,730.9564703296577,994.9493933548862,740.257780121243,991.4901127916922
2686,1,731.1614026824137,994.9351878905064,740.4421693308491,991.4755484077132
2687,1,731.3497553916102,994.9487619820018,740.6463228099693,991.4534182692898
2688,1,731.546068911206,994.9393882653012,740.8460022323956,991.434103320216
2689,1,731.7459168457223,994.9487634394948,741.0368318446094,991.426053567139
2690,1,731.9433856387242,994.9456330846195,741.2291443050577,991.4289131110331
2691,1,732.1398162233583,994.9504618885874,741.4258448564817,991.4331028498707
2692,1,732.3341945493765,994.9486333914944,741.6104511663925,991.4418428794596
2693,1,732.5243541996763,994.9516511539157,741.7992945285312,991.4482003391629
2694,1,732.7142452495011,994.9589516640939,741.9921050067231,991.4561284312038
2695,1,732.9051004015156,994.9503294787141,742.1867315463161,991.4635203085035
2696,1,733.09421681246,994.9590452071654,742.3865819147447,991.465619100307
2697,1,733.2926328851441,994.957185824263,742.5864386754874,991.4784400000405
2698,1,733.4890142779734,994.9609552093049,742.7814164017061,991.4923675334971
2699,1,733.6893809139634,994.9535477590299,742.984772674221,991.4982837769518
2700,1,733.8819098598459,994.9681535824187,743.1885135656513,991.5002425941932
2701,1,734.0781330133722,994.9434554736725,743.3887461501743,991.5027776183839
2702,1,734.2738824710182,994.974625048237,743.596158849416,991.5037227941856
2703,1,734.4721292577082,994.9449983836276,743.7933390688576,991.5137364709657
2704,1,734.6760792048698,994.9762723337869,744.0005736341984,991.5225689951119
2705,1,734.8810661064651,994.9472557541429,744.2052523564496,991.5368362897774
2706,1,735.0683344574226,994.9739456392133,744.4167984333001,991.5531864634885
2707,1,735.2723678242849,994.9469714350786,744.6195467174264,991.5724380076595
2708,1,735.4682851510121,994.9739649699518,744.8226741100169,991.5915889453003
2709,1,735.6783110609388,994.9532130055859,745.0214897504101,991.602048629441
2710,1,735.8797120008194,994.9727138625034,745.2279385767434,991.6086013258024
2711,1,736.0828580239817,994.9600382025112,745.4262309846532,991.6150316588463
2712,1,736.2783580755886,994.9693052177998,745.6300805191236,991.6277292079676
2713,1,736.4837356376767,994.9620286093153,745.8322127511277,991.6420340499363
2714,1,736.6826012041641,994.9698263154173,746.0355681640533,991.6549535092487
2715,1,736.8893938455403,994.9658337841015,746.2402976926171,991.6729410558518
2716,1,737.0880033285044,994.9706975817809,746.4476518114247,991.6855240856951
2717,1,737.284978525293,994.9631433487563,746.6579554644768,991.6999696244287
2718,1,737.4816078732316,994.9693353490237,746.861621683557,991.7119376205641
2719,1,737.6800522296396,994.9617302997892,747.0627092547459,991.7231490637495
2720,1,737.8790403515987,994.9703118263607,747.2749488747816,991.7293695794641
2721,1,738.0869884480392,994.9525136240494,747.4819112313554,991.7460494517547
2722,1,738.2894177994045,994.9731633221211,747.6902859327603,991.7620448195087
2723,1,738.4943832300091,994.9477423934148,747.8943264488502,991.7856667548629
2724,1,738.6957777359224,994.9705082271175,748.1057066317969,991.8041541872026
2725,1,738.909376662077,994.9487609349586,748.3108403334919,991.8200815081187
2726,1,739.1172923221396,994.9746434111015,748.5280380733313,991.8387575667338
2727,1,739.3267017631688,994.9538563450907,748.743976100999,991.8586105127702
2728,1,739.5433189655412,994.9703342821726,748.965403738401,991.8751482398071
2729,1,739.7628273153936,994.9608976874769,749.1792291791782,991.8988337647379
2730,1,739.9714812903937,994.973051575202,749.4007004622467,991.9231693526618
2731,1,740.1813881193644,994.9657376403748,749.6104480208253,991.9526347983057
2732,1,740.377616676203,994.9698755068194,749.8258248381345,991.9775513543116
2733,1,740.5766633240509,994.9587937062646,750.0364770533596,992.0066103340255
2734,1,740.7771238710208,994.9611197412415,750.2434478391341,992.0368986354271
2735,1,740.9745202588683,994.9683561729463,750.4566148736806,992.0739772904798
2736,1,741.1730373704659,994.9601389706604,750.6635868296145,992.109397405243
2737,1,741.3719276257681,994.9732233619382,750.8649259137978,992.1470686890193
2738,1,741.5685353986428,994.9619406065013,751.069807051881,992.1849127920295
2739,1,741.7620689731809,994.9723810310367,751.27254640945,992.2156259178402
2740,1,741.9575529014337,994.962245056977,751.4799386594099,992.2515001441772
2741,1,742.1561638885074,994.9783700841191,751.679002905236,992.2864356145437
2742,1,742.3501780926047,994.9590412585135,751.8798248337677,992.3218386523567
2743,1,742.5350763794441,994.9764917801103,752.0817428869423,992.3568282227602
2744,1,742.7223848796016,994.9604849407707,752.2759035599953,992.3860668741652
2745,1,742.9178354200292,994.9698686335415,752.4676170074566,992.4179941667921
2746,1,743.1110008436286,994.9606866174253,752.6637389079671,992.4545082839518
2747,1,743.301641349505,994.9717298562564,752.8679473600615,992.4934049182143
2748,1,743.4963505562444,994.9621573629278,753.0626329173115,992.5310681415089
2749,1,743.6729468823071,994.9780399564968,753.2652239698884,992.5663972385556
2750,1,743.869583625236,994.9758186000984,753.4611375853177,992.6028324055087
2751,1,744.0695356369073,994.9788159008933,753.6622594324272,992.6425310553062
2752,1,744.2714819650015,994.9778763213733,753.8688708308395,992.6857425793535
2753,1,744.4783267517994,994.9753654928586,754.0751451477287,992.7219902026475
2754,1,744.6868462036431,994.9750208688583,754.2894297890385,992.7589136445878
2755,1,744.8954927059825,994.970108840675,754.5074051032951,992.7934295458873
2756,1,745.0972800635308,994.9793700069964,754.7251181117138,992.8293578895369
2757,1,745.2950753148948,994.9734418507618,754.9328840541225,992.8648893687102
2758,1,745.4926955278756,994.9745365523771,755.1415793978971,992.8995456415821
2759,1,745.6908108958041,994.9726681993026,755.3484244109065,992.9230757278526
2760,1,745.8895053061769,994.9699627420916,755.5535131802184,992.9482521740838
2761,1,746.0912889382503,994.9766907126361,755.7679962418415,992.980006056127
2762,1,746.2896513080046,994.9715631663965,755.9883133130099,993.0140525344863
2763,1,746.4946305673232,994.9853539718056,756.2016167068695,993.0479468224481
2764,1,746.7055313499927,994.9707452333952,756.4045732239915,993.0813343313753
2765,1,746.9147792920706,994.9900903658214,756.6142260006872,993.1148340637402
2766,1,747.114724200528,994.9673524710649,756.8314497345183,993.1492999188312
2767,1,747.3236948166146,994.9870964874107,757.0430124514212,993.1940719856746
2768,1,747.5283719351706,994.9648657137955,757.2621111905506,993.2384987867125
2769,1,747.7335766412107,994.9950444853465,757.4771915458268,993.2757039829336
2770,1,747.9371219472962,994.9627519911603,757.6892988014291,993.3111536757801
2771,1,748.1386808953104,994.9954191720445,757.9098719281166,993.3384782873923
2772,1,748.354923043274,994.9623026786988,758.1174651178441,993.3612908433676
2773,1,748.5607570058545,994.9981779340912,758.3369369680786,993.3811043630374
2774,1,748.773555478754,994.9634105213664,758.5474960404338,993.4035041940175
2775,1,748.973977170801,994.988893066569,758.7695327329928,993.4338501631222
2776,1,749.1796556391002,994.9683594307804,758.9862868147397,993.4592381588195
2777,1,749.3826459722696,994.9820719927981,759.1951309127354,993.4839017209383
2778,1,749.5899495647027,994.9680055456488,759.4056337789476,993.5085095454907
2779,1,749.7984640445945,994.9775404890146,759.6147683955767,993.5346063156074
2780,1,750.0097654191993,994.9693411302674,759.8310980845433,993.5527690271866
2781,1,750.2231733575206,994.9797273792047,760.035451356447,993.5757417355949
2782,1,750.4282841477306,994.9831367335311,760.2437879952788,993.596876018029
2783,1,750.6384929735899,994.986391266674,760.4494434233145,993.6190282777928
2784,1,750.8436840372423,994.9860463486771,760.6633478333944,993.6387772568914
2785,1,751.04555697399,994.9883799886115,760.881346908197,993.6568057085663
2786,1,751.2501087285407,994.9910578117125,761.0967714679186,993.6743079652304
2787,1,751.4608135658176,994.9868184591061,761.3104130927114,993.6925398800876
2788,1,751.6670856565087,994.9973808709128,761.5218353750338,993.7130307489433
2789,1,751.8768885574742,994.9904289506488,761.728649960499,993.7285384983912
2790,1,752.0842662975825,994.998511865272,761.9392014796102,993.7355031925887
2791,1,752.2981632712172,994.9905420041829,762.1548420732621,993.7410943817027
2792,1,752.5081600372838,994.9922165643875,762.3756607007656,993.7488748793327
2793,1,752.7220936716158,994.9785379171154,762.5901439269321,993.7627603071121
2794,1,752.932608338246,994.9878170222634,762.8032168794898,993.7815676676698
2795,1,753.1396926463478,994.9751275215498,763.0134874788638,993.804341602381
2796,1,753.3498485233565,994.9856887001484,763.2151843456794,993.822012910883
2797,1,753.5509076909738,994.962373559654,763.4252497076558,993.8419368188642
2798,1,753.7510576192351,994.994788023659,763.6356524898013,993.862651905924
2799,1,753.9472738985897,994.9704749980936,763.8381388926396,993.8817015766109
2800,1,754.1418137499128,994.9987834410099,764.0427211183751,993.8993081022298
2801,1,754.3396306038433,994.9719338544604,764.2400599101492,993.9164916257766
2802,1,754.5290234920976,994.9906078062062,764.4399877184495,993.9374965149962
2803,1,754.7256708428872,994.9673821206037,764.6280362397514,993.9619267606029
2804,1,754.9172969344902,994.9991333870073,764.8234785810563,993.9883369922178
2805,1,755.1179585048557,994.9687836688882,765.0224961937708,994.0122252473151
2806,1,755.318418383363,994.9973692937658,765.2184804141411,994.0381790981804
2807,1,755.5126260432477,994.9761176306821,765.4171313921515,994.0679553350794
2808,1,755.710142869281,994.9998627671008,765.6147783246472,994.0988430179398
2809,1,755.9061831107682,994.9736870356636,765.8145570148064,994.127963432218
2810,1,756.1025145529494,994.9996170507206,766.0107949036278,994.1619618276783
2811,1,756.3012601527073,994.9706355073907,766.2088168442866,994.1958852460399
2812,1,756.5043908359246,994.9990588868857,766.4121604035512,994.2290748548761
2813,1,756.6959793404546,994.9735693158235,766.6147992736843,994.2595830390854
2814,1,756.8920748346247,994.9874171358588,766.8084378768033,994.2870365660526
2815,1,757.0859918057066,994.9702984836505,767.002772506409,994.3158335448019
2816,1,757.2855397183512,994.9904738538205,767.2027391420158,994.3518579465015
2817,1,757.4912485689377,994.9690866302864,767.4066658216145,994.3995114069334
2818,1,757.693232483429,994.9926901316088,767.6206142188782,994.4460950100079
2819,1,757.908793107049,994.9750872591717,767.833817988028,994.4971139397043
2820,1,758.121663101492,994.9865067629182,768.054990355172,994.5508230151772
2821,1,758.3445335512882,994.9820695675627,768.2670948923824,994.6027612262719
2822,1,758.5600055078246,994.9858737120305,768.4873034165698,994.6522195159362
2823,1,758.7809718252264,994.979947125554,768.7074477903855,994.7077714777375
2824,1,758.9933986617652,994.9828183009226,768.928541946279,994.7666905926332
2825,1,759.2090938238664,994.9777002044004,769.1431463217459,994.8217101114686
2826,1,759.4176747574347,994.9809598857531,769.3660408505216,994.8783622487844
2827,1,759.6347959904523,994.9856293833482,769.5834031047733,994.9409426260002
2828,1,759.8446905282285,994.9823112630231,769.8015217046785,994.9985365003419
2829,1,760.0553970919921,994.992431724053,770.014609182779,994.9381893072874
2830,1,760.2692334217187,994.9733155253513,770.2229363835469,994.9982265626082
2831,1,760.4894470466261,994.9935934243426,770.4238735652631,994.9413612133627
2832,1,760.7013593228488,994.9786585698452,770.6364186654442,994.9951948387137
2833,1,760.9072384676384,994.9909254995545,770.8568336663067,994.9397267513032
2834,1,761.1240144622684,994.9751670457374,771.0711579588248,994.98891443773
2835,1,761.3416831562315,994.9930631260534,771.2904408646591,994.9306832896795
2836,1,761.558339693725,994.9745370969658,771.5152166635862,994.9917926812217
2837,1,761.7826515340482,994.9878937407128,771.7299826123112,994.9334509482142
2838,1,761.9955533032204,994.9748901319044,771.9452887603858,994.9915335471298
2839,1,762.2138282003472,994.9876870703756,772.1641690444949,994.9311237377551
2840,1,762.4287357378624,994.9732340666657,772.382824481677,994.9898953519653
2841,1,762.6553551244243,994.9893060778384,772.5943463823525,994.9302429513106
2842,1,762.8731150765116,994.9841069917019,772.8117071022529,994.9931863905218
2843,1,763.0912624219429,994.997066632508,773.031534132249,994.930180045663
2844,1,763.308613349372,994.9864431449621,773.2496765930642,994.9967441268392
2845,1,763.5250751607779,994.9986252010841,773.4659139699975,994.9210441476448
2846,1,763.7433056390033,994.990038404226,773.6813415810323,994.9960629627119
2847,1,763.9539759103906,994.9992387041427,773.9084873104983,994.936730736525
2848,1,764.1732034497757,994.9962626546913,774.1320337766139,994.9968017921898
2849,1,764.3912231524039,994.9977945957698,774.3532205765664,994.9405619696108
2850,1,764.6062585418921,994.995566446248,774.5746482576302,994.9923033577287
2851,1,764.816736054914,994.997060191592,774.7944427350025,994.9284965614058
2852,1,765.0266040665983,994.9935629900338,775.016312894438,994.9921467803385
2853,1,765.2394954585714,994.9897769677508,775.2299896837053,994.9185563736017
2854,1,765.4562529477529,994.9840461922216,775.4362458300824,994.9902887845013
2855,1,765.6686044738877,994.9796971904715,775.6501993112769,994.9238774079312
2856,1,765.8714906375917,994.9806233957528,775.8741409306575,994.9936300376461
2857,1,766.0881537009184,994.9752833287868,776.0919195649786,994.9183273510885
2858,1,766.3024984272103,994.9745944450609,776.306005393716,994.9929568690146
2859,1,766.5199766937452,994.9790862412817,776.522255671531,994.9237962933106
2860,1,766.7361397723457,994.9793374751104,776.7370769565363,994.9942815320845
2861,1,766.9485843106868,994.9809374487987,776.9562882196972,994.9111712640688
2862,1,767.1614691841429,994.9854127456179,777.171768735535,994.9951831541111
2863,1,767.3779930322411,994.994224919582,777.3812092955696,994.9173726715637
2864,1,767.5936820529349,994.9941248312202,777.5922933373649,994.9963004323272
2865,1,767.8069069744167,994.9880104561554,777.8019426984459,994.918964459202
2866,1,768.0147565780833,994.9987824781747,778.0089264899707,994.9933008674402
2867,1,768.2203993492836,994.9854912799625,778.2159525933976,994.9239941482538
2868,1,768.4211719987826,994.9965874270092,778.421658085539,994.9890258588351
2869,1,768.6264636077732,994.9836951910083,778.6224279365131,994.9231857223465
2870,1,768.8254311177903,994.9934776600148,778.8260507112532,994.9889949164444
2871,1,769.0322137169455,994.9850020011811,779.0275636545747,994.9295901945491
2872,1,769.2272044020793,994.9971384035792,779.2405226472774,994.9827555624038
2873,1,769.4306165438311,994.9852753687229,779.4584960747758,994.9255850045563
2874,1,769.6348535560928,994.9937126944346,779.6722716440223,994.9737880325716
2875,1,769.8455072940955,994.9799362767507,779.887780164587,994.9287526475275
2876,1,770.0639737797416,994.9952351730154,780.0981566854286,994.9745846084287
2877,1,770.280770243993,994.9791695036879,780.3084187806451,994.9260304287429
2878,1,770.4969360324541,994.9980847433523,780.5164564818701,994.9717081937404
2879,1,770.7132063038299,994.9801494721565,780.7202150075807,994.9247249264442
2880,1,770.9357630129815,994.9937473920489,780.9230693712096,994.9733503015859
2881,1,771.1561388866191,994.974831594712,781.1273565697064,994.924613394653
2882,1,771.3662752841316,994.9963370688415,781.3336744457904,994.9680677559493
2883,1,771.5785883941384,994.974042701764,781.5423312053574,994.9275435669841
2884,1,771.7869731005593,994.9967583137499,781.7485628709675,994.9686829333609
2885,1,771.9970567224788,994.9818053453861,781.9554431380166,994.920989057629
2886,1,772.2048388489997,994.9990254826456,782.1639314751005,994.9734531474027
2887,1,772.4109546217898,994.9799604976265,782.3685548936112,994.9201682925318
2888,1,772.6228118536025,994.9996522622475,782.5690160794031,994.9725699496329
2889,1,772.836421551933,994.9743090805332,782.7784429443611,994.9236341235533
2890,1,773.040462510744,994.9991519611633,782.9904116172152,994.9753772808596
2891,1,773.2480934436725,994.9781283494957,783.2007026857385,994.9228252226872
2892,1,773.45833994877,994.9941046198886,783.4126318808072,994.9771577958338
2893,1,773.6708274523224,994.97525769379,783.6250480000228,994.9165047953953
2894,1,773.8770512313578,994.9990229314869,783.8345780458988,994.9728668668013
2895,1,774.0841224853826,994.9749807930359,784.0398473193426,994.9159941276743
2896,1,774.2958263329575,994.9960582050874,784.2440136163239,994.9767603288764
2897,1,774.4991515466121,994.9766178767064,784.4509747515441,994.9153298602965
2898,1,774.7012840711598,994.998760085325,784.6554552596989,994.9813884076253
2899,1,774.9084434601177,994.9824227873554,784.8579931703238,994.914826472289
2900,1,775.1102995603047,994.9903612230678,785.0646237160345,994.976088045944
2901,1,775.3054019040866,994.9786415180985,785.2704718258605,994.9167684137246
2902,1,775.507508156908,994.9853408087432,785.4792935671489,994.9705686267512
2903,1,775.7121873660465,994.9829713363881,785.6794809032558,994.9190002228412
2904,1,775.9122908300644,994.982852897063,785.8806402118751,994.965503079557
2905,1,776.1067870451178,994.9787426955501,786.089764134946,994.916555249739
2906,1,776.3087931101521,994.981841174064,786.2946244657102,994.9646032264089
2907,1,776.5092186893161,994.978981015318,786.5029099285609,994.9155696983275
2908,1,776.7055615600099,994.9745564550578,786.7087681014515,994.96114324969
2909,1,776.902384864347,994.9688827079133,786.9126361831756,994.9108970223651
2910,1,777.1042508082475,994.9737496054657,787.1189226522561,994.9647692692295
2911,1,777.3051983234003,994.9701495542133,787.3256274256988,994.915280986567
2912,1,777.5042302473303,994.9764970610785,787.5315973273847,994.9576962101938
2913,1,777.7063591667414,994.968024391869,787.7306917499322,994.912556068524
2914,1,777.9115064671641,994.9813470469164,787.9343946723798,994.9536355970317
2915,1,778.1192108109389,994.9660920997902,788.1284120385104,994.9076241685053
2916,1,778.3218733761602,994.9827559322459,788.3271646388789,994.9556890983938
2917,1,778.523816468735,994.9674595244315,788.5211583466397,994.906532513381
2918,1,778.7317370158838,994.9912796950285,788.7174110255967,994.9525148932194
2919,1,778.9407318733404,994.9649971488523,788.9227167966781,994.9106209161755
2920,1,779.1436637090515,994.9888441852569,789.1356327029221,994.9518373637073
2921,1,779.3561285266503,994.9641940928262,789.3394500763421,994.9138785895597
2922,1,779.5610578343902,994.9986480875909,789.5516472256026,994.9499006443432
2923,1,779.7721090942624,994.9646502963764,789.760409889669,994.9084122991159
2924,1,779.9868569501668,994.994247403278,789.9730195999641,994.9474300582079
2925,1,780.2006333372509,994.9822692897876,790.1924162604743,994.9069930459879
2926,1,780.4135529487664,994.9953168263202,790.4100767568676,994.9412460929874
2927,1,780.6297975450088,994.9991752622467,790.6218252235943,994.9094982747284
2928,1,780.8395559390341,994.9979695022515,790.8471897855788,994.9385530699454
2929,1,781.054116651598,994.9981065813951,791.0736384403872,994.9030944228914
2930,1,781.272704243631,994.9930508080288,791.2957628060983,994.9360205253627
2931,1,781.4867332688417,994.994684006317,791.5205932490063,994.90806256877
2932,1,781.7089219579838,994.9878110937602,791.741721394191,994.9370203130104
2933,1,781.930614809622,994.9881656966727,791.9570937216023,994.9098795847569
2934,1,782.1592318543596,994.9927129736908,792.178995862834,994.9394448914968
2935,1,782.3972415117411,994.9920976452115,792.4021113228919,994.901528190646
2936,1,782.6351155322783,994.9899503510499,792.6264341102512,994.9434825489257
2937,1,782.8643388023545,994.9884102172127,792.856579846594,994.9050942537514
2938,1,783.0880385142343,994.9835510869364,793.0879455903582,994.9427117689672
2939,1,783.3194344265592,994.9807668641872,793.31614018838,994.9116884108482
2940,1,783.5528682556471,994.9791369968891,793.5439460835064,994.9366000215553
2941,1,783.7812267353451,994.9811314798147,793.7785778829339,994.9131746136871
2942,1,784.0092389418531,994.984764240635,794.0107868632489,994.9352725130193
2943,1,784.244948455319,994.9841711872429,794.2441231691774,994.9140811552104
2944,1,784.4779717678283,994.983634593891,794.4803388900456,994.9456029759677
2945,1,784.707843467972,994.9823937520853,794.71144746005,994.9223188990742
2946,1,784.9366410263063,994.9836278687027,794.9408499260434,994.9450122195785
2947,1,785.159165193409,994.9888362061679,795.1693702397255,994.9218150206185
2948,1,785.3793403387662,994.9900402638752,795.4008782185916,994.9488372710694
2949,1,785.6076705316024,994.9946277353615,795.6237059086686,994.9282136695994
2950,1,785.8390688154685,994.9977342707061,795.8451355875977,994.945765256042
2951,1,786.0634993913179,994.9889786497438,796.0557890623761,994.9263043976594
2952,1,786.2930308952267,994.9987718828032,796.270052120851,994.9428684814368
2953,1,786.511094664895,994.9801658178486,796.492975588083,994.9226627018581
2954,1,786.7262418052804,994.9954033812674,796.7170262604573,994.9516321267674
2955,1,786.9491005153001,994.9787877408357,796.9452107471595,994.9219528253233
2956,1,787.1751326351758,994.9981963226764,797.1668132695082,994.9501273254382
2957,1,787.3930455541633,994.9842310153829,797.4041155535843,994.9233265588902
2958,1,787.608986689218,994.9981078850094,797.6302291765888,994.9509739053493
2959,1,787.8233866059559,994.9934830180524,797.8542350300364,994.9277139482209
2960,1,788.0462204022512,994.9925591897237,798.0765905187578,994.9509217536188
2961,1,788.2676248126669,994.9930447881438,798.3025855768187,994.9250121050413
2962,1,788.5000834777678,994.9938543485349,798.528740694249,994.9447084552253
2963,1,788.7319100513943,994.9907431892082,798.7480185444327,994.9243309696302
2964,1,788.9633064867105,994.9784886988292,798.9689967031674,994.9492965310915
2965,1,789.1936822794872,994.9672223765344,799.2005134158775,994.9181122053948
2966,1,789.4334142727973,994.9552726290314,799.4253357591186,994.9438213320997
2967,1,789.6750702878118,994.9424095299532,799.6473742733215,994.9233378852066
2968,1,789.906296082146,994.9254496461285,799.8816231029731,994.9428799567519
2969,1,790.1343401124428,994.9090377103549,800.1174108035062,994.9238553253164
2970,1,790.3686787986597,994.888050238464,800.347184672749,994.9439108773358
2971,1,790.6041760358077,994.8642169819776,800.5800067544883,994.9256616210907
2972,1,790.8333597474715,994.8332089067364,800.8146757514437,994.9379373463397
2973,1,791.0645633003121,994.7990887581357,801.0488691078425,994.9242662118095
2974,1,791.2980850345992,994.7645021901027,801.2800873900486,994.9364859321711
2975,1,791.5297810334945,994.7270546839896,801.5091482276201,994.9234214280981
2976,1,791.7645519556169,994.6903457380338,801.7389215901711,994.9386344427795
2977,1,791.9977421950031,994.6589174189288,801.9711614641094,994.9281356604661
2978,1,792.2344648209855,994.618992090429,802.205601056035,994.9361039326434
2979,1,792.4683477210506,994.5796143724523,802.4442689788436,994.9281768519193
2980,1,792.7083618322025,994.5422734336814,802.6828702542479,994.926689301236
2981,1,792.953235892745,994.5007105849983,802.9115619770736,994.9285000802747
2982,1,793.1981163543742,994.4584647937706,803.1463847538477,994.9284221667322
2983,1,793.4418353956181,994.4102770095943,803.3859345867327,994.9331318935194
2984,1,793.6866992081701,994.3529335722596,803.6262335766892,994.9339321190926
2985,1,793.9345720773789,994.293223686878,803.8646749052891,994.9251597319495
2986,1,794.1759135464637,994.2373715486441,804.0949487877325,994.9296050865013
2987,1,794.4117812215467,994.1820646858166,804.3325343154884,994.9207371425243
2988,1,794.6451838307105,994.1226527010349,804.5650906682345,994.923953497518
2989,1,794.8802756134719,994.0552659420113,804.7905964400593,994.9165894087588
2990,1,795.1124583819806,993.9811283498178,805.0165584167154,994.9246991196105
2991,1,795.3503294635508,993.8980462971788,805.2340630266758,994.9112424242617
2992,1,795.5764657834011,993.8099973602773,805.4596298110138,994.9295507262891
2993,1,795.8139791477294,993.7260079855141,805.6752610018742,994.9174868425036
2994,1,796.0470129616148,993.6441930657649,805.9017150477194,994.9280225828223
2995,1,796.286586322171,993.57019600971,806.128685981138,994.9155401583546
2996,1,796.5279120268589,993.4970755994337,806.3638160117686,994.9282461161837
2997,1,796.765791383201,993.4263285679151,806.5944604475677,994.917912061479
2998,1,797.0022642795311,993.3519716115629,806.8281357766732,994.931076089499
2999,1,797.2421980143979,993.2841201201131,807.0629618703774,994.9197629727142
3000,1,797.4822162737181,993.2112913214032,807.2896087324187,994.9295641276536
3001,1,797.7215111395905,993.1320958824201,807.5205005284067,994.9178116969531
3002,1,797.9653829335058,993.0566863353386,807.7511232684699,994.9254353243005
3003,1,798.2081531179631,992.9785977684388,807.981992302396,994.9171642283322
3004,1,798.4548651533938,992.9001579160632,808.209598874484,994.9242686677112
3005,1,798.6941903100764,992.8168201048161,808.436009337091,994.9041868431228
3006,1,798.9340260239219,992.7275054030573,808.6631972558423,994.922987661155
3007,1,799.1801196060994,992.6336828500824,808.8982630770508,994.8992405020222
3008,1,799.4373104710519,992.5485452169148,809.1277118665573,994.9194850090403
3009,1,799.6862315527242,992.4573229720335,809.3549617240631,994.892677458439
3010,1,799.9353710837374,992.3659904214793,809.5865285511653,994.9162861917131
3011,1,800.1925802058283,992.2829906772514,809.811768341549,994.8974871417095
3012,1,800.4551624038824,992.1942046559889,810.0421374256861,994.9183768388243
3013,1,800.7187876849165,992.104675542489,810.2716737238635,994.8980283348305
3014,1,800.9768251891147,992.0128953156521,810.505727741675,994.9187323915726
3015,1,801.2407945296541,991.924337342214,810.730622637165,994.8895618043741
3016,1,801.491424708252,991.8336363234282,810.9655609026524,994.9159367862876
3017,1,801.7537069604874,991.7546979728605,811.192535448266,994.8980339648393
3018,1,802.0042832711845,991.6747592840072,811.4231645298457,994.9132061835683
3019,1,802.2599073689818,991.6010203739589,811.6484876790909,994.9005690894157
3020,1,802.5109070698741,991.5211846249265,811.8784611281312,994.9084835901626
3021,1,802.7528516709939,991.4476692973501,812.1074444049278,994.9041697892308
3022,1,803.0026227509605,991.3806365648346,812.3279903956787,994.9069545362205
3023,1,803.2497165076821,991.3170933753538,812.5527710296486,994.8984659207721
3024,1,803.4957056292795,991.2526061615121,812.7832865067994,994.9114919273303
3025,1,803.7502101469088,991.1909562762727,813.0039719622124,994.9038001577716
3026,1,804.0078604205778,991.1254195381143,813.235666307783,994.9034504381777
3027,1,804.2699892418401,991.0599207508745,813.4718856055526,994.9086832597814
3028,1,804.5316629639058,990.993647656244,813.7012968053546,994.9043468352904
3029,1,804.7917817576484,990.9244651682743,813.9245405726928,994.9046274562047
3030,1,805.0485438607185,990.8425812255973,814.1550875192244,994.9019704861497
3031,1,805.3067488878348,990.7544638197407,814.3872939509805,994.9097682890143
3032,1,805.579680619703,990.6682192051844,814.6132555665885,994.906724313375
3033,1,805.8543647790736,990.576511560504,814.8371031563831,994.908501423256
3034,1,806.1390972557488,990.4886614191458,815.0565384980434,994.9000503833955
3035,1,806.4144884155214,990.3947669622002,815.2916613977883,994.9073231819236
3036,1,806.6949069156829,990.3046056790496,815.5174319779178,994.9071941258771
3037,1,806.9694597506123,990.2099703791648,815.7434486330645,994.9075829814569
3038,1,807.2489472020301,990.1222801238298,815.9710375133322,994.9003690447778
3039,1,807.5255437206031,990.0285879962564,816.1968849759558,994.9038472592173
3040,1,807.8019400590956,989.9285114490667,816.4323794982007,994.9040217446079
3041,1,808.0884938708624,989.8354380617016,816.6505239445578,994.902125439962
3042,1,808.3701489893464,989.7349576091682,816.8741392153323,994.894567608716
3043,1,808.6494617544072,989.6323425343004,817.0957931426925,994.9054792327571
3044,1,808.9331928228843,989.5239532103934,817.3153708000985,994.89687552069
3045,1,809.217057372193,989.4168288940143,817.5395951038458,994.9052294632036
3046,1,809.5146037108531,989.310082984385,817.7623820360985,994.9035667422386
3047,1,809.8071426032909,989.2061019463617,817.9905212040368,994.9020208197028
3048,1,810.1026412227634,989.1067199526304,818.2172275531573,994.9004501654712
3049,1,810.4025325789036,989.013716941563,818.4516260853968,994.895010162466
3050,1,810.6960663959375,988.9214687830876,818.6875386801383,994.8963739970449
3051,1,810.9955055768704,988.8299423285704,818.9221646825056,994.8970167882991
3052,1,811.3034008441632,988.7393149187,819.155728356598,994.8934865212651
3053,1,811.6083394950978,988.6463931012586,819.3906314813503,994.891738768203
3054,1,811.9097033492084,988.550131733934,819.6293729701878,994.896536279147
3055,1,812.217651969127,988.4500406427229,819.8659221535593,994.8927516812977
3056,1,812.5248343125855,988.3466494456364,820.1030060843862,994.9008176071463
3057,1,812.839268761445,988.2428541935917,820.3368349195225,994.8890819323733
3058,1,813.1570898606592,988.1403037585308,820.5643395958105,994.899741371343
3059,1,813.4746508023499,988.0446425422771,820.7852116932514,994.8871559897892
3060,1,813.7877632079342,987.951783240906,821.0114450096905,994.8977857438942
3061,1,814.1015216084751,987.8562186943545,821.2369677583537,994.890722595337
3062,1,814.4200816229228,987.7695974389464,821.4643231728897,994.8968882559781
3063,1,814.7340584390413,987.688605249446,821.6912939324758,994.8893180909254
3064,1,815.0503771962867,987.607303728461,821.9150551459607,994.9049000773541
3065,1,815.363120059298,987.5330049393774,822.1408449604646,994.887215442443
3066,1,815.6707815067776,987.4588375420577,822.3664408479858,994.9040779744026
3067,1,815.9756171135916,987.3910389087341,822.5825377676105,994.8896629899564
3068,1,816.2783424280354,987.3114463943759,822.7965169849759,994.9048126371708
3069,1,816.5842002077276,987.2332713063473,823.0103895757097,994.8941544864641
3070,1,816.8845182346056,987.1619340678893,823.2242481913398,994.9101038443306
3071,1,817.183847331187,987.0890223213746,823.4386413828637,994.89169850535
3072,1,817.4877223885954,987.0148003574672,823.6534804625484,994.9026249164424
3073,1,817.7829142178992,986.9430458615772,823.8684907579907,994.8871039932988
3074,1,818.0818148822681,986.8696053853173,824.0826110515603,994.899292649005
3075,1,818.3850690159347,986.7975967662538,824.2886824851034,994.89324161852
3076,1,818.6941643599482,986.7156511093169,824.497777341155,994.8904034004875
3077,1,819.0059096120251,986.6448019870656,824.7080050829439,994.893894893521
3078,1,819.3194061102031,986.577803362529,824.910717352444,994.8982465867762
3079,1,819.6248716700238,986.5195356800151,825.1102961371869,994.9009984069942
3080,1,819.9385126119108,986.4624683849689,825.3079709025835,994.9020598784699
3081,1,820.255294743557,986.4060777261137,825.5121553773669,994.8998781036693
3082,1,820.5690225882449,986.3430989046626,825.7219886784469,994.8935995570738
3083,1,820.8786609017179,986.2763337657343,825.9318877709908,994.8992719573071
3084,1,821.1872823119465,986.2220963065133,826.1416814290702,994.8951716012006
3085,1,821.4935747242082,986.1510252354174,826.3490696633348,994.9047407390095
3086,1,821.8032241404187,986.0895543077365,826.5581373567223,994.8947449804837
3087,1,822.1144254746997,986.0350472297039,826.7711321607879,994.9045737023041
3088,1,822.4310573172797,985.9791696119784,826.9780286166974,994.8855054751641
3089,1,822.7478627368328,985.9316863194732,827.1843532996799,994.9072559202519
3090,1,823.0666584528345,985.8899718585394,827.3876272016128,994.8896552606226
3091,1,823.3815888763899,985.8408465673141,827.595745105,994.9075185597802
3092,1,823.7005553126006,985.8038905437543,827.7973021160834,994.8899893115536
3093,1,824.0066317997687,985.7548295932118,828.0047016360669,994.8879472838636
3094,1,824.3057522952944,985.7079801702571,828.2129972506326,994.8881140157285
3095,1,824.609019080732,985.663617544763,828.4158332270038,994.8883781362518
3096,1,824.9160172048537,985.6194841807126,828.6261438967937,994.8866614847724
3097,1,825.223415361486,985.5799661631701,828.8335786809138,994.8969897920196
3098,1,825.5307727778367,985.5452553818809,829.0430144088281,994.8831992019474
3099,1,825.8407448516011,985.4922472850687,829.251058235778,994.8864076047489
3100,1,826.15057043328,985.4487706252825,829.4501316378044,994.8951781579976
3101,1,826.4555897183177,985.3988422448334,829.6476063845546,994.8827932079512
3102,1,826.7667165397955,985.3532447664487,829.8457088786547,994.8909928546548
3103,1,827.0865524952214,985.3096280232236,830.0448844485348,994.8824419718442
3104,1,827.4155628979039,985.268046001443,830.2475850212797,994.891567436827
3105,1,827.7432524019155,985.2264730675071,830.4487115389263,994.8846042864103
3106,1,828.0716419672135,985.1900792747964,830.649950776479,994.8982900671912
3107,1,828.4113683634226,985.1523736940775,830.8457998596042,994.8987689438088
3108,1,828.7531534637845,985.1189452493423,831.0367451412146,994.9097299491646
3109,1,829.0963143497976,985.0925440582342,831.2260412485135,994.9088209555537
3110,1,829.4374392773825,985.0717219354158,831.4120906820679,994.9160982907722
3111,1,829.7802753338904,985.0577839600478,831.6009288617979,994.9107578674269
3112,1,830.1264075996412,985.0448689626562,831.7884462799358,994.9164968188818
3113,1,830.4706204922456,985.0360274615879,831.9759378159501,994.9073548858206
3114,1,830.8045234840005,985.0197938955422,832.1646551620425,994.9165257800139
3115,1,831.1458331233553,984.9975664890625,832.3553445343404,994.9122668192175
3116,1,831.4800860086384,984.983180368183,832.5412102567662,994.9193852950457
3117,1,831.8173335219649,984.967122020823,832.7320475086824,994.9045372046896
3118,1,832.1517363705422,984.9397631162072,832.9226569141182,994.9107663464944
3119,1,832.4832697741859,984.921873783913,833.10887586843,994.9163779409324
3120,1,832.8173384855937,984.9081274234487,833.2889783318211,994.9077280261029
3121,1,833.1508326652273,984.9014892664447,833.4715385009188,994.9193053562691
3122,1,833.4846269856486,984.8989814250197,833.6544454189898,994.9101696123306
3123,1,833.8187969186928,984.8960074061059,833.8376946789967,994.9202196882619
3124,1,834.1567982436013,984.8926244034466,834.026531494026,994.9135849546135
3125,1,834.4965517513363,984.8855493647267,834.2114917589938,994.9198700682495
3126,1,834.8404383502644,984.8892586036078,834.3945314557646,994.9206143062896
3127,1,835.1892907246594,984.8913095615206,834.5754474148671,994.9288806900836
3128,1,835.5420233672866,984.8868596705618,834.7503907577888,994.9247920553539
3129,1,835.8928901790026,984.8907556207109,834.9262416320189,994.9356619045371
3130,1,836.2477108086209,984.9027090615976,835.1046954015326,994.9409453884482
3131,1,836.6025306215927,984.926775626012,835.2853089577615,994.9464544647126
3132,1,836.9509395197168,984.9620442899288,835.4668000087378,994.95790218729
3133,1,837.300868586868,985.0051181939432,835.6477547520333,994.962062753426
3134,1,837.6597402999453,985.0587781292705,835.8368747919558,994.9766263130973
3135,1,838.0185440848368,985.1178174735066,836.0361843422734,994.9709647164651
3136,1,838.374663623287,985.177069706237,836.2431380564159,994.9740208959436
3137,1,838.7301574873649,985.2372307617246,836.4599236563356,994.9708744588129
3138,1,839.081878067725,985.30010219134,836.6771615264158,994.9704184594787
3139,1,839.4402975862957,985.3393540602452,836.888852811075,994.9638624832821
3140,1,839.803564485167,985.3758700103393,837.101317291023,994.9716084773862
3141,1,840.1657363426809,985.4205508113723,837.3140171789017,994.9617124850504
3142,1,840.539764167449,985.4600809447095,837.5265264002026,994.9606848933428
3143,1,840.9183986446637,985.4982739321434,837.7424192813913,994.9604225894583
3144,1,841.2920584859162,985.5404769187754,837.9597005223396,994.9727870126541
3145,1,841.6586941849632,985.5872692113986,838.1828340642196,994.963128833454
3146,1,842.0127828892604,985.6296096484999,838.3985432869063,994.972723331575
3147,1,842.364897594295,985.6718463526012,838.6144727909625,994.9672206899771
3148,1,842.7146702001284,985.7173105600236,838.8291874150551,994.9710512268263
3149,1,843.0547346899494,985.7598897723844,839.0439957075426,994.9745025596798
3150,1,843.3956107242191,985.8030277719228,839.2557701651813,994.97966701334
3151,1,843.7266621279299,985.8540719863211,839.4703068494572,994.9807322523744
3152,1,844.053042577614,985.9190225148262,839.6884873285657,994.9875942396637
3153,1,844.3771800586562,985.9860744246173,839.9106950627637,994.9937454450757
3154,1,844.6947615084435,986.0604079431246,840.1411635048229,994.993843658096
3155,1,845.0084072279386,986.1354478816705,840.3802388986363,994.9939234331256
3156,1,845.3306328169186,986.210724162516,840.6187038604819,994.9979753606552
3157,1,845.655099041867,986.2789458884631,840.848882341762,994.9794122129364
3158,1,845.9883206873435,986.3304465351746,841.0601874283461,994.9887763954943
3159,1,846.3129279006988,986.3983602191062,841.2695891862704,994.9889130727252
3160,1,846.639765619495,986.4658383083685,841.474507430192,994.9854090547972
3161,1,846.9649272286191,986.5327152381177,841.6847515055978,994.9888152736615
3162,1,847.2895058171346,986.5998171151026,841.9046881941276,994.9845663910626
3163,1,847.6127355751977,986.6696091100247,842.1257738850496,994.988820484346
3164,1,847.9349562640259,986.7299982402727,842.3452658724656,994.9841334561125
3165,1,848.2556432227126,986.7944767760557,842.5634237742506,994.9910365898853
3166,1,848.5753645518257,986.8567635993419,842.7871024920115,994.9987585286012
3167,1,848.8928336251678,986.9198740458712,843.0250381360036,994.9968186591923
3168,1,849.2127510031314,986.9821589349464,843.2602256528719,994.9886466240778
3169,1,849.5343490981398,987.0422072656258,843.495574890144,994.9854278662438
3170,1,849.8488799164546,987.1052647710844,843.7371346127417,994.9818756420983
3171,1,850.1650016627077,987.1719781468288,843.9827340973561,994.9840879636646
3172,1,850.4910128768753,987.2361225621999,844.2353798852629,994.984203981971
3173,1,850.8124150583814,987.2966456162217,844.4869037873855,994.9922906890447
3174,1,851.132428995093,987.3601974664357,844.7315541331166,994.9906856826012
3175,1,851.4437877128264,987.4210528778273,844.9787473297467,994.9967900155336
3176,1,851.7522135447988,987.4719771556431,845.2284648742551,994.9961729097723
3177,1,852.0611615306643,987.5290105885008,845.4821832080555,994.9969795703167
3178,1,852.3694420001904,987.582094899612,845.7344482149322,994.9940082733565
3179,1,852.6802596021294,987.6389225848087,845.9767408962455,994.9935822998922
3180,1,852.9934966368427,987.693522324929,846.2227901248513,994.997090451288
3181,1,853.3026415217312,987.7475440818168,846.4722009662638,994.9949848070657
3182,1,853.6100021624036,987.7997616179388,846.7271760142914,994.9868941293323
3183,1,853.9253568829118,987.8438959217684,846.9815263758279,994.9849689672684
3184,1,854.2354874292527,987.898585222724,847.2356003897683,994.9854164365672
3185,1,854.5459011375845,987.9435995632828,847.4886588143905,994.9858731398027
3186,1,854.8450082755649,987.9889169705739,847.7414786198915,994.9875921572038
3187,1,855.1439349495997,988.0338893745774,847.9941693913628,994.9882300700037
3188,1,855.4407000927671,988.0783084452783,848.2515799815687,994.9947924848321
3189,1,855.7382340801487,988.1236916008771,848.5147983974758,994.9936746325933
3190,1,856.0424101322433,988.1771618850103,848.7699705044229,994.9983745630125
3191,1,856.3481431905414,988.2354053853023,849.0232121603726,994.9897287882117
3192,1,856.6597496860759,988.2956606187433,849.2742530441749,994.9973211383613
3193,1,856.9702579942885,988.3526831931315,849.5378235002862,994.9924112898643
3194,1,857.2850999917367,988.4112347940556,849.7993283020204,994.9932662670637
3195,1,857.5968137142586,988.4726346829045,850.0616667121711,994.9998456623766
3196,1,857.9093327630387,988.5320374219615,850.3286751783667,994.9986233182868
3197,1,858.2278352271572,988.5938634411139,850.5921533340966,994.9968111462729
3198,1,858.5511457525462,988.6619788328017,850.8486600014664,994.998502831376
3199,1,858.873587547041,988.7319777066275,851.117212621467,994.998641043508
3200,1,859.1859894767623,988.7972643856543,851.387803861066,994.9947952651432
3201,1,859.4996641062565,988.8576349359931,851.6525150654156,994.9892177073963
3202,1,859.8198804123977,988.9163280880525,851.9175669118052,994.9864338197634
3203,1,860.14211480673,988.9825234761992,852.1887672341965,994.9796082449361
3204,1,860.4631455755996,989.0584653462236,852.4529499078461,994.9743810183305
3205,1,860.78719189753,989.1247497619586,852.7158784912584,994.980364663127
3206,1,861.1073547889782,989.1977569818692,852.9770905842269,994.9838934994644
3207,1,861.4213184919327,989.272427646772,853.2446701975587,994.9894735345816
3208,1,861.7388291477346,989.344668248573,853.5142462365881,994.9993964314747
3209,1,862.0460221711589,989.4130569438034,853.7799323468187,994.9872694748371
3210,1,862.3535614539522,989.4758221509582,854.046019459008,994.9998433489249
3211,1,862.6562054972312,989.5400104201067,854.3122178708102,994.9923097120026
3212,1,862.9668732016892,989.5926246706724,854.576096854255,994.9978517846516
3213,1,863.2697314211869,989.6446644186137,854.8466607975384,994.9948689338335
3214,1,863.5740499273826,989.6963673244999,855.1145273983406,994.987978256537
3215,1,863.878344438028,989.7514065155311,855.380804782442,994.9832364754749
3216,1,864.1868296593454,989.8131073768021,855.6437848834241,994.985473895038
3217,1,864.4944050742486,989.8721753072505,855.9130395359397,994.9924021654791
3218,1,864.7944714821444,989.9346763351825,856.1782169078208,994.9985852379886
3219,1,865.0925880219439,989.9983116249625,856.445370593058,994.994110409913
3220,1,865.3880769633575,990.0600993236395,856.7066637212291,994.9997831084917
3221,1,865.6849382781865,990.1261440476633,856.9736830969531,994.9954948697995
3222,1,865.9896064398417,990.1903081753987,857.2381163860377,994.9910942524747
3223,1,866.2939181254127,990.2493566848843,857.5038296948666,994.9974859791943
3224,1,866.598274850171,990.3144320086884,857.7717441652023,994.9942482420107
3225,1,866.909324349345,990.3824126958814,858.044780668413,994.9895677344412
3226,1,867.2237872770924,990.4440266922468,858.315414398443,994.9989417652625
3227,1,867.5316399079657,990.5097818592402,858.5952299965627,994.9924521931063
3228,1,867.8358141284838,990.5736208286078,858.8753121639918,994.9985077263972
3229,1,868.1409351191221,990.6381940259638,859.156630688834,994.993633683084
3230,1,868.4519949902586,990.699089478126,859.4358506832667,994.9954102791158
3231,1,868.7619246089082,990.7596270337918,859.7160751337657,994.9900608566943
3232,1,869.085244590308,990.8193572321084,859.9943068470609,994.9860018272982
3233,1,869.3988240492702,990.8831868174112,860.2841991812753,994.9800389799744
3234,1,869.7151426473673,990.9429766297899,860.5698068233985,994.9729271182232
3235,1,870.033577866484,990.9985608690477,860.8482524525585,994.967844548211
3236,1,870.3411266697332,991.0594500597302,861.1312611941233,994.9672998342267
3237,1,870.6487588425963,991.1125095192623,861.4092562082977,994.9656616488616
3238,1,870.9581667883823,991.1657744076849,861.6826122111119,994.9640310609519
3239,1,871.2693409676481,991.2206594918677,861.957673553589,994.9529287171873
3240,1,871.5721861580193,991.2801500653087,862.2285184336781,994.928244188249
3241,1,871.8750858760808,991.3377352413486,862.4974677159917,994.9062272234828
3242,1,872.1727086899486,991.3907619135812,862.7729722373889,994.8889195804762
3243,1,872.4608014512642,991.4473058743462,863.0485533309171,994.8687851102967
3244,1,872.7461666186912,991.5053125134865,863.3285743808971,994.8386106203897
3245,1,873.0282059390785,991.568019772127,863.6018623155663,994.8065212653678
3246,1,873.3221655048512,991.6363374914596,863.8715106950619,994.7731310273255
3247,1,873.6198387027952,991.7022859064347,864.130723339785,994.7432235011496
3248,1,873.9079005244158,991.7670503913606,864.3921710876376,994.7140635104772
3249,1,874.1995565145146,991.827962679094,864.646813406776,994.6907214318471
3250,1,874.484280999795,991.8885326471253,864.9020493721889,994.6654057179901
3251,1,874.7676620631528,991.9487876006906,865.1531033616835,994.6327859788126
3252,1,875.0425795178508,992.0123743771617,865.4031739638842,994.5941522306264
3253,1,875.3242935619398,992.0801475920177,865.6483732150407,994.5499190862887
3254,1,875.6060540785321,992.1514640447494,865.8933443105332,994.5037405593481
3255,1,875.8861219023291,992.2324238220466,866.1462252943315,994.451325410898
3256,1,876.1794658101785,992.3111999719202,866.4004638896737,994.3974446362944
3257,1,876.4666373345481,992.3948175404896,866.6577692156877,994.3480639400661
3258,1,876.7441216045396,992.4799562533061,866.9166387074317,994.2976835361696
3259,1,877.027735527204,992.5667536088498,867.1713242041465,994.2543267036795
3260,1,877.3129310181973,992.6511502789497,867.4387412291899,994.2094113917703
3261,1,877.5943306780573,992.7343456593226,867.7025341571035,994.1634724374534
3262,1,877.8715223612447,992.8143240898796,867.9619876491912,994.1206931855443
3263,1,878.14859455611,992.8933941826003,868.2206407503625,994.06792767353
3264,1,878.4243322437036,992.962912567527,868.4843499668286,994.0173892201781
3265,1,878.704555026464,993.0298656198834,868.752563849164,993.9718218003902
3266,1,878.9861670406242,993.0885608764459,869.0157659003065,993.924571978714
3267,1,879.2624018693805,993.1495823196157,869.286978514252,993.8782099336879
3268,1,879.535513428156,993.2104057191319,869.555690558788,993.8336624435051
3269,1,879.8136056649453,993.2706895226953,869.8256488942563,993.781956817633
3270,1,880.0930284270794,993.3275489035778,870.0983989276599,993.7404662432159
3271,1,880.3693479909325,993.390499708451,870.3780121536573,993.6967867679965
3272,1,880.6459285662872,993.4528727144464,870.6604659703332,993.6599962322169
3273,1,880.9388645530046,993.5130360149228,870.9307629778417,993.6259173281715
3274,1,881.2232642767823,993.570704417899,871.2066271625467,993.5972010199149
3275,1,881.5016290796298,993.6206669602346,871.4802586056561,993.5711309685223
3276,1,881.7731671572677,993.6694765749769,871.760588654828,993.5448488143763
3277,1,882.0382016847449,993.7225272091865,872.0440884290846,993.5201102149214
3278,1,882.3072797336671,993.7832489948405,872.3280274370054,993.4913159387943
3279,1,882.5718195766381,993.8481258974524,872.6020997945157,993.4554257937572
3280,1,882.8416767465379,993.9170163240714,872.8771858738271,993.423879056174
3281,1,883.1121244855592,993.9819937025084,873.1503540566295,993.3948238573743
3282,1,883.3878911782559,994.0473342399075,873.4230027164937,993.3651324978297
3283,1,883.6537122818252,994.1104849295,873.7030591861849,993.33586794037
3284,1,883.9188552211893,994.1748872534189,873.9898710728793,993.3023152400409
3285,1,884.194519576295,994.2420598051124,874.2666651476393,993.2669964161183
3286,1,884.4674572991889,994.3093365919976,874.5470634321258,993.2287031415448
3287,1,884.7312884952461,994.374709743866,874.829951903395,993.1903165279653
3288,1,884.995010334163,994.4397552020304,875.1055953214355,993.1467265798956
3289,1,885.2520111963067,994.5135131498142,875.3837554041711,993.0981106672067
3290,1,885.5096602828808,994.5871369833732,875.6596431002087,993.0467410861912
3291,1,885.7643177481901,994.6669613835003,875.9412161808681,992.9954314152177
3292,1,886.0264348756865,994.7483869930331,876.2210672440173,992.9479179832351
3293,1,886.2844413901596,994.8241303351768,876.508657658375,992.9017122581868
3294,1,886.5408724358703,994.9001774387235,876.7969505848113,992.8550822008801
3295,1,886.8029630346696,994.9741225048415,877.0818520154853,992.8067428008816
3296,1,887.0686342553835,994.9467651551452,877.376949634924,992.7615183658106
3297,1,887.3497190136464,994.9737377634506,877.6641163776845,992.7132447389273
3298,1,887.6219415092319,994.9452008805084,877.9588757626098,992.6737142554992
3299,1,887.9043037867336,994.9729795215643,878.2446819107172,992.6333183114475
3300,1,888.1821622264446,994.9435846113639,878.544061656539,992.5888938742418
3301,1,888.4674138983188,994.9742179123275,878.8393823750856,992.5432818918553
3302,1,888.7410753403251,994.9427096326161,879.1378540372818,992.4947194287201
3303,1,889.0235297094096,994.9696105119616,879.4252820436203,992.4411257215363
3304,1,889.3042339743392,994.9459233585619,879.7257630407568,992.3863477416369
3305,1,889.5874160919806,994.9664643523115,880.0206281870032,992.3246536934964
3306,1,889.8624059697943,994.9541764882811,880.3223399840982,992.2681989197189
3307,1,890.1527383159315,994.9660325567561,880.6185100074908,992.2117709083707
3308,1,890.4328069758493,994.9521159197112,880.914551731818,992.1614719828872
3309,1,890.7091564060397,994.9680123042369,881.2129358127712,992.1074227973849
3310,1,890.9944590803311,994.9537150315422,881.515898192634,992.0503033002018
3311,1,891.2867471654095,994.9632977473027,881.8232988106854,991.9990172289329
3312,1,891.5736512422819,994.9620306514521,882.1364433739773,991.9466618158496
3313,1,891.8661839952684,994.9631111098934,882.4443974606535,991.8948881927301
3314,1,892.1642280496278,994.9668099304694,882.7515886508021,991.8373513091591
3315,1,892.4535640695638,994.9657936091937,883.0679817569027,991.7783266398097
3316,1,892.7466163652016,994.9622978765353,883.3805467633863,991.7173587737918
3317,1,893.0347479730394,994.9669451680037,883.6902478660149,991.6554401379243
3318,1,893.3209488082786,994.9655977470967,884.0012370710269,991.5950583668891
3319,1,893.6128546512219,994.9709488884654,884.3079640085746,991.5446259130033
3320,1,893.9039275665978,994.9685630684509,884.6233585712857,991.488091435991
3321,1,894.1977518601524,994.9667586067176,884.9279915074443,991.43419621503
3322,1,894.4872759047046,994.9711676929965,885.2372556933377,991.3751716583306
3323,1,894.7727591090031,994.9688825772173,885.5451483151393,991.3103596864564
3324,1,895.0554583189422,994.9723950724452,885.8562446787389,991.2479806849437
3325,1,895.3355572879314,994.9607927850645,886.1677532267124,991.184603880448
3326,1,895.612511706287,994.9735692924164,886.4767813454923,991.1222716960349
3327,1,895.8881126622168,994.9623334776869,886.7943281450664,991.0603553188346
3328,1,896.1762017433073,994.9734110472385,887.1005847661744,990.9953901639211
3329,1,896.4573131370632,994.9647897689025,887.413517804092,990.9434437550053
3330,1,896.7509166695933,994.9692581725948,887.7260923573659,990.8974562332291
3331,1,897.0435026611767,994.9618814133171,888.0300577516214,990.849150419861
3332,1,897.3406328371993,994.971617066214,888.3346957905337,990.8014063865337
3333,1,897.6281047497768,994.9603343512462,888.6434033248343,990.7554015597683
3334,1,897.9267103481308,994.9743051989907,888.9485838506524,990.7062801930118
3335,1,898.2218922435903,994.966096618492,889.2702074448528,990.6736767636195
3336,1,898.5202843453867,994.9654211653527,889.5802065035525,990.6380007606624
3337,1,898.822269103109,994.9647517385121,889.8966003194921,990.613605991299
3338,1,899.122133759298,994.9618801971859,890.2165130356552,990.5893667127126
3339,1,899.4286068812231,994.9654520156056,890.5326000289826,990.5650087995999
3340,1,899.7328755667418,994.9622896478619,890.8456979005089,990.5430730197561
3341,1,900.0351109571343,994.9681157736453,891.1561743368736,990.5227268247046
3342,1,900.3350783367084,994.9594744349783,891.4669203213747,990.504724866022
3343,1,900.636587196554,994.9644357280088,891.7741511439738,990.4864419782518
3344,1,900.9367154652246,994.9605789949135,892.0773935544148,990.4675717647234
3345,1,901.2250542953055,994.9716625889274,892.3846792739403,990.4530934275982
3346,1,901.5216298862223,994.9588951815696,892.6924958396306,990.4338931289307
3347,1,901.8294103902244,994.9834750271017,893.0058412233872,990.4194863838338
3348,1,902.1334157219082,994.9620346076447,893.3311800175467,990.414692455351
3349,1,902.4509120844374,994.9703718982863,893.6413494364559,990.3919833673295
3350,1,902.758388422752,994.9771753740157,893.9622867640779,990.3714229060121
3351,1,903.0649630748892,994.9692125631856,894.2834359554637,990.3467200767335
3352,1,903.3783947189796,994.9733553155161,894.5967743079306,990.3259411561647
3353,1,903.68285947157,994.9689099060706,894.920687674019,990.3106906598424
3354,1,903.9977390953767,994.9643784237157,895.2335414737429,990.2974349009432
3355,1,904.2980259253964,994.9645675387632,895.5559310274995,990.2935352329108
3356,1,904.6025518878819,994.9578411367963,895.8712223762424,990.2808110574421
3357,1,904.9113633071464,994.9643766779475,896.1848636232024,990.264768084257
3358,1,905.2217579997073,994.9587048252686,896.504621208284,990.246152797662
3359,1,905.532000573465,994.9722733779003,896.8220637753401,990.2254597729818
3360,1,905.8415721537309,994.9567533252199,897.1482549968996,990.2073533626241
3361,1,906.1530519713873,994.9756645998715,897.4590272568514,990.1852646689749
3362,1,906.4550696539998,994.9671524149605,897.7711354828847,990.1698987534211
3363,1,906.762615768873,994.9728216859912,898.067658683052,990.1535350241039
3364,1,907.0556654591327,994.9779155038856,898.3701864982999,990.1460146306534
3365,1,907.3494675773892,994.9672844323122,898.6757685843353,990.1424447716138
3366,1,907.6465434094196,994.9742499784807,898.9697123058866,990.1359499704174
3367,1,907.9383924451013,994.9707938082963,899.2737183477682,990.1312549532329
3368,1,908.2292825858275,994.9688556120506,899.5719260371001,990.1271393983976
3369,1,908.5275735036751,994.9791061936747,899.8714229176301,990.1229980129328
3370,1,908.8155231511038,994.977451714404,900.1697745243437,990.1264699290501
3371,1,909.1066488389994,994.9749707781635,900.4579796070848,990.1263330673324
3372,1,909.4015201935597,994.9834893177293,900.7419779609552,990.1257897754418
3373,1,909.6912983105851,994.9768255821413,901.0373250877653,990.1322020815783
3374,1,909.9831401455547,994.9859335577612,901.3257642911495,990.1353311659111
3375,1,910.270270731871,994.9768128977624,901.618499250176,990.1421438301161
3376,1,910.5659233261952,994.9839758348081,901.9130248099705,990.147061500733
3377,1,910.8592178925514,994.9741315220396,902.2030928260444,990.1543242896595
3378,1,911.1566740381978,994.9840539588683,902.490115858211,990.157926906091
3379,1,911.4477447805765,994.9734781290185,902.781541753631,990.163177844144
3380,1,911.7423451239858,994.9835587948119,903.0695546361051,990.1623865747703
3381,1,912.0323484790052,994.977380048254,903.3753380337762,990.1690197530585
3382,1,912.3349292035488,994.9743392611259,903.6701435837275,990.1724473836955
3383,1,912.6392806344983,994.9789808084307,903.9621955650221,990.1723908567127
3384,1,912.940596051731,994.975170860085,904.260004704054,990.1671353633031
3385,1,913.2395869882463,994.9752122790969,904.555688290454,990.1600556986493
3386,1,913.53993788884,994.9870767658791,904.8523739995769,990.1541204125031
3387,1,913.8306440799157,994.9844403580171,905.1565090074947,990.1505042252116
3388,1,914.124787220026,994.9894776716429,905.458379048744,990.1453738384515
3389,1,914.4136047608473,994.9880172841142,905.7593384049575,990.1415080224765
3390,1,914.6993649928161,994.9850387974037,906.0515833058043,990.1307499135139
3391,1,914.9844782247769,994.989131558808,906.3383439204179,990.115566110879
3392,1,915.2661152363163,994.9950250628485,906.6299562932803,990.1035036327871
3393,1,915.5451734510772,994.9852767209404,906.9273948394978,990.0824464657535
3394,1,915.8343162945598,994.9943220257062,907.2175984278364,990.065443425047
3395,1,916.1301161338124,994.9946925458181,907.5131979862989,990.0483898593757
3396,1,916.42548340146,994.9972736433359,907.8116617554856,990.0304877071093
3397,1,916.716401020598,994.9992334487887,908.1051508442852,990.0132824933637
3398,1,917.0044765816549,994.9998491118073,908.4039970776091,989.995792813194
3399,1,917.2871996276709,994.9918937793045,908.711431810987,989.9805660515591
3400,1,917.5840742629509,994.9938156082841,909.0127256809527,989.9631792381834
3401,1,917.878416643108,994.9985512483955,909.3038581855529,989.94345320443
3402,1,918.1670704674414,994.9972008323218,909.6068456417225,989.933511093086
3403,1,918.4612481431659,994.9990193171121,909.8982204592843,989.9231905935848
3404,1,918.7544716273685,994.9978032752501,910.1963760993668,989.9150068558339
3405,1,919.0460781122774,994.9964651755367,910.491710236167,989.9030007277051
3406,1,919.3390885610241,994.9987883614633,910.7888741170536,989.8880098349177
3407,1,919.6291031214191,994.9975322552534,911.0903136997864,989.870842312114
3408,1,919.9190550565218,994.9956080351755,911.3875370252218,989.8600344995413
3409,1,920.2067973635484,994.9972470134411,911.6838186885399,989.8488112479547
3410,1,920.4908712175076,994.9973404329626,911.9783759010826,989.8314411914283
3411,1,920.7806050607568,994.9940606064971,912.2812186387785,989.8130537005293
3412,1,921.0759743255395,994.9949898641611,912.5864628007085,989.7889097095984
3413,1,921.3687714467607,994.996901051926,912.8983006399804,989.774759429795
3414,1,921.6634014881304,994.999081536762,913.2120958091134,989.7538020867455
3415,1,921.9566835068149,994.9934170849924,913.5235372947906,989.7320930927962
3416,1,922.253143866024,994.9943657952223,913.8341180067258,989.705086225187
3417,1,922.5503576426913,994.9922820750894,914.1442575038562,989.6698422147446
3418,1,922.841432066912,994.9927028763086,914.4610236483984,989.6355418624292
3419,1,923.1390793032593,994.9844464208863,914.7738899833397,989.6044056573256
3420,1,923.434029070827,994.988824083718,915.0903869779798,989.575112032479
3421,1,923.7263646037729,994.9871323900843,915.3979999418337,989.5429713080581
3422,1,924.0188839380883,994.988590441639,915.710974246594,989.5152421074739
3423,1,924.3169389974777,994.9858503739497,916.0269986168483,989.4826058471413
3424,1,924.6170555356108,994.9886537030359,916.3443707274162,989.4476370759896
3425,1,924.9113717610395,994.9888654811127,916.6573214874439,989.4059118098953
3426,1,925.1994717957068,994.9865910348038,916.9697652488243,989.3652774788555
3427,1,925.4833930476278,994.9888801498971,917.2803701544457,989.3245128139962
3428,1,925.7730394430273,994.9918155167386,917.5917030937708,989.2949601030111
3429,1,926.0595241636355,994.9899098605857,917.9052572585795,989.2566488381043
3430,1,926.3380812758547,994.9894153125607,918.216265341467,989.2185552171094
3431,1,926.6235653272641,994.9863460517242,918.5294765879024,989.1774294554534
3432,1,926.9113879432043,994.9875056303838,918.8423414779237,989.1387711793217
3433,1,927.1954141612325,994.9900993711467,919.154713422607,989.1042804472859
3434,1,927.4802765613525,994.9850463017546,919.4670472735206,989.070472628056
3435,1,927.7712669199818,994.9847105969785,919.7771194346935,989.034359954434
3436,1,928.0503440067152,994.9832825569301,920.0833253293769,988.9962024033489
3437,1,928.3389725762394,994.9793450543511,920.3862413617027,988.95224688115
3438,1,928.6212894031637,994.9827345789323,920.6950816949092,988.908996625241
3439,1,928.9068287664674,994.9793087799424,921.0101766321505,988.8749105646073
3440,1,929.1996979702067,994.975969178651,921.3277893023113,988.8366381838889
3441,1,929.4845467268531,994.982765502225,921.6449983394409,988.8048252552658
3442,1,929.7657843626654,994.9767351916202,921.9648869179205,988.765956283295
3443,1,930.0415555652351,994.9788364845522,922.2855563821012,988.7213175543307
3444,1,930.3200586192982,994.9742945155963,922.6065540182672,988.676144941795
3445,1,930.5955196433546,994.9793763972411,922.9299614649038,988.6357059012092
3446,1,930.8716604885635,994.9658643627371,923.2447358764515,988.5911707285871
3447,1,931.1550662971053,994.9765684122973,923.5563366046791,988.5406546044588
3448,1,931.4310391477707,994.9698969405413,923.8694421291565,988.4883698833263
3449,1,931.6933040035848,994.9781230705486,924.1832256919319,988.438590886922
3450,1,931.9522573972009,994.974113855917,924.4990602543799,988.3915842577903
3451,1,932.2207210285159,994.9708827758076,924.8061596793813,988.3369407473477
3452,1,932.4895227290341,994.9759650626471,925.1144064305496,988.2809539365581
3453,1,932.7490346197876,994.9717224033468,925.4312265270635,988.2314031391372
3454,1,933.0128648119136,994.97116163451,925.7395255979856,988.1805958746667
3455,1,933.2805916845473,994.9681816337406,926.0456480769378,988.1322678611384
3456,1,933.5477226681242,994.9697851341084,926.3512621463944,988.0774041009287
3457,1,933.8062634596507,994.9680702033997,926.6610673364919,988.0216971905597
3458,1,934.0640661606991,994.9599694887128,926.9695439058509,987.9511757294997
3459,1,934.3164770276633,994.9718429986033,927.2862040110224,987.8899047555853
3460,1,934.5628550271102,994.9609380156406,927.6088062353003,987.8332190646873
3461,1,934.8102834143017,994.9630370595975,927.9297155608567,987.7754784853224
3462,1,935.0566688191508,994.9562868684325,928.2469360554915,987.7114541790563
3463,1,935.303991901826,994.9564088526348,928.550664724599,987.646380877526
3464,1,935.548149532364,994.9595023191251,928.8566610818784,987.5849278016398
3465,1,935.8007423643354,994.9577888590036,929.165504729961,987.5193728211972
3466,1,936.0446122314756,994.9573623332725,929.4724442434537,987.458978950944
3467,1,936.2831156510643,994.952270336203,929.7737779473041,987.4066048892049
3468,1,936.5213238551153,994.9506847699697,930.0742221774825,987.3445389497564
3469,1,936.7644999596894,994.954680280041,930.3870104832906,987.2776376120769
3470,1,937.0014136113972,994.952437620287,930.702499611644,987.2182722719095
3471,1,937.2378245512592,994.9532076182658,931.0240994398451,987.1534286189576
3472,1,937.481008862264,994.9476933197475,931.3495516795234,987.0922478974521
3473,1,937.7214619968038,994.9481430091538,931.6736172622751,987.0270913387511
3474,1,937.9604801544152,994.9554638083,932.002341069167,986.9595216804242
3475,1,938.2027352500767,994.9519604206444,932.3366868029684,986.8943518468466
3476,1,938.4441290206288,994.9603225326971,932.6705037154578,986.8262762739314
3477,1,938.682786263932,994.9570328103002,933.0001221232264,986.7679459354051
3478,1,938.9228349007102,994.9574202967835,933.3284043480182,986.7053786862389
3479,1,939.1707136326968,994.9642779239582,933.656220406454,986.6466545803855
3480,1,939.413801637785,994.9641008245951,933.9855150672548,986.5877750713689
3481,1,939.6509643865483,994.9654447269618,934.3186886491628,986.5274041069385
3482,1,939.8834803711643,994.9600488070799,934.6501435059109,986.4646693900751
3483,1,940.1106972261011,994.9581345097289,934.9838388579298,986.3993201455513
3484,1,940.3385121915644,994.9673525776907,935.3182102080353,986.3341730992089
3485,1,940.5659988040927,994.9539221719059,935.6508136028812,986.2658020515689
3486,1,940.7937021321633,994.9770692343602,935.9879739426304,986.1954784542737
3487,1,941.0166840699812,994.9638635744612,936.3254970918873,986.1417912929475
3488,1,941.2459758350038,994.968214987563,936.6637146649978,986.0841176777119
3489,1,941.4712376129976,994.960095273534,936.9992799831191,986.0321601208965
3490,1,941.6988786518292,994.9644314434388,937.3309665971709,985.9803053392573
3491,1,941.9272579556199,994.9601715515262,937.6638021016864,985.9265861821568
3492,1,942.1575301202182,994.9682517087648,937.9951319111452,985.86863888025
3493,1,942.3905703640097,994.9679041022915,938.3328449564651,985.8178081118884
3494,1,942.6288462545157,994.9675490131103,938.6654534981717,985.7670450953912
3495,1,942.8727976368103,994.9733346309748,938.9989739734684,985.726943974149
3496,1,943.1190331665515,994.9684287495851,939.3283286763484,985.6904316921923
3497,1,943.3659314105361,994.9725432868468,939.6675435112135,985.654352373976
3498,1,943.6054424698248,994.9732139692259,940.0101947778976,985.6234697049714
3499,1,943.8423861177712,994.9700714084365,940.3508269316858,985.5980908548469
3500,1,944.073270905244,994.9713339714372,940.6898104016147,985.5730303042568
3501,1,944.3100567182914,994.9621836421378,941.0266567373308,985.5448435089329
3502,1,944.5486061844008,994.9687500603327,941.354147249304,985.5077001364842
3503,1,944.7834486935093,994.9677151253387,941.6838656377704,985.4747656728871
3504,1,945.0217911862477,994.9609855762441,942.0143755261016,985.4446818202995
3505,1,945.2559135496507,994.9646006667414,942.344276540408,985.4089845236311
3506,1,945.4844478662006,994.9764818357482,942.679219941342,985.3846626153988
3507,1,945.7089889234321,994.9654549349528,943.0160891289835,985.3531334432266
3508,1,945.9360923085268,994.9749486347033,943.3499857712404,985.3118858961444
3509,1,946.1590957657523,994.9733052415058,943.6827910478944,985.2735252757753
3510,1,946.3775105204147,994.9795234628573,944.0242437964598,985.2357536406329
3511,1,946.6009508559098,994.981397610154,944.3649859337542,985.2019120184128
3512,1,946.8250919054374,994.9802380105523,944.7087629374419,985.1814007661847
3513,1,947.0526560349708,994.9881776254315,945.0521368841924,985.1628095039993
3514,1,947.2821134253325,994.9863209121261,945.3902693714084,985.1473076659244
3515,1,947.5036125415754,994.9901630453086,945.7296158893089,985.1332652235499
3516,1,947.7210372600562,994.9883196902455,946.07667383759,985.1247991612521
3517,1,947.9387112689478,994.9881076668943,946.428679955293,985.1106111110228
3518,1,948.1584190197632,994.9885425975285,946.7773107890175,985.0890294569288
3519,1,948.3749894501809,994.9952077533335,947.1223948760239,985.0787056226932
3520,1,948.5870859812502,994.9874931147051,947.46894636613,985.0614403782745
3521,1,948.7942433496703,994.9880797153202,947.810031510526,985.0418261762801
3522,1,948.9984109136614,994.9920790853114,948.1526507533105,985.0274192893058
3523,1,949.2058061052279,994.9918020981805,948.4975676949601,985.0157748229415
3524,1,949.416502571511,994.9967790185527,948.8541054662994,984.9971798684812
3525,1,949.6240231441593,994.9889797850918,949.2113479605727,984.9820700863996
3526,1,949.8331904697794,994.991873428102,949.572982548068,984.9736576343889
3527,1,950.0432369915803,994.9942014364161,949.9348106799988,984.9677676356398
3528,1,950.2523878288284,994.991117976603,950.2956947147502,984.9679430734601
3529,1,950.4637453853153,994.9995777090016,950.6544359162233,984.9728110513752
3530,1,950.6742714572969,994.9885935066411,951.0138444680781,984.9847834569304
3531,1,950.8890983007492,994.9937242486602,951.3752768744672,984.9987759354115
3532,1,951.1105550243753,994.9935252981137,951.7379503010517,985.014574595327
3533,1,951.3265491120742,994.9847228622532,952.1057195133437,985.0278464745041
3534,1,951.5361946228842,994.9886330937017,952.4712951352101,985.0328385739618
3535,1,951.7416031034107,994.9889894068554,952.8349486090141,985.0476066183022
3536,1,951.9453091791146,994.9945033240997,953.1968883594933,985.0587299880185
3537,1,952.1456437020314,994.9941579077089,953.5577565682223,985.0700566673889
3538,1,952.3482667994319,994.9967338904127,953.9176130386393,985.0802603052384
3539,1,952.5458107267377,994.9943496902669,954.2775504805708,985.0897636137171
3540,1,952.732017737253,994.9905970889257,954.634331901224,985.1046717990301
3541,1,952.9236712564733,994.9769244959534,954.9926431435669,985.136226600608
3542,1,953.1144184907987,994.9531854595698,955.346320257577,985.1725941671417
3543,1,953.3019237258796,994.9203594498913,955.7088281950438,985.2135944048047
3544,1,953.4898980425129,994.8841746464587,956.0731801516246,985.2550146794779
3545,1,953.6798495530238,994.8592629997341,956.445404562019,985.275724746499
3546,1,953.8658656777422,994.8224658841053,956.8162439978938,985.3001410319898
3547,1,954.0556586519241,994.7852889206108,957.1938160156873,985.3245842096919
3548,1,954.248882312201,994.7545461491471,957.5754439165587,985.3495039062351
3549,1,954.4459480615305,994.7245181933935,957.9537971172415,985.3758940913292
3550,1,954.6459760003894,994.6912636453544,958.331966561016,985.3995195133425
3551,1,954.844845897579,994.6596172804078,958.7082879375981,985.4274071757341
3552,1,955.0425988280746,994.6214991086343,959.0808856049858,985.4635497859573
3553,1,955.240715881489,994.5824615792807,959.4533222320392,985.5063666648647
3554,1,955.4411099350875,994.5500914132766,959.8199022351502,985.5531450160646
3555,1,955.6400118247359,994.5226980220032,960.1918436595137,985.6071481526221
3556,1,955.8442989254435,994.4913752556463,960.5659690718861,985.6647458788634
3557,1,956.0519658570317,994.4577910985869,960.9370924710427,985.7247788033167
3558,1,956.2602532096345,994.4219057791641,961.3113404197669,985.7871477729586
3559,1,956.4675597258055,994.3851796100257,961.6845892242135,985.8467420708564
3560,1,956.6686440987039,994.3506508779303,962.052129423365,985.9124548764842
3561,1,956.8724086810582,994.3169776236446,962.4141942289393,985.9754982647457
3562,1,957.0777838642192,994.2822304392098,962.7672315614782,986.0425651282228
3563,1,957.2960047969879,994.2503965156714,963.1213040392248,986.1165768172209
3564,1,957.5164017254773,994.2184397403157,963.4740518284883,986.1960030207243
3565,1,957.7350882207303,994.1955474454884,963.8256227245099,986.2695202647516
3566,1,957.9523082603037,994.167668629356,964.1799978466395,986.3430760815075
3567,1,958.1748737356888,994.142551367263,964.5348918483851,986.424447724896
3568,1,958.4011949134504,994.1159288472771,964.8897494946415,986.5085027932621
3569,1,958.6214533326155,994.096339012602,965.2382791744558,986.5861179977785
3570,1,958.8385429238803,994.0688387468466,965.5827108757769,986.6758546419553
3571,1,959.0584106585001,994.0401941859486,965.920373622227,986.7721318786788
3572,1,959.2724500549676,994.0148070364837,966.2564490588265,986.8640866456007
3573,1,959.4885083388764,993.9894458156416,966.5930631238641,986.9514692590973
3574,1,959.7126068879644,993.9682102763886,966.9271986021848,987.0414591935399
3575,1,959.9414463190931,993.9384053726612,967.2618139997015,987.1343174873031
3576,1,960.1735236856393,993.9138125664268,967.5936803730926,987.224473059585
3577,1,960.4003779279927,993.8938445026865,967.9299654743193,987.3097087880718
3578,1,960.633921321212,993.8765280402538,968.2683386057968,987.3915990525867
3579,1,960.8701394076322,993.8634682484508,968.602081351008,987.4725483547118
3580,1,961.1111973731392,993.8471098427486,968.9270802546091,987.5565544032955
3581,1,961.3571619271933,993.8274534714766,969.2553994212094,987.6462322030659
3582,1,961.6002220805962,993.8129681748635,969.5835587575558,987.7457722695654
3583,1,961.8392867488737,993.7955843472425,969.9031359853658,987.8474219532939
3584,1,962.0741770495124,993.7768545481454,970.2202340717024,987.9494167407448
3585,1,962.3074554715024,993.7680491296951,970.539591148224,988.0554881711048
3586,1,962.5444753972088,993.7582655381069,970.8603348883812,988.1625598110705
3587,1,962.7734936571579,993.7464150375416,971.1736992018992,988.268541400162
3588,1,962.9989729768156,993.7326841671387,971.4898661208857,988.3800218243907
3589,1,963.2325116292365,993.7079974838169,971.8000716489179,988.496572770046
3590,1,963.4593443316685,993.6746969163344,972.1043062892838,988.6151217147453
3591,1,963.6802373088277,993.6414758525109,972.4127612651846,988.7328827316124
3592,1,963.9110508655274,993.6079971704786,972.7276040461022,988.8447198089643
3593,1,964.14419772261,993.5700240631293,973.0472793888878,988.9583261006513
3594,1,964.376200691883,993.537990263629,973.3675590570755,989.0749484805899
3595,1,964.6123462252325,993.5085068530493,973.6859158832425,989.1955049012623
3596,1,964.8560054353837,993.4785144114263,973.9951633952774,989.3174583700145
3597,1,965.101852248746,993.4530742872397,974.3046476354955,989.4482042539051
3598,1,965.3521043979904,993.4213405588124,974.6075546290589,989.5770231530012
3599,1,965.6087185021439,993.387600078774,974.9118008433321,989.7075003441613
3600,1,965.861861050517,993.3586668261404,975.2171877172442,989.8301631402406
3601,1,966.1122352575039,993.3251312641203,975.5131509177056,989.9473203283064
3602,1,966.3561027922465,993.297109453381,975.8184482271404,990.0602491767027
3603,1,966.6101046833301,993.2709424044737,976.1137482115969,990.1697292952537
3604,1,966.8578790569592,993.2504022958223,976.4113562037405,990.2805452543606
3605,1,967.1102991634614,993.228379900861,976.7116652392199,990.3947030149064
3606,1,967.3646134125848,993.2033892363953,977.0115150410929,990.5105801617658
3607,1,967.6201777104652,993.1763206882391,977.3067088880192,990.6279677946458
3608,1,967.8802181023203,993.152947607376,977.6011396515843,990.7445103605868
3609,1,968.1512946278399,993.1246182142477,977.8842160388367,990.8694479646452
3610,1,968.4145878216805,993.1006742444534,978.179537182861,990.9930466252011
3611,1,968.6733816934853,993.0810990056428,978.4722777199521,991.1197767536758
3612,1,968.9275107886754,993.0596680989402,978.7643575381823,991.2484918627499
3613,1,969.1826858547821,993.0332953754958,979.0561512892502,991.3789863514245
3614,1,969.4362735577558,993.0107151447796,979.3507577079706,991.5094385434717
3615,1,969.6996116031992,992.9824169346343,979.6456132195772,991.6420260292738
3616,1,969.9617914000949,992.9574079437855,979.9403229065991,991.7659769321162
3617,1,970.2228516007416,992.9298777807652,980.2334962086042,991.8916404479162
3618,1,970.491750846803,992.8965462925042,980.5251185173514,992.0188375133102
3619,1,970.7614852159744,992.8690459940507,980.8093758235398,992.1494707511264
3620,1,971.0324311909642,992.8367800945829,981.0839846891861,992.2788726697136
3621,1,971.3087315317863,992.809478264611,981.3501141980172,992.4041039285827
3622,1,971.5974939476462,992.7740951864354,981.6169450658283,992.5339011608703
3623,1,971.8835019389612,992.7321054263513,981.8696854885987,992.6624642156272
3624,1,972.1614075984577,992.6875585403048,982.1304364011972,992.7940201409542
3625,1,972.4303610013793,992.64669376806,982.3993424903563,992.9214383984846
3626,1,972.7063873068073,992.6016669423683,982.6640584212067,993.0575480297161
3627,1,972.9820770425603,992.5517005840177,982.9381514628717,993.1942709836619
3628,1,973.2623959954832,992.5039555355809,983.2137304458073,993.3242466847154
3629,1,973.5462250646068,992.4571325990029,983.4978465451092,993.4564939827357
3630,1,973.8341030319857,992.4103050556802,983.7713072936081,993.5774503805853
3631,1,974.124636531576,992.3660492558366,984.0425828763903,993.699634048164
3632,1,974.4130337685658,992.3267448842225,984.3169229411698,993.8180898244461
3633,1,974.7052869850595,992.2844519345343,984.5917191531362,993.9333816084724
3634,1,974.9984220481309,992.240306875604,984.8609835899103,994.051227120395
3635,1,975.293760005577,992.1966618360043,985.1274298571423,994.171484281226
3636,1,975.5874168839545,992.1551043463527,985.3896743185038,994.2849910531788
3637,1,975.8793218456564,992.1124437840349,985.6456115243318,994.4001464316794
3638,1,976.1718453372284,992.0671626632137,985.8973918626642,994.5047423154217
3639,1,976.4641020512155,992.0128642123279,986.1504591144194,994.604877366197
3640,1,976.7672172102473,991.9610372636192,986.3977219971224,994.6988721649926
3641,1,977.0673996489213,991.9091390509598,986.6438417150611,994.7987433280992
3642,1,977.3694866928988,991.8479471636923,986.8933693701363,994.9051938512574
3643,1,977.6699563728537,991.7898328737514,987.137014743435,994.9856765093654
3644,1,977.9675798159999,991.7300640660528,987.3811451695307,994.9021639878705
3645,1,978.240075843921,991.668943114906,987.6555181607848,994.9746114777523
3646,1,978.5329946769126,991.6216848707659,987.9075408323017,994.9055206154649
3647,1,978.8015247292684,991.5692417953479,988.1821874476209,994.9681218406536
3648,1,979.094758977942,991.5237455330963,988.44147414648,994.9061081712194
3649,1,979.3717819912733,991.4734052411355,988.7208919063374,994.9576239630364
3650,1,979.668664237411,991.4277723518842,988.9796490650511,994.9155720148547
3651,1,979.9462158361647,991.3721430502003,989.2569715763134,994.9522485422615
3652,1,980.2342294822275,991.3222537982734,989.5297406511802,994.9272651472988
3653,1,980.5236785557387,991.2721534570722,989.8046035199726,994.9456753296894
3654,1,980.8099831275952,991.2158495262182,990.0765623841226,994.9295405513261
3655,1,981.0971777304362,991.1630396988056,990.343297402866,994.9467748641887
3656,1,981.3927232999005,991.1131754242924,990.6063861959235,994.9332642120451
3657,1,981.6810990582892,991.0590334731065,990.8751083731452,994.9412658988729
3658,1,981.9689788115921,991.0075183677712,991.1521596683194,994.9367188357776
3659,1,982.2547759889035,990.9601389986268,991.4318152465489,994.9409271170006
3660,1,982.5489275819477,990.9229272364,991.7065080037211,994.9453232697441
3661,1,982.8459896127282,990.8847404688614,991.9816967830653,994.9426270849876
3662,1,983.1437685958225,990.8510816453463,992.2542553928373,994.9421081063736
3663,1,983.4333597174201,990.8229363662092,992.531431577022,994.938020334595
3664,1,983.7239003733918,990.7920632572036,992.8173350463412,994.9395810057599
3665,1,984.0247759639009,990.7603855333672,993.0986286849964,994.9404161975403
3666,1,984.3340700333275,990.7228756909536,993.3762336592152,994.9394552415752
3667,1,984.6293203024757,990.6839173518327,993.6640670633986,994.9318164746378
3668,1,984.9227742237199,990.6423768945921,993.9415529823466,994.944630833509
3669,1,985.2179751861263,990.60223925886,994.2181620655284,994.9343746236326
3670,1,985.5201481417309,990.5577148294792,994.4902203549107,994.9464714460236
3671,1,985.820944075843,990.5079452539213,994.7669295306739,994.9327319091933
3672,1,986.1253185056438,990.4583648754216,994.9517436442728,994.9493163408007
3673,1,986.3981197881737,990.3906678987343,994.732657931693,994.9112292707227
3674,1,986.4873431586045,990.2169937858474,994.7726602403352,994.8476920499301
3675,1,986.5859508523479,990.0413478906887,994.7395032877147,994.9020450959174
3676,1,986.6767039748088,989.8606759435679,994.7769999669097,994.8379373787434
3677,1,986.7850135183942,989.6940949000683,994.7422168386155,994.90301232504
3678,1,986.900238098479,989.5121774643878,994.7808734347235,994.8414671072533
3679,1,987.0183980440893,989.3299505191027,994.7474150175743,994.9058718540587
3680,1,987.1496677684777,989.1478659446616,994.7904050939128,994.8438546103167
3681,1,987.2830024545692,988.9612035296453,994.7520446755968,994.9034968320522
3682,1,987.4292585879853,988.7674893152519,994.8031806087605,994.8431023735701
3683,1,987.5851646155764,988.5695455712934,994.7663369488346,994.9079962751911
3684,1,987.7583642942081,988.3712011476666,994.8173695492491,994.8516946500185
3685,1,987.939635484558,988.1736919685449,994.7702625698072,994.9042668849572
3686,1,988.1278929367561,987.9771382337797,994.8305826098754,994.8529172974772
3687,1,988.3243547242405,987.773290152236,994.7824754365049,994.9147718225452
3688,1,988.537331475763,987.5636556590408,994.8497497228217,994.8566853971474
3689,1,988.7590183934062,987.3607185808161,994.7855083867164,994.9132643826664
3690,1,988.9871989757859,987.1535011061517,994.8596630665269,994.8529741174036
3691,1,989.2262205069503,986.9606461224566,994.7880314351582,994.9198146711641
3692,1,989.4778998814419,986.7766930305404,994.8757962276444,994.8631868776162
3693,1,989.7384708919723,986.5894110570028,994.7829817544277,994.9230126543522
3694,1,990.012982256059,986.4045222072285,994.8872414171955,994.8652032628204
3695,1,990.2932667657471,986.2307866287553,994.7898352312407,994.9373823901986
3696,1,990.5890089816844,986.0750833875587,994.8980526587377,994.8799143213513
3697,1,990.8817499255404,985.9226435614823,994.7871549316508,994.9375703159975
3698,1,991.1808304706789,985.7761958376844,994.9003970266936,994.892356669632
3699,1,991.4844452080788,985.6366243351886,994.7912528434978,994.9511154159195
3700,1,991.8069288929595,985.5132217623047,994.9062103556088,994.9028119551574
3701,1,992.1252748692073,985.3955187683391,994.7913829785789,994.9490513593687
3702,1,992.446272217694,985.2905985430643,994.9059277837974,994.9181615954575
3703,1,992.766239858209,985.1918828603231,994.7967145596612,994.9635953594358
3704,1,993.0911745887302,985.1078157240253,994.9130757549914,994.9440335881718
3705,1,993.424442191246,985.0376658003534,994.8019661161475,994.9749844279078
3706,1,993.7571410198998,984.9703239036578,994.9130024814962,994.9460271133058
3707,1,994.0992205173807,984.9053962745421,994.8015440665009,994.9812732569466
3708,1,994.4442466479788,984.8555921164174,994.9033245861557,994.9552283062037
3709,1,994.7928936652778,984.8165969339503,994.8008417004255,994.9917710001706
3710,1,994.8602701726271,984.7985600614467,994.9041942417683,994.9713715206109
3711,1,994.793671116177,984.7941422210737,994.8035712671766,994.9933455362399
3712,1,994.8655029196178,984.8125544078688,994.8986314671957,994.9984653880441
3713,1,994.7878101942857,984.8469907326555,994.8033081477191,994.9910668986179
3714,1,994.8716977470629,984.8993443854415,994.8963373991214,994.9701312215641
3715,1,994.7857811535032,984.9593316771872,994.8008538263175,994.9389739435608
3716,1,994.8780341597754,985.0127758373603,994.8955420603788,994.9148285110681
3717,1,994.7946638478711,985.0279238579623,994.7957498578038,994.9371042088322
3718,1,994.8828186766722,985.0403716401695,994.8968614809015,994.9560745961608
3719,1,994.7911193893848,985.0604332496915,994.8026369531092,994.9688736440119
3720,1,994.8781590929103,985.0760172521399,994.8973081422633,994.9812970623973
3721,1,994.7884025203011,985.0836126426389,994.8025427702751,994.9919982551196
3722,1,994.8615090390294,985.0930788146375,994.8983501501145,994.9967598683866
3723,1,994.789458142557,985.0932231454225,994.7956469465913,994.9859173202384
3724,1,994.8685694215394,985.0838736721349,994.9067416883704,994.9903911615828
3725,1,994.7834028766464,985.0892031243318,994.8030679452526,994.9956699759854
3726,1,994.8638331562448,985.0951333875691,994.9072085482422,994.9923227066729
3727,1,994.7874767308627,985.0995322795402,994.8072461332216,994.9898385490565
3728,1,994.8673727757473,985.1025439269151,994.9028332992335,994.9838442975007
3729,1,994.7901375501685,985.1018838061838,994.8009084734626,994.9885895256303
3730,1,994.8753167267124,985.1083543035072,994.8948564250547,994.9903232902838
3731,1,994.7846700122693,985.1106753499314,994.7941068955809,994.9805884813749
3732,1,994.8701393817006,985.1073206341373,994.8867179075643,994.9893096337198
3733,1,994.7735901639687,985.1109686642109,994.795755737754,994.9874962277669
3734,1,994.8695921714851,985.1106077991095,994.8930755349687,994.9910325329588
3735,1,994.7727353667719,985.1188880029895,994.7989087691442,994.9896113480481
3736,1,994.8722295852583,985.122394182858,994.8932444159626,994.98218900838
3737,1,994.7677716098265,985.1189507560266,994.8006312115231,994.9772107558495
3738,1,994.868656232843,985.1151652472953,994.8907486671825,994.9836101766173
3739,1,994.7666691045328,985.1115477360313,994.8010353949331,994.9847148543919
3740,1,994.8697878444167,985.1105824518652,994.8956547177422,994.9835041720949
3741,1,994.764669165049,985.108666963653,994.8027240634892,994.9816201891131
3742,1,994.8706702829143,985.1018746681001,994.8992155168337,994.9877150563476
3743,1,994.7624476064323,985.1028850310323,994.7944480656236,994.985546000559
3744,1,994.8663923318477,985.0939807379525,994.901613636315,994.9859583976211
3745,1,994.7627975491458,985.0836052070364,994.7941834146425,994.9897898176607
3746,1,994.8585093787235,985.0806016130492,994.9073979330958,994.9922165156532
3747,1,994.762101846049,985.0811782129742,994.7954623833655,994.9867992799072
3748,1,994.8659551154833,985.0774834112395,994.9026181837346,994.9825463460701
3749,1,994.7628628286816,985.0711079776337,994.7973610925885,994.9905166371216
3750,1,994.8622140262858,985.0730417430485,994.8962192381068,994.9880119446003
3751,1,994.7639175976728,985.0757412174177,994.7956650365546,994.9866700713198
3752,1,994.8561941918595,985.0692230709491,994.8995052098273,994.9878041740888
3753,1,994.7629493856209,985.0633004964536,994.8000588695951,994.9915890427247
3754,1,994.8530770241848,985.0661326855063,994.8994271229075,994.9978112899113
3755,1,994.7623959841649,985.0655132786399,994.7994955708514,994.9967841354044
3756,1,994.8519748107576,985.0663860956298,994.8966118531473,994.9973929719688
3757,1,994.7626115770164,985.0697963088816,994.8094553292534,994.9997082175895
3758,1,994.8558152289665,985.0679296611513,994.8967185522196,994.999202737834
3759,1,994.7564679127615,985.0614432461704,994.8118187797213,994.9980019819977
3760,1,994.8614558627714,985.057270261705,994.8959082436124,994.9886299420539
3761,1,994.7552103054886,985.0600936755319,994.808959315251,994.9830483154582
3762,1,994.8610407576913,985.0531424946679,994.8964837161637,994.9825741536954
3763,1,994.7565419859702,985.0490892992652,994.8058612406364,994.9707812771395
3764,1,994.8551175447494,985.0370440006999,994.900373935225,994.9640489500606
3765,1,994.7531711320398,985.035833618637,994.7965960807716,994.9430142535958
3766,1,994.853985201455,985.0202297207899,994.8978177497868,994.9260250879526
3767,1,994.755249870174,985.0002829067346,994.7899049299176,994.899677631429
3768,1,994.850703060159,984.9766417019686,994.8998090577438,994.8716018954444
3769,1,994.7574176616461,984.9503355795017,994.7858104852265,994.8536857624804
3770,1,994.8541039938959,984.9203221645272,994.9028232716139,994.8285442563293
3771,1,994.7631830386949,984.8975692618691,994.7821860330931,994.7960304257848
3772,1,994.8535713256155,984.8616559534988,994.9066676248905,994.769994407508
3773,1,994.7704096618314,984.8304468643713,994.7818573561699,994.7489496491778
3774,1,994.8447751963836,984.8075969695162,994.9040349145503,994.7268744215221
3775,1,994.7671968303613,984.785711250787,994.7854832007968,994.7125783363252
3776,1,994.8506609691111,984.7639893725357,994.9062553970417,994.6955610376085
3777,1,994.7720147000405,984.7402221344433,994.7820056249175,994.6784316611777
3778,1,994.8527338472435,984.7280835362205,994.9102965075796,994.6598839205949
3779,1,994.7704642994237,984.7124434085449,994.7941570693456,994.6395960200376
3780,1,994.8518201785065,984.6914516274088,994.9047970534011,994.6194917820833
3781,1,994.7784605206796,984.6804714197768,994.7904834840483,994.60177850294
3782,1,994.854604683609,984.6655191670969,994.9041245856686,994.5883328304948
3783,1,994.7756989482906,984.6490588491545,994.7818244405586,994.5715831948929
3784,1,994.851799361541,984.6384303683304,994.9019271817523,994.5580254605353
3785,1,994.7688202063996,984.6286176593444,994.7829941201136,994.5413542246669
3786,1,994.8451887400194,984.6138867010985,994.8985079690344,994.5236629404225
3787,1,994.7654522660564,984.5910379677462,994.7874800123559,994.5065603876643
3788,1,994.8440940565616,984.5697027407095,994.9022806409012,994.4954444713389
3789,1,994.7678169770915,984.5540845655801,994.7846912561956,994.4837765422044
3790,1,994.8513844868578,984.5415611086079,994.9007901218595,994.466650956812
3791,1,994.7748210712242,984.5249366214524,994.7861217441963,994.4411228499952
3792,1,994.8525724334716,984.4955326445204,994.9044712085512,994.4244160049435
3793,1,994.7800175340205,984.4759072714007,994.7904376594407,994.404662737471
3794,1,994.8456470398302,984.455401849962,994.8999585550586,994.3821079381214
3795,1,994.7701112161099,984.427169824976,994.785399252007,994.3695004971548
3796,1,994.8488641449745,984.3993843495729,994.8955417010895,994.3509576240475
3797,1,994.7685332938786,984.369126654846,994.7858597561512,994.3276589148353
3798,1,994.8397509102344,984.3422562648441,994.8951489382221,994.3069946870453
3799,1,994.7620508850554,984.3150905353377,994.7856721622563,994.2801345024592
3800,1,994.8380249665832,984.2968689527329,994.8969561155374,994.2424597413668
3801,1,994.7588976383338,984.2740386847256,994.7863463921151,994.2144555348755
3802,1,994.8358037880924,984.2491941722498,994.8964633024651,994.189780835532
3803,1,994.7583435231477,984.2232933787669,994.7842413120998,994.1613335455194
3804,1,994.8356077600663,984.191442747786,994.9041958430063,994.1358379695289
3805,1,994.7599882152299,984.1501057342272,994.7829030814875,994.1059836650795
3806,1,994.8325400249832,984.1178457954005,994.8952238972527,994.0704393599851
3807,1,994.7661668843415,984.0792358503999,994.7725942389551,994.0322324618364
3808,1,994.8268954427564,984.0357596817639,994.890618311708,993.9974966273778
3809,1,994.761433285091,983.9966194894071,994.7708005058073,993.9590295716583
3810,1,994.8269271255468,983.9618607178428,994.8884230561943,993.9216150099779
3811,1,994.7535808499117,983.9263809006727,994.7706708421698,993.8906039878711
3812,1,994.8250319674456,983.8961881219009,994.891053082689,993.8606720114656
3813,1,994.7562872473605,983.8631343110083,994.7695534804998,993.8403895559652
3814,1,994.8309244938774,983.8310923327665,994.8895434416826,993.8177017721985
3815,1,994.7457852864102,983.8015092250189,994.7734848674866,993.7935084473468
3816,1,994.8295949771326,983.7763115718843,994.8883607282731,993.7723271707667
3817,1,994.7536137905025,983.7548485968629,994.7757303717626,993.7446719785318
3818,1,994.8254051964353,983.7305579407038,994.8941681395848,993.7215654794683
3819,1,994.7503242421232,983.7006210613245,994.778194451778,993.7056863211908
3820,1,994.8220212433091,983.6763867583834,994.8962144250833,993.6831535734619
3821,1,994.7452079309821,983.6476781664019,994.7869196414753,993.6549913896404
3822,1,994.8240116094503,983.6215033034708,994.8898372890731,993.6250724542638
3823,1,994.7509507287763,983.5961655980155,994.785808728425,993.5915180917715
3824,1,994.830424482441,983.5667827704525,994.8906859225548,993.5598665812889
3825,1,994.7556640801995,983.5290088382836,994.7843447361622,993.5271637542638
3826,1,994.8299353314745,983.4992554745102,994.8960250199802,993.4925703418969
3827,1,994.7509950216331,983.4608628980757,994.7793206223386,993.4669410234832
3828,1,994.820553940241,983.4229052171218,994.8996118954371,993.4404497362711
3829,1,994.749233503562,983.3836509793196,994.7779879530115,993.4127933743658
3830,1,994.8179870550504,983.339997353973,994.9002321593272,993.37731102613
3831,1,994.7485788781732,983.305389652413,994.7804235114652,993.3408407242866
3832,1,994.818744434636,983.2810792915891,994.8959958770943,993.2962459057348
3833,1,994.7488492525652,983.2602532660889,994.7797953404358,993.2639391630474
3834,1,994.8266408547889,983.2428088253419,994.8944951421756,993.2316954104317
3835,1,994.746426068499,983.211552052135,994.776465617295,993.2047387915428
3836,1,994.8341766022249,983.1850438354489,994.8851004516521,993.176085322033
3837,1,994.7532941558777,983.1597475136493,994.7797653715511,993.1412741923995
3838,1,994.8292708287413,983.1265789584822,994.8786426570625,993.1138713604832
3839,1,994.7464293812209,983.1014597677838,994.7849534020099,993.0765141858886
3840,1,994.8347213812629,983.0752448082433,994.8852213303336,993.0464054876893
3841,1,994.7461636324784,983.0536512820597,994.7822345354327,993.0223959994026
3842,1,994.836821390765,983.0400289338927,994.8900923990261,993.0085124179394
3843,1,994.7397487718234,983.0239629790577,994.7770370543989,992.9999947538987
3844,1,994.8368924462386,983.0113293642605,994.8910483723885,992.9996377809043
3845,1,994.7362057700948,983.0070859621851,994.7785781959182,992.9930556486111
3846,1,994.8398741901868,983.0024182378988,994.8881214799322,992.9897209538149
3847,1,994.7368831019255,983.0045257930393,994.7804676104755,992.9800670726033
3848,1,994.8358006104996,983.0027262984047,994.8885912808133,992.9662839651703
3849,1,994.7448346579756,982.9880861729106,994.7778587305728,992.9566330279115
3850,1,994.8383884098679,982.9741693072388,994.8903563505786,992.9427981068272
3851,1,994.7450911835368,982.9549017410158,994.7744259278033,992.9203403503979
3852,1,994.8344804053442,982.9377046183273,994.8850019663987,992.8999944842641
3853,1,994.741131182455,982.9282049682901,994.7750580677222,992.8824547221765
3854,1,994.8321941506279,982.9096540795418,994.8808450914729,992.8712638894461
3855,1,994.7442896889472,982.892948148321,994.7787724211641,992.8552790269042
3856,1,994.8325023171136,982.8752337836419,994.8799842523165,992.8337054628108
3857,1,994.7531351786328,982.85634914064,994.7839833164243,992.8119693261718
3858,1,994.838178577377,982.8429473389464,994.8770954180352,992.7875703304246
3859,1,994.7561349596322,982.8237697718293,994.7842066444044,992.7720700345644
3860,1,994.8437617843883,982.8015914674431,994.8728601507377,992.7474862410302
3861,1,994.7563924361824,982.7776309598095,994.7849587327422,992.7257442374174
3862,1,994.8526173693181,982.7589359051744,994.8681796304495,992.6967305729356
3863,1,994.7600983429621,982.7367757163836,994.7900702944238,992.6671547212726
3864,1,994.8476669838813,982.7002862542648,994.8663028738553,992.6355556725025
3865,1,994.7611215228483,982.6633991299981,994.7919059516238,992.6021222153656
3866,1,994.8370237742657,982.6242351341841,994.8657509953924,992.5666511138718
3867,1,994.7527612222494,982.5901772075485,994.7998123817497,992.5317766783332
3868,1,994.8310359295618,982.5573291559703,994.8634291251993,992.4970301231136
3869,1,994.7595413608706,982.5304127429005,994.8082919804649,992.4611394680466
3870,1,994.8313822339663,982.4953251857212,994.8643738723466,992.4237127472104
3871,1,994.7625584767087,982.468592345038,994.8093032123437,992.3924505657304
3872,1,994.8319455559499,982.4401791286865,994.8657807109334,992.3650326072571
3873,1,994.767187649462,982.4261271867157,994.8090554070611,992.3360413733693
3874,1,994.8362547926597,982.407730402083,994.8685913836862,992.3100063784195
3875,1,994.7673878374344,982.3899092986626,994.8092272989865,992.2904032822377
3876,1,994.8333363129818,982.371241246369,994.8594659978124,992.2690882731295
3877,1,994.7676492802999,982.3571442646855,994.8153426342766,992.2484154365278
3878,1,994.8303379614478,982.344839917226,994.8618871236317,992.2253908277903
3879,1,994.7640932732484,982.3310946031105,994.8170593242672,992.2086770254098
3880,1,994.839656668455,982.3169387763983,994.8569593317342,992.1920837568284
3881,1,994.765173237094,982.300526490508,994.8150088462388,992.1743205204825
3882,1,994.8411140945346,982.2842739416899,994.8490113432194,992.1558913691374
3883,1,994.7713387735286,982.2643459632201,994.8156050863874,992.1537184515021
3884,1,994.8346518507727,982.2520568085263,994.847659644944,992.1495032087355
3885,1,994.7641483856522,982.2460141621756,994.8184327287438,992.143225265863
3886,1,994.8349651154645,982.2481240891997,994.8532137626189,992.1352640841249
3887,1,994.7645376123452,982.236628129849,994.8186196467866,992.1283155524212
3888,1,994.8313693389345,982.2260982178138,994.8559867916575,992.1223594244
3889,1,994.7647125597229,982.2205481881988,994.8127948760397,992.1129160335568
3890,1,994.8262493158778,982.2071779380298,994.8538098130792,992.1004620231571
3891,1,994.7724401377372,982.1943629212776,994.8124933046307,992.0808230613873
3892,1,994.8366428498265,982.1754791104829,994.8528368587582,992.0626429367195
3893,1,994.7681769082938,982.1606384202553,994.8201589350043,992.0446475084161
3894,1,994.8306224573475,982.1420443670604,994.852246997885,992.0255409082209
3895,1,994.7664467366774,982.119422160305,994.819829128109,991.9998603109767
3896,1,994.8264923972616,982.0966503000006,994.8513695931391,991.9699918029171
3897,1,994.7635606892114,982.0663388873461,994.8180876091947,991.9394768674616
3898,1,994.8197749210918,982.0343270822527,994.858286061931,991.9099973424147
3899,1,994.7650819073094,982.0070339285883,994.8127161800721,991.884829470243
3900,1,994.8175166956522,981.9847650915597,994.8591965938505,991.8541081080045
3901,1,994.7591913534707,981.9588684198832,994.8164063147866,991.8284682623013
3902,1,994.8156494618767,981.9334440239561,994.8590218290628,991.8031459817199
3903,1,994.7604421783701,981.9078996952488,994.8128421223519,991.782467811811
3904,1,994.8221776970515,981.8861318624821,994.866149293261,991.7659706353783
3905,1,994.7627763276869,981.8703143689527,994.8184573761473,991.7423318841503
3906,1,994.8221725659639,981.8507584732438,994.8544573420947,991.7172488039527
3907,1,994.7669579230654,981.8275123431081,994.8146863390009,991.69259419419
3908,1,994.8175017535971,981.8062361810039,994.8513029408174,991.6657527261683
3909,1,994.7703960235293,981.772473422873,994.8239094453643,991.6427632547363
3910,1,994.8142767757041,981.7481367647217,994.8464856677373,991.6142502299074
3911,1,994.7780066428044,981.7170400368768,994.8289884463508,991.5889489282114
3912,1,994.8099044452222,981.6911685503131,994.8377249430908,991.5610431458647
3913,1,994.7803739113673,981.6699366569444,994.8313587127342,991.531154134209
3914,1,994.8082955180643,981.6500365640667,994.8355114448493,991.5008841032209
3915,1,994.7805808413907,981.6191561988071,994.8361330983219,991.4725783023681
3916,1,994.8045790534009,981.5868905135209,994.8414363350428,991.4411142466242
3917,1,994.7750140733668,981.5594871161136,994.8402796688492,991.4099282310052
3918,1,994.7999745805175,981.532122103309,994.8396301580734,991.3750338272827
3919,1,994.7729085159273,981.4965319224037,994.8463044027283,991.3449704321046
3920,1,994.7995744603621,981.4630632025255,994.8442796249286,991.3143985226675
3921,1,994.7733439576369,981.4348517105294,994.842105867025,991.2868091916192
3922,1,994.7985812219206,981.4050261863298,994.8449287257936,991.2690372646989
3923,1,994.7705120348346,981.3767270105237,994.8413104985957,991.2447607308303
3924,1,994.7941998891565,981.3570995239164,994.8441988377617,991.2187608467827
3925,1,994.7666354298417,981.3325774022866,994.8355339198979,991.191504034319
3926,1,994.7863530070846,981.3005890483187,994.8410808360895,991.1639233069604
3927,1,994.7638468774418,981.2703024660753,994.8341179763488,991.1352122761654
3928,1,994.7826524299898,981.2386696795315,994.849508838927,991.100812963767
3929,1,994.7683794482294,981.2046334605598,994.8327319210325,991.0721153389626
3930,1,994.7787870236338,981.1726809168284,994.8467969580793,991.0392953466994
3931,1,994.7633892745206,981.1325086421064,994.8316102530727,991.00597073359
3932,1,994.7750328485885,981.0962350904318,994.8543386191981,990.9755103189462
3933,1,994.7705078888176,981.0629730671752,994.8297117592099,990.9465638978202
3934,1,994.779057370588,981.0254017547032,994.8579045861829,990.9135756721168
3935,1,994.7680660023038,980.9899368471541,994.8278995278193,990.8717207617176
3936,1,994.7804026177922,980.9507409300813,994.8567825716067,990.8363399540577
3937,1,994.7691557963343,980.9164769763555,994.8176758228723,990.7974545682995
3938,1,994.7814360247803,980.8755559876095,994.8544354470104,990.7604501232676
3939,1,994.7689437696433,980.8393121355734,994.8127515971519,990.7239419852863
3940,1,994.782574414016,980.8077410766615,994.8632669460189,990.6878331969352
3941,1,994.774598435849,980.7704948341849,994.8164842221559,990.6525840973642
3942,1,994.7762353186613,980.7368729150246,994.8675763106747,990.6244948232546
3943,1,994.7707382006123,980.7070099470618,994.8201739774684,990.592799020415
3944,1,994.7793253567545,980.6728782903492,994.8757826845595,990.5614156106425
3945,1,994.7705670953779,980.6439078118284,994.8258117068631,990.5348618622132
3946,1,994.7838154703321,980.6192047594376,994.8758840743844,990.5037855853512
3947,1,994.7659066096726,980.5906008843552,994.8328941443732,990.4725071688996
3948,1,994.7855958386469,980.5577570010765,994.8753734002262,990.4357238232587
3949,1,994.774228689707,980.5267511224192,994.8315388927808,990.4033263740232
3950,1,994.7851808573923,980.4933475340932,994.8775474927023,990.3681327394911
3951,1,994.7775836637175,980.4576332873055,994.8292059467924,990.3384053503968
3952,1,994.7861810846742,980.4302095312426,994.8808607705516,990.306171287401
3953,1,994.7780872647733,980.3943843502459,994.8346969334002,990.2711189784386
3954,1,994.781641738031,980.3551178595344,994.8859595790041,990.2331822555984
3955,1,994.7771563137394,980.3241777561449,994.8382178478281,990.1986596467119
3956,1,994.7866484756211,980.2886570755045,994.8842663845094,990.1640496993816
3957,1,994.7820278766192,980.2563878414404,994.8345276082047,990.1275068625467
3958,1,994.7922448730839,980.2257407377842,994.8856763658071,990.0885804623273
3959,1,994.7806871112392,980.193453098912,994.826986408412,990.0539146228107
3960,1,994.7970104297377,980.1590076905593,994.8845717616072,990.0240534238014
3961,1,994.7815546362001,980.1319460680701,994.8244367819458,989.9941684952532
3962,1,994.7913989298183,980.106320505935,994.8767482050113,989.9645619390501
3963,1,994.7793216683775,980.0923941495661,994.820871555684,989.9425062923931
3964,1,994.7818601792015,980.0766279671304,994.8805620303533,989.9283171579776
3965,1,994.7760404585974,980.0593822559499,994.8225151261986,989.9172659959897
3966,1,994.7856274609701,980.0429420166199,994.8814295145386,989.8980257548864
3967,1,994.7680863736184,980.0177371106654,994.824681164913,989.8898602530658
3968,1,994.783669861642,979.9961981198469,994.880419640399,989.8725468251838
3969,1,994.7678052348042,979.9805152401954,994.8269577551381,989.8539018065014
3970,1,994.77368056323,979.96682004482,994.877735037173,989.8340384140247
3971,1,994.7636935923873,979.9612754609668,994.8288384173488,989.813178783467
3972,1,994.7792991668229,979.9484033041243,994.8773530947972,989.7939116914802
3973,1,994.7685568397013,979.9410655465348,994.8242888325601,989.775384482422
3974,1,994.7754074425751,979.9226931503779,994.875550481129,989.7651916282141
3975,1,994.7727728585959,979.9086897343443,994.8263390232592,989.751486784685
3976,1,994.7763824040724,979.8898168773354,994.8820952792166,989.7303126232222
3977,1,994.781565548738,979.8723957795407,994.8286133993759,989.7203407883987
3978,1,994.7794557977797,979.8625138809748,994.8862148343683,989.7052347351649
3979,1,994.7792285042098,979.8526634276044,994.8270120822186,989.6900701567034
3980,1,994.7800040045929,979.8452597240104,994.8900066553362,989.6839985027653
3981,1,994.7802571139167,979.8388574432164,994.8337776706737,989.6837033619686
3982,1,994.7771092018598,979.8384441337412,994.8947933017629,989.6766663580898
3983,1,994.7824674332954,979.8387324822979,994.8354195952688,989.6733270418056
3984,1,994.7836934577044,979.8331819524933,994.892186672753,989.667972459487
3985,1,994.7747039833375,979.8229748155018,994.8266697343644,989.6660502030007
3986,1,994.787407437235,979.8206987504007,994.9020745063783,989.6648467527631
3987,1,994.7736418852405,979.8269184402129,994.8238251411268,989.6588047114055
3988,1,994.789026532694,979.8282657897078,994.8981847027076,989.6507155141181
3989,1,994.7693839164043,979.8282253881213,994.8216608323957,989.6390766198509
3990,1,994.7881222022288,979.8239983575062,994.9004885322096,989.630385474839
3991,1,994.7643679105787,979.813819100744,994.8244128578683,989.6204863099267
3992,1,994.7827455492863,979.802955654065,994.9026883518783,989.6067652745855
3993,1,994.7630228646955,979.7876056100511,994.8254540521875,989.5924544455295
3994,1,994.7746537989742,979.7690869868445,994.9080709601589,989.5789008587979
3995,1,994.7715866950879,979.7543103691027,994.8216461939576,989.5631647070738
3996,1,994.775025242505,979.7434593888652,994.9101487381367,989.5411638209429
3997,1,994.7780706128403,979.722360798054,994.8188176823697,989.5293877104675
3998,1,994.7792775930515,979.7015321934325,994.9093587175647,989.5120532191878
3999,1,994.7738568803084,979.6771887029628,994.8123239945998,989.4918786244887
4000,1,994.7767295643439,979.6535141731993,994.9110198044248,989.4621141091357
4001,1,994.7757867216459,979.6330124769516,994.8126158844248,989.4388162365997
4002,1,994.7749515965795,979.618061102307,994.9163047939276,989.4185695211216
4003,1,994.7824578101927,979.5935399117146,994.8099782212163,989.4043766057251
4004,1,994.7742029026276,979.5748694201602,994.9150535312111,989.3819494986169
4005,1,994.780153960578,979.5477590226749,994.8073093982032,989.362648596677
4006,1,994.7706013534622,979.524000284832,994.9134328438727,989.3435619064546
4007,1,994.7776409304242,979.5057665096385,994.796434751687,989.3209127300413
4008,1,994.772251893283,979.4843048114898,994.9210954870874,989.2953843431877
4009,1,994.7789567091817,979.4604488510981,994.7941304457406,989.2726110953872
4010,1,994.7647650663658,979.4435055774279,994.9222265421041,989.2484007236859
4011,1,994.7862755790599,979.4144759977197,994.7942814368739,989.2314282254417
4012,1,994.7522233927996,979.3836419148997,994.93163662891,989.2098196264517
4013,1,994.7885350307207,979.3535870563818,994.7918375759727,989.179247719371
4014,1,994.7538631889792,979.3199397904203,994.9372337648201,989.1458654332937
4015,1,994.7960153007383,979.2865300134946,994.7891847493313,989.1059114646639
4016,1,994.7544370677642,979.2517873097261,994.9415993702786,989.066775126615
4017,1,994.7981242986801,979.2160942932022,994.7910211184588,989.0319343680795
4018,1,994.7581989929474,979.1792827591408,994.9480053189279,988.9988182699109
4019,1,994.8097667287828,979.142693054293,994.7809365089125,988.9660598528963
4020,1,994.7615529098998,979.1107709161488,994.9459772372765,988.9335141768331
4021,1,994.8131266519616,979.0725835074322,994.7763195315741,988.9049807940619
4022,1,994.7591778580877,979.0374754988202,994.944959013021,988.8764968682303
4023,1,994.8165846478191,979.007053828298,994.7749513878703,988.8484683689684
4024,1,994.7515985928392,978.9729649020592,994.9437166152642,988.8137551782455
4025,1,994.8205973873669,978.9496838545833,994.7727653534313,988.780847149081
4026,1,994.7504531715807,978.9247233983832,994.937720807663,988.7587238811401
4027,1,994.8352050809907,978.901408526254,994.7687604684327,988.7362157672658
4028,1,994.7387514137832,978.8757422819547,994.9346794955794,988.714581356168
4029,1,994.8374078807888,978.8484153346432,994.7677906223196,988.6966281143234
4030,1,994.7339427359134,978.8273872335501,994.9438851119912,988.6721130453235
4031,1,994.8454456130735,978.8080500962974,994.7684307136593,988.6400443790079
4032,1,994.7373671261744,978.7797702729184,994.9456782860559,988.613228146437
4033,1,994.8522401391563,978.7621696559671,994.7682892580222,988.5833341400446
4034,1,994.7218352341494,978.7472419156196,994.951769574126,988.5627797495833
4035,1,994.864468660653,978.7347714185503,994.7669531333643,988.5515369169395
4036,1,994.7190245244597,978.7238429346357,994.9487095434918,988.5365320711522
4037,1,994.8622193303157,978.7183135196732,994.7644688074457,988.5246319193479
4038,1,994.7154045448626,978.7122000229042,994.952884827196,988.5210337885526
4039,1,994.8589270063093,978.7103157206964,994.7573127617737,988.517215028526
4040,1,994.7177089934737,978.6985244428774,994.945968805605,988.5041901850686
4041,1,994.8664311154668,978.6932126783107,994.7478122641402,988.4861023393646
4042,1,994.7144969443068,978.6808648732892,994.956855791661,988.4727127006704
4043,1,994.8638848856041,978.6789144402904,994.7419205977811,988.4659234110393
4044,1,994.720224061586,978.6763684004829,994.9649589963841,988.4631570628064
4045,1,994.8681813257674,978.6748180765845,994.7395290237084,988.4622600992435
4046,1,994.7156657186528,978.6697036234303,994.9671572714135,988.4699475882172
4047,1,994.8784171297721,978.6785488301464,994.7335081800398,988.4662724412195
4048,1,994.7048272911176,978.6775162640536,994.9668279489406,988.4701537170439
4049,1,994.8809383839373,978.6752223392824,994.7300472236914,988.4711131489871
4050,1,994.699306948088,978.6826318880182,994.9657988582804,988.466425336262
4051,1,994.8936025837453,978.6903203489944,994.7363112110223,988.4643328966854
4052,1,994.6984061289353,978.688238271107,994.9741317526311,988.4681053297604
4053,1,994.8987840423139,978.6902206380589,994.7326665961099,988.4645102346755
4054,1,994.6931500244499,978.6863654629647,994.9816586328171,988.4645545143576
4055,1,994.9020077966586,978.6885494295449,994.7221377579725,988.4652214812982
4056,1,994.6861981166898,978.6915481286866,994.9938892455903,988.4657383949896
4057,1,994.9164313930745,978.6930840210898,994.71172797277,988.4639233798704
4058,1,994.6872315300437,978.693493443764,994.9997785957761,988.4688795682283
4059,1,994.9245034581577,978.7006070329641,994.7150547938262,988.4695817486448
4060,1,994.6788571098136,978.705431155964,994.9894178656571,988.4715335198973
4061,1,994.9310959943598,978.707058239878,994.7182123213687,988.4707877260123
4062,1,994.6768648518565,978.7031145741029,994.9949187182644,988.4727132911296
4063,1,994.9418272490623,978.698564756382,994.7151929888056,988.4651581319587
4064,1,994.6703354511575,978.688714805451,994.9995569919628,988.4616834800756
4065,1,994.9442796350968,978.6898012716122,994.7082668449691,988.4561678535471
4066,1,994.670077552323,978.6805483707694,994.9907480410739,988.4619526297407
4067,1,994.9525588070902,978.6777163728129,994.7181528909987,988.4608097735368
4068,1,994.6738266984726,978.6751495449921,994.997459919897,988.4562213090109
4069,1,994.9608138723489,978.6802925636446,994.7148415277921,988.450453976705
4070,1,994.6647782026425,978.6759252792232,994.9955750267505,988.4491302208053
4071,1,994.9608791266984,978.6682955690305,994.7109148515061,988.4395962718601
4072,1,994.6600498377129,978.6566667804257,994.9990077189218,988.434614177486
4073,1,994.9709589564642,978.6459996590702,994.7027341721817,988.4267326467561
4074,1,994.6583308319485,978.6358320041336,994.9931938154218,988.411339743305
4075,1,994.9802815110801,978.618656290104,994.7082352503137,988.39428375639
4076,1,994.649746276599,978.599197301566,994.9956946378663,988.3792464637282
4077,1,994.991314259951,978.5851740499354,994.699015743793,988.3695131993701
4078,1,994.6534270114939,978.574593201526,994.9999927231835,988.3591245502006
4079,1,994.9990784649825,978.5646260571551,994.6893664700439,988.3478348548726
4080,1,994.6457885923606,978.5665171975498,994.9988688510373,988.3309815547777
4081,1,994.9948734471059,978.5677460468876,994.6789403874564,988.3206855682226
4082,1,994.644152897112,978.5601832131107,994.993910688988,988.3175355393385
4083,1,994.9966770067662,978.5574312791027,994.6776735937165,988.31324838073
4084,1,994.6394278210925,978.549079543215,994.9944591084355,988.3123727102784
4085,1,994.9969857379199,978.5400826269441,994.6759226015411,988.2996052175655
4086,1,994.6322428568832,978.5193763388969,994.9948074904431,988.2919229655464
4087,1,994.99335788205,978.505357034622,994.6758916971557,988.2752628897567
4088,1,994.6354919622794,978.5004393411028,994.9991730322395,988.25990380048
4089,1,994.9948523910159,978.4891818819792,994.6645697597961,988.2356971443539
4090,1,994.6291461694426,978.4643069945616,994.9866322135639,988.2139338323296
4091,1,994.996688329663,978.4391623015962,994.6812508240348,988.1933353282325
4092,1,994.6254954882379,978.4207562458133,994.9981343254573,988.1780373549694
4093,1,994.9867369796635,978.410676524826,994.6780350226616,988.1647864746176
4094,1,994.637979754087,978.401598546388,994.9927989090978,988.1464487976527
4095,1,994.989723679354,978.3846626419519,994.6822072010393,988.130704240906
4096,1,994.6254398113088,978.368387593206,994.9922906637586,988.1217773483261
4097,1,994.9959536326705,978.3466654357878,994.6913583484942,988.1129465284279
4098,1,994.6312035459603,978.3294958871281,994.9970385219568,988.0990003363776
4099,1,994.9963329455582,978.3185203413981,994.7004407515325,988.0781044372465
4100,1,994.6330926554296,978.2978588770725,994.9879489480412,988.0689081590044
4101,1,994.999500126815,978.2794071003631,994.7148472916107,988.0473620229982
4102,1,994.6186518006612,978.2593555233589,994.9977252917698,988.0308562083687
4103,1,994.9862619511996,978.2470510268495,994.7072025277566,988.0097399753055
4104,1,994.636998967673,978.2331426240389,994.9916036573043,987.9907299414739
4105,1,994.9887270537616,978.2114050986111,994.7191150477936,987.969062046775
4106,1,994.6298177940882,978.1825204739018,994.9936543012379,987.9475043116287
4107,1,994.9984895661572,978.1625758144434,994.7266037984798,987.9258610679244
4108,1,994.6229644049656,978.1409439371027,994.999490041626,987.9093074397998
4109,1,994.99077411635,978.1230818470659,994.724053217494,987.8926333295976
4110,1,994.6274630754962,978.1107884133272,994.9851309217973,987.8740298140211
4111,1,994.9921305964416,978.1007592612274,994.7546265179247,987.8596067599906
4112,1,994.6179591195183,978.0824628826942,994.9980024035752,987.8535974665311
4113,1,994.99742929829,978.07583134095,994.7464034001332,987.8375989392914
4114,1,994.6032365803301,978.0663202841473,994.9943045761087,987.8249424535502
4115,1,994.9891528069217,978.059446604228,994.7534508738963,987.8068283634287
4116,1,994.616074559551,978.0427895425489,994.99812069259,987.7926644035724
4117,1,994.994962869237,978.0277940936865,994.7503650153171,987.7644826897246
4118,1,994.6090529458932,978.002713404907,994.99366360856,987.7374421927065
4119,1,994.9971300139789,977.9644320439495,994.7596756137067,987.7063651508909
4120,1,994.5989720417873,977.926061049603,994.9982480306986,987.6702360907345
4121,1,994.9975136991521,977.8984472152114,994.7496454220573,987.6371220324627
4122,1,994.5931787304773,977.8706951952279,994.9968593377913,987.6034603701003
4123,1,994.9887996870259,977.8423947734891,994.7539059326992,987.5769307431601
4124,1,994.6063262004437,977.817546560064,994.992678191048,987.5572227662201
4125,1,994.9985095276751,977.7999419752357,994.7481939465694,987.5347507139927
4126,1,994.6007156607324,977.7736644661367,994.9955929785373,987.5165759549176
4127,1,994.9933664549407,977.7590438063551,994.747442811766,987.4986530881316
4128,1,994.6090393378345,977.7340871152269,994.986449074919,987.4827522430478
4129,1,994.9988191200996,977.7160359390009,994.7662284693516,987.4562975832566
4130,1,994.603115262369,977.684792958777,994.9931026210865,987.4324458835804
4131,1,994.9920851524423,977.6594607770866,994.7584404255042,987.4086909928416
4132,1,994.6100196215054,977.6318019584389,994.9972170054797,987.3833084338295
4133,1,994.9961970265832,977.6061354559764,994.7557810231319,987.3527248186854
4134,1,994.5984419652419,977.5764940273395,994.9942416869342,987.3310874212453
4135,1,994.9998207359682,977.5558817182551,994.753591774324,987.3085065433867
4136,1,994.5917715097075,977.5342015017378,994.9933860667625,987.2861293596832
4137,1,994.993270922582,977.5158191256248,994.7536375847841,987.2665986660671
4138,1,994.5957259960455,977.5040564300216,994.9942665583587,987.258158231129
4139,1,994.9980497239515,977.4951863300859,994.7570760631414,987.2439737563361
4140,1,994.5914196591053,977.4777794977393,994.999099816324,987.234321975874
4141,1,994.9950747406662,977.473043117593,994.752865273635,987.2133935535198
4142,1,994.5913268234717,977.4569510362148,994.9922476813974,987.2032760506455
4143,1,994.9987009282457,977.4489033692057,994.7656877880629,987.188848365834
4144,1,994.5901846767889,977.4381355316023,994.9985454512195,987.1684486407286
4145,1,994.9949879391752,977.4189487802373,994.7605394432285,987.1504783652804
4146,1,994.5935404458721,977.3896409560427,994.9877354499966,987.12366326334
4147,1,994.9951601206027,977.3689756744091,994.7784128884836,987.086959697975
4148,1,994.5989015054258,977.3306004228511,994.994444293434,987.0563313083474
4149,1,994.993731844681,977.2972696044827,994.770224879973,987.0235450687093
4150,1,994.5997473977162,977.2579016053534,994.9960915162892,986.9911806530772
4151,1,994.9962079865336,977.2197075862654,994.7568710972112,986.9590000536111
4152,1,994.5977196931483,977.1852110779197,994.9982601538202,986.9182887389113
4153,1,994.9839338004169,977.1580151744334,994.7477165159821,986.8815335289044
4154,1,994.6225700286127,977.1186365028288,994.9903056964247,986.8493594997399
4155,1,994.9988101034503,977.0789574369269,994.7655654761342,986.8112274819728
4156,1,994.6168394200565,977.0391717682882,994.9956574952112,986.7684460541861
4157,1,994.9965308467172,976.9983735720024,994.7717326678965,986.7192785740223
4158,1,994.6212575992779,976.9521446568806,994.9984356605751,986.6719341445687
4159,1,994.9964099759077,976.9064421859122,994.7595035351392,986.6254420537853
4160,1,994.6199041310138,976.8568827916786,994.9844141924962,986.5834826525106
4161,1,994.987257454061,976.8083203137385,994.7749646306813,986.5341403710501
4162,1,994.6433548633889,976.7526080244971,994.9916001760232,986.4859239642101
4163,1,994.996508991967,976.7077900933728,994.7620984845013,986.4319510365161
4164,1,994.6319594421072,976.6525125894726,994.9962787433379,986.3850823839535
4165,1,994.9968653012039,976.6011525195242,994.7520140596441,986.3359090298461
4166,1,994.6299930551677,976.5575927929029,994.9959932556661,986.2838993498137
4167,1,994.997406935695,976.5118528524343,994.7514172085934,986.2372423447642
4168,1,994.6126963574825,976.4624639516327,994.992280800706,986.190190135385
4169,1,994.997828198503,976.4192633633699,994.7651587522165,986.1400542130166
4170,1,994.6122737490844,976.3658372450508,994.9947785456534,986.0963962550595
4171,1,994.991293700878,976.3165106775256,994.7707507214756,986.0501107142743
4172,1,994.6211158390269,976.2618849851896,994.9968988416593,986.0044676676285
4173,1,994.9944387058921,976.2117929637227,994.7703400014475,985.9486478644283
4174,1,994.6281109629998,976.152825159147,994.9906538970124,985.893986972614
4175,1,994.994168760765,976.0989226052578,994.7813012270899,985.8406305471236
4176,1,994.6265568481633,976.0384300463593,994.9999703528208,985.7864728285161
4177,1,994.997253315313,975.9782808399277,994.7745457563119,985.7303736892369
4178,1,994.6204793146893,975.9091613954562,994.9946794382887,985.673685102095
4179,1,994.99979357343,975.8464577337088,994.7741287456095,985.6134720975812
4180,1,994.616889831871,975.7827901182843,994.997377751778,985.5568391511367
4181,1,994.9962342664219,975.7224420885675,994.7660986237911,985.4893874322635
4182,1,994.6172453733986,975.6568063310783,994.9991601494107,985.4324066927597
4183,1,994.9888589446031,975.600948347634,994.7545043628345,985.3691280437284
4184,1,994.6338053493962,975.5297403566024,994.9918317726548,985.3061700212179
4185,1,994.9953843754397,975.4698977489587,994.7692254040053,985.2390013452681
4186,1,994.639213194677,975.400289561468,994.9997305108337,985.174813485522
4187,1,994.9991402795408,975.3322344359066,994.7568540768888,985.1086773440321
4188,1,994.628019261805,975.2648017909166,994.997865540327,985.0411097744791
4189,1,994.9930604479521,975.202463925716,994.7583920190432,984.9746836185737
4190,1,994.6354214920277,975.1365380195073,994.9959906717936,984.9066312819837
4191,1,994.9970195859477,975.0706130082908,994.7576224098968,984.8364021692321
4192,1,994.632930047369,975.0034603602406,994.992458659164,984.7745105923663
4193,1,994.9990562560234,974.9387380496673,994.7694691348032,984.709351215021
4194,1,994.6275954633252,974.8662428281096,994.9986073455176,984.6391428104134
4195,1,994.9864648045856,974.79276041042,994.7647072361714,984.5600271231822
4196,1,994.6474804056834,974.7128896598967,994.9949043930068,984.4810212633541
4197,1,994.9941421810677,974.6381834715424,994.776073748414,984.4000540353927
4198,1,994.6385379970271,974.5614252372152,994.9943725091968,984.3178937705914
4199,1,994.9960336299722,974.4797099405565,994.7626259671241,984.225319418551
4200,1,994.6349165687276,974.3909889287527,994.9985996587177,984.1338213503662
4201,1,994.9986919643708,974.2940805245584,994.7539536492826,984.0393729935677
4202,1,994.6236174317064,974.2039087134704,994.9980796172174,983.9479079918528
4203,1,994.999053722671,974.1119597273129,994.7464348067193,983.8550821728212
4204,1,994.6266032894879,974.0168400754013,994.9921121114006,983.762947109847
4205,1,994.9891844374023,973.9257479258757,994.7560488878781,983.6588189565091
4206,1,994.6429789662452,973.8278985955058,994.9982350055718,983.566088210435
4207,1,994.9973458177907,973.7310041650867,994.7533447846565,983.4686618630419
4208,1,994.6438727585751,973.6291291618386,994.9922851754822,983.3721961854263
4209,1,994.9879785791492,973.5359641285384,994.7678774881058,983.27316383981
4210,1,994.6584154219148,973.4405016198291,994.9964849215442,983.1754913067732
4211,1,994.9950246890529,973.3497388862243,994.7563099721082,983.0763048999826
4212,1,994.6544772381282,973.2460722685344,994.9940824349425,982.9725218877093
4213,1,994.9986934590937,973.144247455407,994.757431944096,982.8683749593523
4214,1,994.6463181682512,973.0389266884529,994.9952604424352,982.7676655018121
4215,1,994.9896952457636,972.947776838403,994.7641443816228,982.6628100386007
4216,1,994.6676628940895,972.8487912907185,994.9946854859273,982.5633667007836
4217,1,994.9980629999009,972.7447591402475,994.7651224859433,982.4641245043435
4218,1,994.6540636406728,972.6464007148865,994.9901231198617,982.3557564745619
4219,1,994.9959454329429,972.5484197746214,994.7744109607012,982.2501003471641
4220,1,994.6465308092527,972.4476253887299,994.9973736185507,982.1548650502433
4221,1,994.998758470949,972.3563258161057,994.7625396603923,982.0449292190751
4222,1,994.6436862723808,972.2571436927491,994.9936458968349,981.9467780509865
4223,1,994.9921230953752,972.1607036216132,994.7538816284668,981.8412340218531
4224,1,994.6523648644986,972.0565602684544,994.9933285315842,981.7412652719928
4225,1,994.9977199161357,971.956210295667,994.745353205197,981.6393149039385
4226,1,994.6441186549986,971.8477710833192,994.9986385371038,981.5412907262353
4227,1,994.9954482894431,971.7459549145075,994.7335549339659,981.4408447554988
4228,1,994.6512950100425,971.638351794604,994.9856868407519,981.3427842685729
4229,1,994.9985658002554,971.5302860900061,994.7561985862878,981.2502086026406
4230,1,994.641592155523,971.4325090266861,994.9899270174245,981.1527844697905
4231,1,994.990804437842,971.3421372966806,994.7474419349303,981.0515706266252
4232,1,994.6556449665591,971.243051888988,994.9995754335428,980.9561751483136
4233,1,994.9938011981067,971.1539221601332,994.736296455244,980.8575781627768
4234,1,994.6574665670905,971.0546626565509,994.9895549993864,980.7554267550665
4235,1,994.9915347584611,970.9605586485491,994.74291027767,980.6540536977432
4236,1,994.6739346183925,970.8534789007686,994.9944965536936,980.5603457017048
4237,1,994.992340549386,970.7534098033993,994.7365275030702,980.4575742293425
4238,1,994.6782198144709,970.6551818405201,994.9924460138425,980.3509938195142
4239,1,994.9934507017189,970.5444162109037,994.7466442922371,980.2426867015074
4240,1,994.6781516923455,970.4301421312595,994.9941220132181,980.131712105671
4241,1,994.9974500270515,970.3221340725737,994.7542974146522,980.0159762606194
4242,1,994.6727584166933,970.2090555687784,994.9914253778883,979.9068100845726
4243,1,994.9921476314915,970.0939711471709,994.7686753575637,979.7972410586389
4244,1,994.6760555481789,969.9811233001502,994.996872689415,979.6843120287957
4245,1,994.9932537241189,969.864921877112,994.7721871437727,979.5703259738008
4246,1,994.6629292382501,969.7521166293325,994.9972850702442,979.4479037767366
4247,1,994.9940183670881,969.6316897500692,994.7700040667113,979.328343818296
4248,1,994.6707034073344,969.5097663468528,994.9896066902295,979.2061338222366
4249,1,994.9977770191903,969.3927281063955,994.7786928750457,979.0878140485319
4250,1,994.6637098837313,969.2719659125594,994.9986690486475,978.9721760260632
4251,1,994.9999823381397,969.1521259372197,994.7740475322917,978.8590157620271
4252,1,994.6464225705963,969.0350867400299,994.9932259580853,978.7442539307525
4253,1,994.9886787433351,968.9262796768018,994.7805318176498,978.6228724423386
4254,1,994.6607836901062,968.8049283818034,994.9980529685337,978.5095108664182
4255,1,994.9990968080886,968.6884326831165,994.7700013272173,978.3925785613033
4256,1,994.6571418394038,968.5647251005436,994.9955741650662,978.2711296390823
4257,1,994.9893539293472,968.4462267086275,994.7543676651233,978.1523008266731
4258,1,994.6607995763746,968.32889570375,994.9933391511157,978.0376029661847
4259,1,994.9905345624815,968.2151058324945,994.7577592651118,977.9230132474266
4260,1,994.6774965449446,968.0910661777535,994.9991507911445,977.8006467427352
4261,1,994.9960836781107,967.9640365897772,994.7542355825118,977.671606306426
4262,1,994.6749197688329,967.8335756628916,994.9890528126468,977.5472251393414
4263,1,994.9914143383892,967.7036320855126,994.7609502966992,977.4171305367408
4264,1,994.6807696769737,967.5773720754016,994.9976418796815,977.2961900770846
4265,1,994.9923291716484,967.4585937101122,994.7525172571968,977.1775537231695
4266,1,994.6699216232286,967.3391869339658,994.9999726097976,977.0562841824204
4267,1,994.9981333698032,967.2173425072044,994.7483578940588,976.9293534886001
4268,1,994.6668457491215,967.0902193091824,994.990449577793,976.800163909725
4269,1,994.9963063121642,966.9626761359835,994.7612981671983,976.6698143355666
4270,1,994.6695644144014,966.8271756786663,994.9956722016796,976.5474267379766
4271,1,994.996596958049,966.7092644699296,994.7504436239916,976.4153144727929
4272,1,994.656237440417,966.5859964332155,994.9982665057589,976.2992954793081
4273,1,994.9980880992431,966.4690191850979,994.7495428602921,976.1780609768552
4274,1,994.6514168109071,966.3414112229699,994.9922181961429,976.0651396437338
4275,1,994.994218895294,966.2269796838423,994.7531764780725,975.9436660115742
4276,1,994.6491397803414,966.1098778628019,994.999928150063,975.8262482348989
4277,1,994.998919564449,965.9991063478315,994.7374969393964,975.7114506182318
4278,1,994.6377855066079,965.8871979299918,994.9902957173424,975.5990742268948
4279,1,994.9930889738657,965.7849145404517,994.7455876803656,975.4794602396073
4280,1,994.6446130551681,965.6750748628384,994.9995562461517,975.3674994442673
4281,1,994.9972103947849,965.5648925245589,994.7323999271223,975.2426049197958
4282,1,994.646009914689,965.4446288296232,994.9899087470181,975.1287524561566
4283,1,994.9887723518253,965.3320640862476,994.7443392988226,975.0071345285071
4284,1,994.6628771430474,965.214225317571,994.9885093979572,974.8948144227513
4285,1,994.99433754413,965.1031629239899,994.7378351154447,974.7821673244576
4286,1,994.6686599698083,964.9866504015571,994.9960726782509,974.6684997964285
4287,1,994.9934151719331,964.8782666300349,994.7288442565574,974.5509553512135
4288,1,994.667487834299,964.7673668929499,994.9846131889751,974.4440589526312
4289,1,994.9971737240177,964.650529105328,994.7531956244172,974.3310675654894
4290,1,994.6659980769982,964.5331888989472,994.9914529789407,974.2225769383302
4291,1,994.996854273046,964.4181423825013,994.7396254451949,974.1024894557066
4292,1,994.6636704968988,964.3027675084128,994.9955164794926,973.9896884168563
4293,1,994.9937053363557,964.1975502608883,994.7358882511385,973.8713452359781
4294,1,994.6736885374223,964.0869706078753,994.9944247548289,973.7677916579285
4295,1,994.9965880817957,963.9757447232466,994.7401374208445,973.6622036486264
4296,1,994.6646415995539,963.8714571237143,994.9942038416328,973.559702770615
4297,1,994.9862713717429,963.7689094951627,994.7446224811251,973.4538680886056
4298,1,994.6882989724502,963.6701620093601,994.9995285683709,973.3577726588011
4299,1,994.9959245426593,963.5646923982052,994.7389559602932,973.2552426774478
4300,1,994.6844691306134,963.4641221738896,994.9859286211041,973.1465925182486
4301,1,994.9901566625995,963.3513464644433,994.7642483595998,973.0429642284969
4302,1,994.6985007113072,963.2415157482271,994.9831625129108,972.9353710864683
4303,1,994.9959945151264,963.136310850126,994.7649103638463,972.8185229072413
4304,1,994.6923770467763,963.0332611326429,994.9922629597845,972.7086520713851
4305,1,994.9973222245183,962.9306298767883,994.7600973779038,972.6016950601073
4306,1,994.6873820644364,962.8303941745191,994.9966823477979,972.4963357579381
4307,1,994.9964788709759,962.7325523020298,994.7579934366233,972.3941071378532
4308,1,994.6892184084281,962.6180688415,994.9901823877535,972.2916199649212
4309,1,994.998864396432,962.5034696622764,994.7685191010061,972.1855907479041
4310,1,994.6807898737054,962.3940845211521,994.9918004984289,972.0798219339546
4311,1,994.9917248971656,962.2874228431186,994.7556922175943,971.9756596707325
4312,1,994.6876591101526,962.1831498945277,994.9993672991087,971.877762922234
4313,1,994.9954390790542,962.0847621496932,994.7459746822238,971.7766314146647
4314,1,994.6916118487801,961.9809236973073,994.9921165651733,971.6765813205341
4315,1,994.998777387818,961.8800241675183,994.7469878031146,971.5748355497905
4316,1,994.6799880241783,961.7802216590445,994.9973332246595,971.4693632293934
4317,1,994.9860843292768,961.6756115361503,994.7363886303483,971.3699099492744
4318,1,994.6940336100129,961.5655441782503,994.9912635755144,971.2670861990487
4319,1,994.9998158373321,961.4602769924114,994.751060620316,971.1620624070598
4320,1,994.6865354207442,961.3587304405881,994.9915759966738,971.0480780159317
4321,1,994.9958784756029,961.2535816518254,994.7395478216727,970.9359246607061
4322,1,994.6770733997523,961.147868052935,994.9995713709427,970.8322880150357
4323,1,994.99364302874,961.0433173273874,994.7333984927064,970.7194491934039
4324,1,994.679940358066,960.9273714413126,994.9829809495217,970.6113723400625
4325,1,994.9990737541943,960.8200426306081,994.7518959302894,970.4951850397028
4326,1,994.6729611961232,960.7096834806118,994.9993629472721,970.3878408522293
4327,1,994.9838029489939,960.6034093776426,994.7449567686862,970.2790031286745
4328,1,994.6956272538771,960.4953351000926,994.9911639273291,970.178703232749
4329,1,994.9904003828937,960.3883197440274,994.7530371030247,970.0794512930396
4330,1,994.6896005730198,960.2867434784688,994.9996832589018,969.9816526025265
4331,1,994.9998540894774,960.1850097150347,994.7417317996787,969.880765869906
4332,1,994.6835882725093,960.0829006554385,994.9839849850772,969.7759456746169
4333,1,994.9927706064375,959.9798723583857,994.7709831643895,969.6810498230076
4334,1,994.6903987427808,959.8849943119458,994.9878167894126,969.582084032485
4335,1,994.9958143283583,959.7898826997657,994.7631373447061,969.4799287214129
4336,1,994.6705006263315,959.6937801652937,994.9947137502758,969.3924149740491
4337,1,994.9917837744096,959.604321059534,994.7621537036835,969.3007269292482
4338,1,994.6785942881429,959.5100891776179,994.9953956872956,969.2129489804
4339,1,994.9973737525562,959.4209010672189,994.7667777539417,969.1217411024463
4340,1,994.6747221624748,959.3311129800154,994.9935230626164,969.0346355203937
4341,1,994.9941824781762,959.2461357464773,994.7674351262572,968.9513470600397
4342,1,994.6803703321143,959.156946493808,994.997425262019,968.8635575386462
4343,1,994.9960618506067,959.071783800938,994.7675083584029,968.7734321863144
4344,1,994.6742693568468,958.9814392203216,994.9851644599198,968.6824264781811
4345,1,994.9980771318881,958.890189722931,994.7909505135482,968.5879803973017
4346,1,994.6655022779597,958.7922725673287,994.9966771115779,968.4931295382348
4347,1,994.9996879810581,958.6952525186803,994.7854766663961,968.3967193995744
4348,1,994.6670840829033,958.5913142391101,994.9965115443962,968.2988221042975
4349,1,994.985345248514,958.4859358128531,994.7848382918344,968.1961818987686
4350,1,994.6793885411653,958.3839785851497,994.9907491411766,968.0994267666349
4351,1,994.9920935614019,958.2861597651436,994.7978378123648,967.9870496315874
4352,1,994.6746957592846,958.1804963566473,994.9965614683977,967.8750897674579
4353,1,994.9984930876694,958.0719276320131,994.802818146605,967.7654644558377
4354,1,994.6680548209414,957.9626316123573,994.9963516066703,967.6602600870124
4355,1,994.9918312480582,957.8583914503931,994.8093530825902,967.5552131116552
4356,1,994.6743014929494,957.7568501658301,994.9940053815644,967.4434340743181
4357,1,994.9976537169456,957.6516177635535,994.8083533065688,967.3329185783145
4358,1,994.6669490825132,957.5400265353169,994.9991296161444,967.2317468764018
4359,1,994.9957222947844,957.4355862086509,994.800131755876,967.1248782674744
4360,1,994.6609850846819,957.3311810101477,994.9906454485667,967.018926399197
4361,1,994.9919530518195,957.2238614623745,994.8132961349622,966.9179155427229
4362,1,994.6639347001558,957.117793685375,994.9924522731742,966.8202888077682
4363,1,994.997367667381,957.0206413625642,994.8193224809677,966.7078129276821
4364,1,994.661634453907,956.913587179937,994.9970128732634,966.6088071875208
4365,1,994.9962940964217,956.8188274439018,994.8101201634171,966.5004792883007
4366,1,994.6571304331462,956.7206279005657,994.9951389274847,966.4075149506563
4367,1,994.9931220122229,956.624873891457,994.8101921786816,966.314869925422
4368,1,994.6645657118759,956.5271146116572,994.9992303768969,966.2161771337505
4369,1,994.9967413939031,956.4311826647008,994.7952150788069,966.1195667245954
4370,1,994.6699947120371,956.3289571650691,994.9892164870362,966.0294204893065
4371,1,994.9932166852877,956.227233692335,994.8025011309919,965.925008474209
4372,1,994.6776517433565,956.1200203461257,994.9996388474852,965.8255140447533
4373,1,994.998732110756,956.017539010713,994.7973031198956,965.7218646849097
4374,1,994.6738542838073,955.9175356385591,994.9929900915007,965.6210411931949
4375,1,994.9963774109801,955.8191000107596,994.803922908119,965.5190386274869
4376,1,994.6747935413714,955.7088202898208,994.9968860310679,965.4229790875952
4377,1,994.9968263205989,955.611207072624,994.7904352024991,965.3145254966096
4378,1,994.6707956082724,955.5100517964688,994.9926334002697,965.2127953547516
4379,1,994.998328280772,955.4124642242814,994.7932965973879,965.111369461305
4380,1,994.669479134901,955.3197179403974,994.9961314388902,965.0166524198978
4381,1,994.9959610237348,955.2297695974032,994.7789208706631,964.9198223857618
4382,1,994.6772082612083,955.1403517631543,994.9952923925688,964.8302481556955
4383,1,994.9976144732799,955.0477356396634,994.7827404696802,964.7380302990148
4384,1,994.6749800894116,954.9507153763378,994.9952394399951,964.646824194696
4385,1,994.9976073375999,954.8600307129873,994.7858381114074,964.5533921246902
4386,1,994.6615323225475,954.7643185014912,994.9934261090659,964.4616706296293
4387,1,994.9988395244678,954.6736930421472,994.7879202616523,964.371412763613
4388,1,994.6566643669506,954.5837777295912,994.9893947921868,964.2868581490181
4389,1,994.990459607656,954.4930829267277,994.7973716896142,964.1978942728921
4390,1,994.6718179489125,954.4056989526201,994.9969979959296,964.1065503856249
4391,1,994.990708698337,954.3202352343342,994.790231001477,964.0089712197154
4392,1,994.6686958186013,954.228208669441,994.9974120551863,963.9184496359059
4393,1,994.9982177515285,954.1337651062978,994.7907457356318,963.8177811356647
4394,1,994.6589109382115,954.0325822983596,994.9911521076012,963.7270678263247
4395,1,994.9888339627029,953.9366972279224,994.8005825336356,963.6272119729521
4396,1,994.682724865739,953.8339095557087,994.9976957625216,963.5323326945755
4397,1,994.9953099406717,953.7355643073797,994.7909644262905,963.4243860963768
4398,1,994.6697030868778,953.6294158828423,994.9939619575168,963.317311670146
4399,1,994.9911709556019,953.5253180049614,994.7985531175626,963.2098324736801
4400,1,994.6741777701112,953.4131588484057,994.9970500347453,963.1089138396919
4401,1,994.9968164625509,953.306363942971,994.795686097936,963.0007960008255
4402,1,994.6653011988989,953.1938746323387,994.994417665676,962.8930451423954
4403,1,994.991376064329,953.0883682967076,994.7928964136997,962.7820749917286
4404,1,994.6672955449798,952.9835825681907,994.9974237271754,962.6689411058812
4405,1,994.9938392347354,952.8756107192828,994.7811635376353,962.5638164527545
4406,1,994.6542984063525,952.7620149973601,994.9961341021049,962.4611810178062
4407,1,994.9998875489716,952.6538547527133,994.7828758401264,962.3488689619534
4408,1,994.6462563684089,952.534744999831,994.9944906625896,962.2397136828415
4409,1,994.9900433171721,952.4217774149239,994.7887131729466,962.1283713292377
4410,1,994.6588631463828,952.3141371642494,994.9979910398486,962.0260513446239
4411,1,994.9939287811454,952.2131406002255,994.7818611545695,961.9165300844302
4412,1,994.6472644343686,952.1037096600288,994.9886162152859,961.8101519940642
4413,1,994.9995637440321,952.0024210410285,994.80101362665,961.7016923652207
4414,1,994.6408707290892,951.8945937034115,994.9991577083437,961.5982642709427
4415,1,994.9968620284801,951.7907108691126,994.8047094276286,961.485224740036
4416,1,994.6401217327594,951.6851738346511,994.9871049978918,961.3803247745531
4417,1,994.9979100867425,951.5782570921298,994.8184005084591,961.2710738397869
4418,1,994.632127420961,951.4681597491852,994.9899062756423,961.1636277820305
4419,1,994.9959381246756,951.3627547349619,994.8127184174598,961.0482908488626
4420,1,994.6316717143638,951.2505661193163,994.9979748528658,960.9290308442578
4421,1,994.9947843705962,951.139135516152,994.7986737963744,960.8143498832985
4422,1,994.6351658828922,951.0201255861979,994.9958595019732,960.7073680304708
4423,1,994.9996901861177,950.910392978112,994.7941766870947,960.5913225584391
4424,1,994.6299847343628,950.8047923483754,994.9939577014455,960.4812768783995
4425,1,994.9929683388892,950.6915545013192,994.7955519557459,960.3657370369552
4426,1,994.6285984785328,950.575956904136,994.9977373447468,960.2526851729285
4427,1,994.9997711204145,950.4593191276779,994.7890378069402,960.1379668604625
4428,1,994.6141430969878,950.3448428772072,994.9839185650968,960.0213355281722
4429,1,994.9891422990939,950.2391345102584,994.8136907481683,959.8993954760329
4430,1,994.6263624084054,950.1235395752942,994.9907519114954,959.79315589058
4431,1,994.9983841689485,950.0184941727617,994.8051683067469,959.6824497695425
4432,1,994.6238289630639,949.9003656338223,994.9992315874835,959.5764856446101
4433,1,994.9945258573619,949.7843728486674,994.7964661545376,959.459809811722
4434,1,994.6274894794415,949.6661066212904,994.9834789515845,959.3468303537114
4435,1,994.9973398599236,949.5501159253386,994.8197652213701,959.2319933172472
4436,1,994.6161935005196,949.4318740474135,994.9916003710105,959.1176881909337
4437,1,994.9953443230198,949.3159420377176,994.8090033545845,959.000512442653
4438,1,994.6099690754666,949.1983615873048,994.9967432092976,958.8902373081983
4439,1,994.9959513760693,949.0913606547714,994.8087234244163,958.7681899833659
4440,1,994.6082082765275,948.9802378337224,994.9908095831896,958.6562953529982
4441,1,994.9902274816393,948.880425400086,994.825867339702,958.5430386491795
4442,1,994.62153084784,948.7723794315772,994.9972357050942,958.4391308707714
4443,1,994.9952602990722,948.6586988716922,994.8245916188389,958.3310349807065
4444,1,994.6093765536439,948.5424212766004,994.9958066349607,958.2261594072
4445,1,994.9885255685022,948.4364739838124,994.823814798524,958.1162017957201
4446,1,994.6140176061077,948.3227616501995,994.991690467493,958.0117995648795
4447,1,994.9921536645246,948.2191663938158,994.8304301694766,957.9001003358871
4448,1,994.6053773099509,948.1043299660008,994.9954389134133,957.7898826350205
4449,1,994.9932761095802,947.9893364325624,994.8285155723682,957.6712348453005
4450,1,994.594283610417,947.8698148862607,994.9980073301679,957.5579821606087
4451,1,994.9955143707026,947.7506635563162,994.8221260949233,957.4429210038461
4452,1,994.5925644781942,947.6192138859219,994.9985650451891,957.333888731013
4453,1,994.9960624977587,947.5111972121458,994.817960300838,957.2039812387285
4454,1,994.590219573729,947.3813536396833,994.9999197054717,957.0819535016022
4455,1,994.9903842765766,947.2618556213026,994.8073686720668,956.9444573907897
4456,1,994.5960163590446,947.1367543368139,994.9912472944383,956.8237186763387
4457,1,994.9968018951231,947.0135575863836,994.816861710027,956.6968218827581
4458,1,994.5846195469283,946.8893627302895,994.9954404794289,956.5763238701243
4459,1,994.9989850148505,946.7704687719373,994.811822161874,956.4461059253103
4460,1,994.5793846814184,946.6383890782573,994.9976474046258,956.3257275354052
4461,1,994.9873556118602,946.5095947972884,994.7943636479695,956.198568398738
4462,1,994.595802565904,946.3798156244613,994.9869867565405,956.0732787145962
4463,1,994.996080917655,946.254884792412,994.8162809189915,955.9440929507799
4464,1,994.5859679233307,946.1293214835254,994.9933918478359,955.8279179258785
4465,1,994.9912423105761,946.0100060441247,994.8029341531937,955.6954156282217
4466,1,994.5885879548031,945.8799427369723,994.9976248668952,955.5748569237309
4467,1,994.9952523677938,945.755577719018,994.7953941366585,955.4394498312282
4468,1,994.5760187405901,945.6263054341136,994.9939418167579,955.3092934314412
4469,1,994.999865978689,945.4945663691559,994.8012472237526,955.184434669459
4470,1,994.5672034343249,945.3585241273173,994.9921172069993,955.0607334332228
4471,1,994.9869701883656,945.2397999522277,994.8165576825444,954.9305089363639
4472,1,994.5876936171491,945.1066863975536,994.999313761164,954.8123949942769
4473,1,994.9998569867957,944.9805964076957,994.7995032781091,954.6806274144355
4474,1,994.5809845731519,944.8463601370436,994.9960031176092,954.5566683831181
4475,1,994.9962751387969,944.7240013171897,994.7982863185691,954.4330874219391
4476,1,994.5704226690033,944.6036145995539,994.9937619869206,954.3216374972986
4477,1,994.9936650200596,944.4927709007362,994.807333767982,954.2043760807347
4478,1,994.5753967349796,944.3625201342163,994.9937346835411,954.0940697738323
4479,1,994.9916469967135,944.2423035147859,994.812329803374,953.968691624318
4480,1,994.5815651097972,944.1174061948896,994.9982589415166,953.846623265027
4481,1,994.9983693155738,944.0073533677744,994.8087631068291,953.7196535139626
4482,1,994.5775471494139,943.8925732868421,994.9867009427975,953.6036117715823
4483,1,994.9929790809863,943.7809431779801,994.8305398618517,953.482237508355
4484,1,994.5843981303825,943.6674404919256,994.997912216099,953.3674471059837
4485,1,994.9937660829612,943.5534379842045,994.8256693097738,953.2490211031738
4486,1,994.5842221357053,943.4350720527307,994.9960834651235,953.1379738232755
4487,1,994.992613569058,943.3264882227917,994.8306380584276,953.0224411499846
4488,1,994.5890379933504,943.2130016391544,994.9882516400328,952.9084699620113
4489,1,994.9973704602713,943.0988561644483,994.8445362126672,952.7895280862973
4490,1,994.59246065023,942.9793758927253,994.996769590585,952.6765137421067
4491,1,994.9870579397318,942.8691472266883,994.8449532392689,952.5503799623981
4492,1,994.6124919863114,942.7498042126557,994.9933971087088,952.4401111406604
4493,1,994.9986937845827,942.6415982972474,994.8409621208199,952.3199691740052
4494,1,994.597775305323,942.528442956594,994.9955186506085,952.210733229048
4495,1,994.9876088498747,942.4195988643289,994.8405285357012,952.0945306149298
4496,1,994.6106962092941,942.3080288728044,994.9996879131761,951.9864081593827
4497,1,994.9984243620049,942.201045488578,994.8363250953159,951.8711318646082
4498,1,994.6022628410777,942.0851328415675,994.98756036668,951.7600391662872
4499,1,994.9945618327916,941.9757620609334,994.8581726784784,951.6430810366294
4500,1,994.6057643077609,941.8566548163918,994.9937786904491,951.528776615173
4501,1,994.9954562302391,941.7411459025884,994.851282700738,951.413199865846
4502,1,994.6131025894267,941.6278334049227,994.9952151658846,951.3072109626885
4503,1,994.9948749216808,941.5192602113865,994.8467933352766,951.1944427644333
4504,1,994.6058690569758,941.4083794553715,994.9991663895928,951.091805096238
4505,1,994.9999085160046,941.2976502327989,994.840561303916,950.9839634257473
4506,1,994.598384058661,941.1888955355424,994.9937213426401,950.8674736364214
4507,1,994.9937287525808,941.0752061641048,994.8505181578124,950.7430561026148
4508,1,994.6110020013131,940.9570667032717,994.9980406932938,950.6287355802829
4509,1,994.9959467674631,940.8461895812986,994.8469664631123,950.5019605695885
4510,1,994.6065081322464,940.7269873090307,994.9957293780682,950.3850211236789
4511,1,994.9968717801643,940.6149180175479,994.8404576750208,950.2596870604666
4512,1,994.6034883631593,940.4942080046219,994.9942140869734,950.1456282210805
4513,1,994.9937279486848,940.378956818418,994.8439025223747,950.0201080824095
4514,1,994.6073518613612,940.2525818580198,994.9997414977518,949.9058343208815
4515,1,994.9986335732469,940.1349745502755,994.8330413248958,949.7791941472761
4516,1,994.6009857012624,940.0158032637689,994.996516374661,949.6616308669661
4517,1,994.9868036327122,939.9075612673233,994.8244218873929,949.5381518028145
4518,1,994.624185472581,939.7899375259371,994.9915072342859,949.430920555128
4519,1,994.9980859573714,939.6845597309833,994.8269432192345,949.3153356999737
4520,1,994.6223295076619,939.5737686430366,994.9994651397687,949.207481917679
4521,1,994.9987324686326,939.4620767883183,994.8152195563742,949.103713545336
4522,1,994.6128001772271,939.3497084218322,994.9838767024305,949.0020318009098
4523,1,994.992307694766,939.2406485880713,994.8284903087672,948.9003064422058
4524,1,994.6143208912962,939.1341703427872,994.9942736046855,948.7947554695048
4525,1,994.9952555345279,939.0329499896405,994.8140478487857,948.6889607277637
4526,1,994.6161910701104,938.9236818119092,994.989541190766,948.5859383777477
4527,1,994.9933067346573,938.8222309334441,994.8262270352166,948.475854932086
4528,1,994.6121785721069,938.7136601263034,994.9956473219652,948.3763753897366
4529,1,994.993477104542,938.6120475262975,994.824899653305,948.2680096384294
4530,1,994.6040896073571,938.5089762358167,994.9848073921319,948.1773160756347
4531,1,994.998516661191,938.4155140645034,994.8360787117562,948.0815086578438
4532,1,994.6065053070201,938.322694251611,994.99271462889,947.9910059029717
4533,1,994.9932550662171,938.2371386041817,994.825570233128,947.9059645388559
4534,1,994.6024321711757,938.1467831993984,994.9968154260766,947.8250855506582
4535,1,994.9949678937426,938.0573403125993,994.8238118651989,947.7342854027501
4536,1,994.6020127804054,937.9721705895288,994.9931562614746,947.6445840286184
4537,1,994.9961660874719,937.8908932580969,994.8213069829089,947.5587930258253
4538,1,994.6065595622014,937.8107288908908,994.9945031575785,947.4788639844497
4539,1,994.9991627456246,937.7370665668863,994.8212078511959,947.3941926494655
4540,1,994.592854754918,937.6497871362892,994.9930870312539,947.3214277346386
4541,1,994.9927402084909,937.5656445666386,994.8199231306813,947.2370642166244
4542,1,994.5989810556318,937.4705353697676,994.996063930215,947.1615683306444
4543,1,994.9968972971396,937.3891941623198,994.8087298945723,947.0762198564806
4544,1,994.5933016906606,937.303258065423,994.9982051988502,946.9946978839974
4545,1,994.9929356707779,937.2204007344171,994.7943645659792,946.9038246975235
4546,1,994.5923303590627,937.1341127259604,994.99402332376,946.8197057472995
4547,1,994.9985804328395,937.0453148044251,994.7928161305699,946.7263831650486
4548,1,994.5808038044848,936.9520019939,994.9904243635217,946.6349370647083
4549,1,994.9983926688009,936.8604454971836,994.8024661531816,946.5424350948471
4550,1,994.5651563980791,936.7746843469849,994.9980767576552,946.4550272655215
4551,1,994.9856606354058,936.6830043627903,994.7926831190396,946.3601533936063
4552,1,994.5760019294564,936.5797480754807,994.9890318665675,946.270190472668
4553,1,994.9901359856536,936.491735430308,994.800124891598,946.1705659770868
4554,1,994.5661464249841,936.3976072184606,994.9986296383606,946.0745904743642
4555,1,994.99386405837,936.306134166086,994.7898134876424,945.9718613264722
4556,1,994.5553023060477,936.212179322753,994.9922841829053,945.8817976193689
4557,1,994.9966171252204,936.1268008721377,994.7971876632816,945.7886705160214
4558,1,994.5508077814197,936.0353478210255,994.9999369208566,945.7110767483732
4559,1,994.9906734242418,935.952084220073,994.7758556882145,945.6189884008058
4560,1,994.5650258792892,935.8588666450012,994.9868892058829,945.538435876307
4561,1,994.9950805609562,935.7737549357153,994.791459708579,945.4534186566273
4562,1,994.5569952145717,935.6849344015777,994.9881894187284,945.3668921149183
4563,1,994.995936611635,935.6033608132947,994.7791153703452,945.2749767997823
4564,1,994.558963607393,935.5099866160595,994.9930847422124,945.1909008125048
4565,1,994.9911362959749,935.4259338553131,994.778171925479,945.0942550074701
4566,1,994.5621412615891,935.327417732825,994.9944951307102,945.0128476243599
4567,1,994.9983716700295,935.2412988534496,994.7789715997411,944.9187787569999
4568,1,994.5611986885282,935.1463206815911,994.9978683757801,944.8274767518155
4569,1,994.9912579153539,935.0501642963939,994.7714379518768,944.7290945499465
4570,1,994.5681038050951,934.9602550777249,994.9890593552601,944.6376801136669
4571,1,994.9985175870308,934.8705040763356,994.7854175262052,944.540376481062
4572,1,994.5533840797531,934.7732152029424,994.9957436423592,944.4440210245434
4573,1,994.9872267692751,934.6780991467041,994.7843043133892,944.3285417487702
4574,1,994.5733256067061,934.5582383312852,994.9996628190681,944.2265159189275
4575,1,994.9972080638021,934.4475421858737,994.772554127007,944.1140413162215
4576,1,994.5620319976149,934.3306985072468,994.9898783235902,944.0018582572618
4577,1,994.9973267516235,934.2270157185892,994.7777500492148,943.8836733614969
4578,1,994.5568193716906,934.1149601691433,994.9973179758867,943.7722069628481
4579,1,994.9979898476773,934.0073998630027,994.7676789317707,943.6479941671888
4580,1,994.5417718386051,933.891167331552,994.9807712640596,943.5401630881553
4581,1,994.9978575556803,933.7850395413853,994.792429884901,943.427492925676
4582,1,994.5337796404567,933.6715838157245,994.9916561344648,943.3276127326387
4583,1,994.9953141283717,933.5689451837754,994.7852212235135,943.2198160818969
4584,1,994.5287922169978,933.453745830235,994.9990344705024,943.1219916057838
4585,1,994.9924802506343,933.355619721213,994.774895767457,943.0065282760594
4586,1,994.5320631994139,933.2399346856926,994.9912266953014,942.9014848759776
4587,1,994.9912062088521,933.1310514595444,994.7807092914894,942.7903152205605
4588,1,994.5475543192871,933.0164597562892,994.9958949000338,942.6828643093746
4589,1,994.9948299759217,932.9107864897504,994.7745125417654,942.5696870833438
4590,1,994.545428384443,932.7973801727907,994.9997431882312,942.4643123331297
4591,1,994.9905329381129,932.6838502053942,994.7593654214983,942.3417818035464
4592,1,994.5544878522554,932.5589765615077,994.9875460218262,942.2212875921052
4593,1,994.9975825910353,932.4351135685611,994.7719213381902,942.095523361173
4594,1,994.5419010087293,932.3093094262854,994.9995693569185,941.9750947729741
4595,1,994.9928098477009,932.1793008765375,994.758174649965,941.8459882037567
4596,1,994.5449254195148,932.0425508518792,994.9812200974184,941.7204519345094
4597,1,994.9989061023906,931.9243763472631,994.7884666607279,941.583110832317
4598,1,994.5326587010184,931.7923369885484,994.9869781344145,941.4636768840787
4599,1,994.9850913629036,931.6728859437671,994.783241508751,941.3347219402962
4600,1,994.5545061504616,931.5413304293531,994.9917596451771,941.2234844857719
4601,1,994.9867805889091,931.4212313921963,994.796677594948,941.097447689152
4602,1,994.551110143846,931.2910433463094,994.9943714413113,940.9757037779924
4603,1,994.9960251807101,931.1606537273271,994.8003539209329,940.8414226921468
4604,1,994.5385727782566,931.0228469280694,994.9875140113343,940.7179671198147
4605,1,994.9993382956214,930.9031808114191,994.8175741325541,940.583155783661
4606,1,994.5327234448064,930.7723879297049,994.9891544083292,940.4648531207017
4607,1,994.9808524468789,930.6541369655553,994.8113659725062,940.3351570101908
4608,1,994.5535961378308,930.5234025702958,994.9947156263663,940.2112749493403
4609,1,994.9871793724097,930.3997138047415,994.8050439770063,940.0751988692269
4610,1,994.539623847943,930.2688518854203,994.9992050306143,939.9482368164512
4611,1,994.99833948937,930.1411521823622,994.7945618643466,939.807445505697
4612,1,994.5255085369126,930.0013476893231,994.9902040181615,939.6782080194722
4613,1,994.9906209653643,929.8631780713961,994.807097758523,939.53418147105
4614,1,994.5325955442397,929.7202916012902,994.996394633386,939.4007252155582
4615,1,994.9974934430103,929.5876099546928,994.7996902403763,939.2569814793526
4616,1,994.517208608664,929.4499435169015,994.9883480331918,939.1194852636825
4617,1,994.9933529867891,929.3201332540668,994.8083654266948,938.9866413779063
4618,1,994.5071355425109,929.184857755847,994.9903311672604,938.8556618359877
4619,1,994.9977068315877,929.0510078357073,994.7953974625935,938.7153314682766
4620,1,994.5034059323979,928.9096886803433,994.997130256074,938.5771337879834
4621,1,994.9869004893613,928.7783765119357,994.786881345761,938.433472264963
4622,1,994.5154352021993,928.6235531449806,994.9833969948887,938.3185102017347
4623,1,994.9940755800296,928.5006833142805,994.8128536958236,938.1877878703687
4624,1,994.506201757534,928.3788170917993,994.98986710576,938.0644376153703
4625,1,994.9902643032152,928.261611823318,994.8024260754987,937.9319558337914
4626,1,994.5219937555703,928.120212514784,994.9937602118625,937.8074164692886
4627,1,994.9988822389433,927.9936450791041,994.788688316592,937.6703952556564
4628,1,994.5039484177312,927.8571980534285,994.9966368844878,937.545237093628
4629,1,994.9886660950662,927.727730947975,994.7791419459808,937.4092571002942
4630,1,994.5195159791815,927.594154219194,994.995344590584,937.2858453224158
4631,1,994.9975218076326,927.4675737366548,994.7792012536554,937.1434469911886
4632,1,994.5125475600287,927.3285817969612,994.9985391814416,937.0068894402227
4633,1,994.989473485473,927.1975156664665,994.7709891722545,936.8587808127236
4634,1,994.5211523579035,927.0506254955162,994.9915272266064,936.7173027139462
4635,1,994.9963260954922,926.9142445340053,994.7791643317375,936.5692964878692
4636,1,994.5114173987488,926.7708345677652,994.9943876400666,936.4312342173338
4637,1,994.9909053039576,926.6318501057924,994.7741773963874,936.2841081228006
4638,1,994.5254009649552,926.4823022015261,994.9945689466997,936.1450023057686
4639,1,994.9963224796259,926.3460202997028,994.7804992969934,935.9983096859631
4640,1,994.5166996231649,926.2081460639081,994.9959061789053,935.8594205215301
4641,1,994.9846061220379,926.07108998641,994.7777768916517,935.7136462265685
4642,1,994.529573561079,925.9234874983468,994.9964159833669,935.5710487656164
4643,1,994.9949460118157,925.7888760242289,994.7735217806247,935.4206250202923
4644,1,994.5267856560367,925.6369002750167,994.9947572396982,935.2855543915648
4645,1,994.9922866342412,925.4966134944898,994.7666984047999,935.1407319368492
4646,1,994.5348994546564,925.3512492780325,994.9974400283631,935.0041552304046
4647,1,994.9930611842148,925.2123631525268,994.7583092987917,934.8579817137385
4648,1,994.532313889212,925.0630880701926,994.9825940758286,934.7201348913496
4649,1,994.9974367311675,924.9241836210153,994.7849890376234,934.5728114233366
4650,1,994.5189187266184,924.7770830026127,994.9974747257601,934.435585847767
4651,1,994.9923776288712,924.6446177332874,994.7707599061671,934.2896161450528
4652,1,994.5169508280037,924.5028488498459,994.9937371327204,934.1575957025024
4653,1,994.9877221871739,924.3701494605256,994.7681612442665,934.0255796428712
4654,1,994.524156713004,924.2349086790423,994.9800216939561,933.8968349232555
4655,1,994.9975186288207,924.1109630726035,994.7977006500745,933.7664920974696
4656,1,994.5043028966822,923.9754464350644,994.9921069523408,933.633754549235
4657,1,994.9983213883496,923.8459354870147,994.787296579996,933.4917225589442
4658,1,994.4981704193649,923.7032512955527,994.9959343640799,933.3611742360825
4659,1,994.9870419722678,923.5739986853985,994.7832044924509,933.2226068670213
4660,1,994.5133850483276,923.434366735987,994.9898587868892,933.0922636508816
4661,1,994.9971642926292,923.3085194129028,994.791756793901,932.9625207807103
4662,1,994.5063241749003,923.1765812330394,994.9949165498473,932.8307453036992
4663,1,994.9898461765291,923.0480755970669,994.776834495924,932.6960873777581
4664,1,994.5225295275186,922.9121761660249,994.9898676607622,932.5678304914707
4665,1,994.999352814206,922.7916018742928,994.7807713657377,932.4273846102408
4666,1,994.5059066278754,922.6543077350632,994.9992487921177,932.3059052847876
4667,1,994.986518585364,922.5325271319659,994.7720077211228,932.1796743019319
4668,1,994.5211534586234,922.4026641153753,994.9866260487298,932.0629186735575
4669,1,994.9946936875971,922.280306824971,994.7889626427888,931.9296450147801
4670,1,994.5016313681574,922.1480720468527,994.9962136911189,931.8048309936605
4671,1,994.9952776415347,922.0216161920143,994.7788469973597,931.6637362611178
4672,1,994.4936696893692,921.8853191646489,994.9948662026919,931.5309290179791
4673,1,994.987496929599,921.7560818567969,994.7732766984752,931.3958115330116
4674,1,994.5100878715207,921.6209376757176,994.9925028330466,931.2658575548718
4675,1,994.999185822258,921.4963173573265,994.7755284877463,931.129564967344
4676,1,994.4933057522908,921.3621466008099,994.9886085567704,931.0043844956039
4677,1,994.9848871928941,921.2353612281793,994.7867320083958,930.8645394265607
4678,1,994.5058595497094,921.0884797228471,994.9978431839011,930.7353994475226
4679,1,994.9937670995391,920.952779730656,994.7830933550784,930.5975071632507
4680,1,994.4970942484408,920.8115660769786,994.9876394574492,930.4656947655924
4681,1,994.9954864594441,920.6731244771439,994.7967312271473,930.33043672162
4682,1,994.4970667885835,920.5277518814796,994.9878314638519,930.1917606426933
4683,1,994.9904147866123,920.3930900809942,994.7764064901764,930.0400293435355
4684,1,994.5064187742076,920.2470256020448,994.9994329929373,929.9032865037179
4685,1,994.998760924546,920.1100755146589,994.7611598670328,929.7650001216829
4686,1,994.4868974677681,919.9639046292953,994.9969538114995,929.6331226327129
4687,1,994.9899760394253,919.8383454139095,994.7524167913593,929.4823911588786
4688,1,994.4903163661236,919.69875684288,994.9855500002217,929.3434030256019
4689,1,994.9961034069405,919.5601451074239,994.7707827691784,929.1926863253587
4690,1,994.4759640520107,919.4057608618858,994.9951457921234,929.0598862884933
4691,1,994.9952157118698,919.2738592266186,994.7534113642469,928.9040901880584
4692,1,994.4678861669186,919.1274910364056,994.9852952048617,928.7625578753249
4693,1,994.9876583583551,918.9900955397912,994.7718549486214,928.613585012991
4694,1,994.4834634472248,918.8429708262297,994.9935370688947,928.4732552490711
4695,1,994.9981177568332,918.7075639821555,994.7581122570577,928.3320500330472
4696,1,994.467561740085,918.5594375619473,994.9886916937523,928.202627191945
4697,1,994.9928721024281,918.4359100192185,994.7627360433802,928.0537636170887
4698,1,994.4686894924089,918.2943285951873,994.9997587596274,927.9291349916548
4699,1,994.9989450420395,918.171258092737,994.7534211912606,927.7843770375928
4700,1,994.4541918199967,918.0296857616164,994.9914700323169,927.6598731923516
4701,1,994.9819511118404,917.9089815671141,994.7452493291077,927.5282633169254
4702,1,994.4775611201186,917.7717231162352,994.997784673188,927.407222743829
4703,1,994.9917652106599,917.6483707529655,994.7310602572509,927.273466210188
4704,1,994.4582859689415,917.5226284740553,994.9978161481249,927.1535902127221
4705,1,994.9959526911282,917.4117476800442,994.7256177162571,927.0277037705831
4706,1,994.450011192762,917.2899257100387,994.9922794408781,926.9146241904978
4707,1,994.9905513604992,917.178695077434,994.721741719131,926.7935856302756
4708,1,994.4524317678514,917.0595910365424,994.9903980782358,926.6820256226628
4709,1,994.991499101866,916.9493131754739,994.7152895454715,926.5606690523881
4710,1,994.4484267233942,916.8306490724075,994.99656795299,926.4567405903229
4711,1,994.9913459290315,916.7261562439942,994.701474016307,926.3292815824873
4712,1,994.4431534004632,916.6057881343991,994.9903137783868,926.2145352582999
4713,1,994.9893188543034,916.49950499728,994.7047929270869,926.0901091071166
4714,1,994.4517323002345,916.3746311720117,994.9962185022954,925.9708680238404
4715,1,994.9953071877926,916.2648897414056,994.6991752323229,925.8389350181686
4716,1,994.449326323779,916.1476156386782,994.9848102744427,925.7285277009776
4717,1,994.9819247326947,916.0382800574378,994.7101545460307,925.6063537452002
4718,1,994.4689729516087,915.9162690822686,994.9949614676898,925.4881910489726
4719,1,994.9969457338252,915.7980794043685,994.6950699463878,925.3664260247479
4720,1,994.4554315019526,915.6812452562132,994.9835059816177,925.251061600205
4721,1,994.9909507868163,915.5690123845445,994.7063619741205,925.1352361460287
4722,1,994.455956964079,915.4543412215787,994.9983751481434,925.0261030133296
4723,1,994.9956059976497,915.3511688128586,994.6976499367111,924.8958656150594
4724,1,994.4434759900829,915.2370846762692,994.9955153552468,924.7856467014972
4725,1,994.9793255200591,915.1386911140931,994.6908025614871,924.6713408157686
4726,1,994.4638520104276,915.023173780986,994.9996294662654,924.5670104747396
4727,1,994.9935498846771,914.9206260204344,994.6746849006378,924.4504555745289
4728,1,994.4513602185,914.8095023055763,994.9841894997437,924.339809759082
4729,1,994.9828300158998,914.7097577812301,994.6847039773818,924.2216011113532
4730,1,994.4633368667569,914.5920504238326,994.9925191208547,924.118728823616
4731,1,994.9938283934698,914.4904112474275,994.677488947015,924.0019304201361
4732,1,994.4609355421447,914.3762384505935,994.9908135376736,923.9040600879055
4733,1,994.9846440576177,914.2785705339201,994.6761923633984,923.7962169299876
4734,1,994.4646819551516,914.1712412204441,994.9848502776896,923.7021697258878
4735,1,994.9964725224108,914.0772207726351,994.6792612247306,923.6028897111571
4736,1,994.4520127217205,913.9744561987425,994.9950964111385,923.5105005106275
4737,1,994.978188000547,913.8826711351314,994.6692220472898,923.4027550554359
4738,1,994.4784313568837,913.7742482174738,994.9897056222628,923.3136036748385
4739,1,994.9989079736431,913.6761706218583,994.6663954883011,923.2093327223807
4740,1,994.464614002782,913.5652522610645,994.9886521970733,923.1197282622896
4741,1,994.9763504655637,913.4648839974229,994.6622308762979,923.0116913039338
4742,1,994.4985133114969,913.3615502378274,994.994388942716,922.9112744943257
4743,1,994.9993580078169,913.2618082304745,994.6589769967313,922.8037613145623
4744,1,994.476877185914,913.1493994929023,994.9846193649707,922.6999948889464
4745,1,994.9782158388249,913.0451580933749,994.6705097212202,922.5903456010625
4746,1,994.5025260132694,912.935083864495,994.9954268827211,922.4896530061668
4747,1,994.995331901901,912.8451003788344,994.6653386224983,922.3843866800664
4748,1,994.4852150811527,912.7323470199524,994.9905725703984,922.288713874386
4749,1,994.987134282904,912.6292925924687,994.6623704910998,922.1856856053354
4750,1,994.494853514891,912.5186411284302,994.991652515774,922.0854788888103
4751,1,994.9956312121789,912.4181240428602,994.6624228793139,921.9718350567028
4752,1,994.4883028870596,912.3104871219316,994.9907426266941,921.8684451839521
4753,1,994.9812541800832,912.2151493774728,994.656251527113,921.7657780329592
4754,1,994.5131873865113,912.1151416415449,994.996145586956,921.6683682398829
4755,1,994.998213477848,912.0232368470392,994.647352522069,921.5694888599378
4756,1,994.4960561565114,911.9207130539289,994.9774703957665,921.4752412932017
4757,1,994.9912589839439,911.8238106062184,994.6820843396242,921.3706482327387
4758,1,994.4951006487728,911.7172375621595,994.9986768843339,921.2708432086648
4759,1,994.9990857571148,911.621595597823,994.6566190827091,921.1615701149774
4760,1,994.4770594112865,911.5171692662128,994.981436733379,921.0600050432488
4761,1,994.976214516159,911.4187729932754,994.6723778136226,920.962444162863
4762,1,994.5129308647834,911.320689740727,994.9972923833207,920.865831508072
4763,1,994.9968341993003,911.2221717162814,994.6599198151688,920.7601127864189
4764,1,994.494525858689,911.1202474528932,994.979232266229,920.6555656545333
4765,1,994.9949689672089,911.0294787211895,994.6783376597024,920.5480997391253
4766,1,994.4835746156496,910.9284021763342,994.9987734629065,920.4578981838962
4767,1,994.9843579917505,910.8389430502612,994.6617199025384,920.3598613437566
4768,1,994.4946790134748,910.7366912237211,994.9848426042155,920.2714855621869
4769,1,994.9895310078164,910.6508589007311,994.6753046498433,920.174696910811
4770,1,994.5006413760882,910.5565124605554,994.9969245136219,920.0850290178901
4771,1,994.9902876913784,910.4649607863803,994.6553165331825,919.9861844396794
4772,1,994.4994403914213,910.3702634656348,994.9786824739606,919.8931194088942
4773,1,994.9908129682643,910.2778617363915,994.6788454810023,919.8011008944791
4774,1,994.5004354775876,910.1801495164137,994.9898190234067,919.715254532952
4775,1,994.9860129068275,910.0953307512901,994.6843641523208,919.6285853672464
4776,1,994.5120440314099,910.0065156550535,994.9878354799196,919.5460093667689
4777,1,994.9913228570634,909.9314961675881,994.6926562251799,919.4554995039595
4778,1,994.5054567334598,909.8470307631318,994.9986241224734,919.3858918706195
4779,1,994.9851361110682,909.7747076452869,994.678662417446,919.2997437424423
4780,1,994.5145373505654,909.6936565901548,994.9811301332295,919.2290000978829
4781,1,994.9900117310181,909.620486646366,994.694346340703,919.1503105893958
4782,1,994.5210714139974,909.5348554259044,994.9954357454558,919.0738790552863
4783,1,994.9952677186852,909.4582802901175,994.6701545996434,918.9888076696144
4784,1,994.5107263236627,909.3660148169478,994.9891473573354,918.9054300416188
4785,1,994.9799140812,909.2817889605748,994.6664336845492,918.8123773279202
4786,1,994.5332235787387,909.1836632565366,994.983331171438,918.7385785397321
4787,1,994.9930050593279,909.1025834064735,994.684439812088,918.6510526481748
4788,1,994.5164715979719,909.007467272986,994.9993262878619,918.5769384741468
4789,1,994.9872056243305,908.924166096837,994.6613325436423,918.4796531075795
4790,1,994.5281628015628,908.8294131533993,994.9810429074505,918.3875343450381
4791,1,994.9960015841614,908.744596067109,994.6808061506249,918.2816089824206
4792,1,994.5154821754752,908.6541824554373,994.9960033753069,918.1894740357747
4793,1,994.9936939311099,908.5594510385044,994.6654114653197,918.0902205908784
4794,1,994.5101011957655,908.4604492354456,994.9816457802964,917.9969974855652
4795,1,994.991206635967,908.360387650132,994.6809979391243,917.8996886267331
4796,1,994.5035594251511,908.2562551426969,994.9931353667696,917.8055791165492
4797,1,994.9932682000291,908.1619181029253,994.667966167584,917.697376047161
4798,1,994.4986513342257,908.0528256507652,994.982132126154,917.5898462294024
4799,1,994.992049074114,907.9533246745725,994.6771901879919,917.467144964725
4800,1,994.4991832956264,907.8361860000514,994.997178372822,917.3617944318302
4801,1,994.9942230768087,907.7285363895999,994.6546993755197,917.2485088084942
4802,1,994.4884500892842,907.6081172779291,994.9842504695877,917.1359406477112
4803,1,994.9931891350024,907.4934301636395,994.667750841847,917.0218128245886
4804,1,994.4796576691995,907.3722490203681,994.9950096617451,916.9005586488538
4805,1,994.9804128785969,907.2538951790434,994.657942523785,916.7731530279884
4806,1,994.4963899063285,907.126137117725,994.9861057040545,916.6576831492971
4807,1,994.994179120724,907.0094427047453,994.6654540466756,916.5357009718525
4808,1,994.489968300909,906.8821671896019,994.9873501185505,916.4257728469352
4809,1,994.9856974976266,906.7640194154653,994.6740060239974,916.3028317346161
4810,1,994.4963284334636,906.6373570804461,994.9947624255572,916.1797321427548
4811,1,994.9980141069018,906.5176892097052,994.6656128686373,916.054059863244
4812,1,994.4893401560034,906.3979831578206,994.9834591166399,915.9348266235845
4813,1,994.979161776793,906.2824534099152,994.6771946166216,915.8081787096128
4814,1,994.5194386270131,906.1551550741154,994.9926496365391,915.6950170934215
4815,1,994.9995751207833,906.036926874801,994.6716178121835,915.573713917652
4816,1,994.5015164967278,905.9128387845249,994.9845159102045,915.4618786392331
4817,1,994.9781292436419,905.8002205120345,994.6838946718525,915.3364185843454
4818,1,994.5301168455115,905.6774068461104,994.996927777738,915.2169419294548
4819,1,994.9943453223153,905.556049795736,994.6695220427117,915.0984144692758
4820,1,994.5039196512441,905.4309127233715,994.9800314671949,914.9869879857633
4821,1,994.9823428720896,905.3168573939546,994.6921864569686,914.8677103669131
4822,1,994.5205175835318,905.1969161936333,994.9924660278281,914.7522925629415
4823,1,994.9970948570425,905.0812920888651,994.667869774097,914.6280536308503
4824,1,994.5028743793466,904.959659670975,994.9863561116766,914.5060441142664
4825,1,994.9818782771915,904.8368178487463,994.6731858574348,914.3797832895399
4826,1,994.5256950412203,904.709771302327,994.9932726919279,914.2630869515552
4827,1,994.9999283101015,904.5948757508917,994.6702098647022,914.1364701743784
4828,1,994.5127696266716,904.4676718297874,994.9841330212748,914.0180363157052
4829,1,994.9809158432065,904.3473758342011,994.6838903332474,913.8859594270419
4830,1,994.5315506758698,904.2139150122792,994.9997461193067,913.766486068206
4831,1,994.9976454111521,904.0998884042839,994.6670623832587,913.6369101311026
4832,1,994.5122047363658,903.9763383833538,994.9848125365559,913.520430077258
4833,1,994.9861038090802,903.8567292665471,994.6707411094359,913.3964214417877
4834,1,994.5225987844783,903.7349234805763,994.9995590767189,913.2816237893437
4835,1,994.9993470799519,903.6228993227003,994.6515083079324,913.1621740694137
4836,1,994.5049660742823,903.4948138283708,994.9754514218092,913.051617444165
4837,1,994.9827632801642,903.3789722505807,994.6782695858784,912.923022970718
4838,1,994.5190657489983,903.2475992353769,994.9988121898211,912.8094891656776
4839,1,994.9963258173051,903.1366481005116,994.6573656098626,912.6862662700734
4840,1,994.5040702097884,903.0219269265065,994.9807320358711,912.5726309923174
4841,1,994.984905979165,902.908561592869,994.6848942438124,912.4542866458395
4842,1,994.5158735416098,902.7906102875587,994.9915205372214,912.3443980906557
4843,1,994.9887162992106,902.6824980642175,994.6714473992854,912.2236245348043
4844,1,994.5246484455018,902.5642046224372,994.9904267158207,912.114931494243
4845,1,994.9984748741492,902.455236645945,994.6671478889398,912.0020446527429
4846,1,994.5117723728911,902.3418524688881,994.992168356968,911.8953359796616
4847,1,994.9773343611649,902.2309035958505,994.6615134792149,911.7850872686902
4848,1,994.5356407429159,902.1109144840821,994.9892273631029,911.6826300752424
4849,1,994.994353412781,902.0056344210282,994.6654452399695,911.576830784671
4850,1,994.5195821658372,901.9031069944674,994.9989302735456,911.4744679360041
4851,1,994.990132645225,901.7975838036089,994.652666250979,911.367326479879
4852,1,994.5205075148996,901.6864003875805,994.9840630959224,911.2655423469344
4853,1,994.9953913559967,901.5771286355375,994.6619904199526,911.153828462852
4854,1,994.5088712820798,901.4695228231872,994.9981071373235,911.042689561035
4855,1,994.9888894816862,901.3591062519603,994.653198444306,910.9370360152031
4856,1,994.5093650442777,901.2470404606638,994.9895770307486,910.8307622847561
4857,1,994.9908956770732,901.1475615578885,994.6638206158922,910.7185673599794
4858,1,994.5063678876422,901.0417619025957,994.9949819836971,910.6147371715861
4859,1,994.988633107576,900.9364804095196,994.6447465474333,910.5141528704719
4860,1,994.5121196608115,900.8314931586335,994.9904531249634,910.4190486032126
4861,1,994.9953458298495,900.721256153098,994.6478106695383,910.3151922259602
4862,1,994.5019619620247,900.6143957977658,994.9919533944033,910.2076220683899
4863,1,994.9888633065168,900.5120549201735,994.6479364267195,910.1002855703507
4864,1,994.5024616187188,900.4078658285626,994.9885543818168,909.995386222028
4865,1,994.9867113251854,900.30928107189,994.6531405315936,909.8926223112063
4866,1,994.5095149732475,900.204974778905,994.9888495631124,909.7924432393528
4867,1,994.9970797477125,900.1010488292504,994.6592680093532,909.6903854861632
4868,1,994.5004348086243,900.0011253266123,994.9919119955788,909.592177721452
4869,1,994.9832497509503,899.9115695070437,994.6595935098621,909.4844145787899
4870,1,994.517630838018,899.8152420229061,994.9972197357501,909.3816328752021
4871,1,994.9963555693664,899.7216076155192,994.6510615042866,909.2870894350001
4872,1,994.493295957972,899.6223274220077,994.9824951356738,909.1991587298555
4873,1,994.9829349201478,899.5338625279986,994.6589246111397,909.1002837179659
4874,1,994.5009759118825,899.4374160290602,994.9931360522158,909.0150302598516
4875,1,994.9955145019844,899.3481148593849,994.6460209369734,908.9155398183204
4876,1,994.4877975161088,899.2587249430286,994.9858474526127,908.825339536155
4877,1,994.985747770843,899.1660911532678,994.6604332487871,908.735587910147
4878,1,994.4996904863788,899.0749182639001,994.9935216584724,908.6402216179321
4879,1,994.9983293338959,898.9847147501774,994.6577441417537,908.5426887497053
4880,1,994.4763149531387,898.8857283217145,994.9868535445607,908.4473150206288
4881,1,994.9874677474943,898.7895478887484,994.6597286684062,908.3466139487987
4882,1,994.486794442853,898.685624194059,994.9925530932322,908.2483108825551
4883,1,994.993806269097,898.5886060531432,994.6517278321819,908.1378981260909
4884,1,994.4861145377242,898.4771549564233,994.9866356963478,908.0363875274595
4885,1,994.9894103814069,898.3731741980947,994.6531469757119,907.9294437485522
4886,1,994.4849986624783,898.2666787829513,994.987983200989,907.8262276399555
4887,1,994.9897023859114,898.1743246916486,994.6581133673325,907.7107308082328
4888,1,994.4790548900324,898.062482171636,994.989174042197,907.61109320542
4889,1,994.9937138053888,897.9556530016017,994.6629628120236,907.5005061725444
4890,1,994.4641379069628,897.8365320596671,994.9895611999211,907.3977267181004
4891,1,994.9830407912955,897.7337395103093,994.6602406931331,907.2835276060677
4892,1,994.4732916262923,897.6218888016314,994.9836229108283,907.1846166496739
4893,1,994.992844703485,897.5110736530961,994.6764833341749,907.0754855487852
4894,1,994.4784065909138,897.3943238891708,994.9998022042237,906.9703577804814
4895,1,994.9810116209717,897.2872413332797,994.6591254001454,906.8613813187521
4896,1,994.4981809495706,897.1734244583541,994.9695155600225,906.7597150900816
4897,1,994.9920002812748,897.0737149951142,994.7024459414988,906.6459779726341
4898,1,994.4803763019625,896.9604057320604,994.9886743383473,906.547001134013
4899,1,994.9937397932553,896.858535970894,994.68877335107,906.438694246974
4900,1,994.4731901986788,896.7532306660279,994.9833736668621,906.3382716200309
4901,1,994.9939657850352,896.6540836251602,994.7016545979018,906.2277814071714
4902,1,994.4712697207574,896.5399008341866,994.9938542183694,906.126400984088
4903,1,994.9977079108244,896.4333862437418,994.6736756988672,906.0140036552855
4904,1,994.4598137446709,896.3198020622721,994.9875506059324,905.9133329913924
4905,1,994.9917630234471,896.209482116737,994.6771645909276,905.8090379285708
4906,1,994.4563337496362,896.1027420780365,994.9961607380031,905.7065603054524
4907,1,994.9978433411918,896.0012105101796,994.6627494328213,905.5933921854039
4908,1,994.4404289745187,895.8847261545388,994.9894586141235,905.4892069778424
4909,1,994.9896793249312,895.7825905148409,994.6645671238664,905.3771244555212
4910,1,994.4510978828849,895.6670971934877,994.9924796043149,905.2690944622651
4911,1,994.9938791232112,895.5643689943756,994.6630054410427,905.1527215059926
4912,1,994.4436008062005,895.4438981217187,994.9944120905413,905.049044265843
4913,1,994.9875384479783,895.3356696103484,994.650820610723,904.9351751309634
4914,1,994.4524243797758,895.2102285081035,994.9792083999602,904.83334006449
4915,1,994.9884331118556,895.1038920203507,994.675469447758,904.7130560362632
4916,1,994.4600709981954,894.9951003581451,994.9919164808592,904.599606617271
4917,1,994.99705373155,894.8901722317345,994.6602140857741,904.4783147925925
4918,1,994.4436891159739,894.7684788923516,994.9890847518429,904.3689915760834
4919,1,994.9760774812154,894.66027066922,994.6555569940805,904.2512622903918
4920,1,994.4759357666928,894.5312672747987,994.9841018117189,904.1467584571386
4921,1,994.9949018309159,894.4251469502981,994.6744806979353,904.0250496540118
4922,1,994.4633615559163,894.3089357139947,994.9947841200405,903.9126802532726
4923,1,994.9906222767735,894.2060618509322,994.6688227666073,903.7918046127378
4924,1,994.4628772279057,894.0842451036934,994.9896065455765,903.6856076452685
4925,1,994.9973222168048,893.973685908373,994.673307431147,903.5619561288216
4926,1,994.4554500519929,893.8580859615801,994.9841218657791,903.4575966037053
4927,1,994.9884764093191,893.7550821017741,994.6887481094492,903.3395361287351
4928,1,994.4519727493388,893.6432082314535,994.995262558224,903.2349880216714
4929,1,994.9957103913048,893.5396952338508,994.6820308075038,903.1179378471926
4930,1,994.4311570597133,893.4301315084001,994.9813630067896,903.0129772724293
4931,1,994.9894306736118,893.3321631348289,994.7064343179704,902.9093961706299
4932,1,994.4349034553619,893.2304028446179,994.9981648121034,902.8199561738088
4933,1,994.9845057391514,893.1390006470151,994.6954847041818,902.7142609216723
4934,1,994.4491883599277,893.0277136278005,994.9861121364719,902.626358065059
4935,1,994.9945171339608,892.9336038655476,994.7056474663856,902.5176394700815
4936,1,994.4250019942281,892.837703134795,994.9994935804002,902.4201384671405
4937,1,994.9892894673033,892.74955595585,994.6924793793454,902.3192251073458
4938,1,994.4293718738461,892.6508988027,994.987814795854,902.2307762022931
4939,1,994.9863351928365,892.5640464060554,994.6952703854629,902.1258522209963
4940,1,994.4385177527771,892.4521299972607,994.9936408743494,902.03931702432
4941,1,994.9941894143664,892.35297792209,994.6899091204953,901.9345547707092
4942,1,994.4385668808915,892.2607056972138,994.9822606383699,901.8505842132226
4943,1,994.9908069270901,892.1848428380366,994.7007290503227,901.7500876346926
4944,1,994.4319912465879,892.0911431957759,994.9853073112473,901.6626641617243
4945,1,994.9905427430137,892.0068011910761,994.682072232685,901.5622346271264
4946,1,994.4441900946645,891.9019153055956,994.9976937844989,901.4680997340747
4947,1,994.9932658217302,891.8041483008939,994.6707014901857,901.3650351726033
4948,1,994.4330781508907,891.6997614253696,994.9821477364561,901.2701845332979
4949,1,994.9815521877448,891.6003216909716,994.6889824447835,901.1639692776819
4950,1,994.4535205167625,891.4900574269395,994.9966389538998,901.0736529374147
4951,1,994.9964872516214,891.3971064848657,994.6729600140039,900.9739803732521
4952,1,994.4312981243545,891.2910134233379,994.9921317691486,900.8827825768342
4953,1,994.9771931786514,891.1940936957847,994.6724172099877,900.7797895971805
4954,1,994.4550156097752,891.0785482651881,994.9906008032193,900.6949508367
4955,1,994.9926762091027,890.9792946509525,994.6802246855847,900.5916133317344
4956,1,994.432402622733,890.875683468621,994.9981943718425,900.4957983281595
4957,1,994.9994248812417,890.7830831611815,994.6654498485926,900.3867746569944
4958,1,994.4179723958335,890.6773285647678,994.982945552138,900.2945235306811
4959,1,994.9764812511189,890.5881389638455,994.686709738931,900.1891043839597
4960,1,994.4428071945565,890.479094797701,994.9988920220785,900.0953709691432
4961,1,994.9875590535198,890.3848116394352,994.667471598349,899.9929927951222
4962,1,994.4220220942749,890.2909114248719,994.9887963241744,899.9018513251007
4963,1,994.9930173712886,890.2044893780891,994.6724690153785,899.8067846965007
4964,1,994.4178440988011,890.1022267226226,994.9988650840221,899.7179027093912
4965,1,994.9884520543527,890.0176622015642,994.659990290659,899.612141103934
4966,1,994.4254799094047,889.9262583746312,994.9858874978422,899.5220497833728
4967,1,994.9836861287819,889.837752720291,994.6752501432395,899.4286885665505
4968,1,994.4408962971754,889.738535733122,994.9856663214055,899.3509567548133
4969,1,994.997862112447,889.6471457706049,994.6917589672183,899.2645278922797
4970,1,994.4343394530765,889.5560663430284,994.9986101468378,899.1861273376139
4971,1,994.9925466771214,889.4721475962932,994.6766333044695,899.0922227439753
4972,1,994.4366449841064,889.3765962587664,994.9859503414774,899.0049171807641
4973,1,994.9832430641,889.287930990165,994.6928815367222,898.9061160218176
4974,1,994.4521149175404,889.1890307771951,994.998146804149,898.8168716024915
4975,1,994.9984773151355,889.0994207084245,994.679979217772,898.7255259867429
4976,1,994.4388720970619,889.003911717757,994.9863103480783,898.63490263757
4977,1,994.9863138965364,888.9166904509789,994.6862921980588,898.5417152028971
4978,1,994.4572796671988,888.8211632724948,994.9971418278034,898.4633332000454
4979,1,994.9956905287892,888.7449083274353,994.6736622850309,898.377026893951
4980,1,994.4451724992269,888.6438330755434,994.9857030509143,898.3070569934087
4981,1,994.9857028052445,888.5653548064325,994.690239698772,898.2242267765943
4982,1,994.4551956262441,888.4800426049221,994.9994183876162,898.1501231911913
4983,1,994.9998513951256,888.4030862645278,994.6818595775629,898.0673769179558
4984,1,994.446908005053,888.324178347248,994.9942902304939,897.9809262381356
4985,1,994.9910978141257,888.246505853687,994.6719345488024,897.8908380817909
4986,1,994.4503248627303,888.1584826969321,994.9940310080389,897.8122577926987
4987,1,994.994297703656,888.0803621240922,994.6611524499109,897.7166556692207
4988,1,994.4465837997037,887.9853250892234,994.9897818964998,897.634065902466
4989,1,994.9842196351203,887.9015803481632,994.6614290674243,897.5444759957828
4990,1,994.4662828866195,887.8107021803779,994.9948242423837,897.4637316765704
4991,1,994.9960439290201,887.7319545735176,994.6604291060529,897.3777307028541
4992,1,994.4473036913615,887.6380145833523,994.990863692112,897.3065939262882
4993,1,994.988039323827,887.5567312387952,994.6570022127131,897.2244924299495
4994,1,994.4529453420977,887.466812475177,994.9980849808541,897.1462905103854
4995,1,994.993815429249,887.3840551811535,994.6394532435157,897.0594339163081
4996,1,994.4444321107994,887.2888726417247,994.9972470513857,896.983836385021
4997,1,994.9895177587758,887.2058495189904,994.6372860002336,896.8959910008808
4998,1,994.4553424298612,887.1127763491127,994.9932786572125,896.8130026123588
4999,1,994.994721091942,887.0304861305627,994.6316936909617,896.7239515235738
5000,1,994.4593503280352,886.9453218442585,994.9906814115395,896.6397504919647
5001,1,994.9895789620492,886.8643274840414,994.6299743208189,896.5484251228244
5002,1,994.4670487818921,886.7768349346959,994.9901338371556,896.4598848009944
5003,1,994.9954874218181,886.6941212394478,994.6371663043471,896.3681222322281
5004,1,994.4518705631616,886.6034682854155,994.9999931511504,896.2785454578876
5005,1,994.9920459239652,886.5220817458323,994.6152227704523,896.182218614977
5006,1,994.4562762239635,886.4316988969063,994.9885713725952,896.0991289633367
5007,1,994.9934555002538,886.3439347001267,994.6376820109997,896.0106841594323
5008,1,994.449571869795,886.2559279506471,994.991281339969,895.9186587022608
5009,1,994.9872140871881,886.1717112113744,994.6359853689738,895.8165727164769
5010,1,994.4593665902837,886.0749344675521,994.9918038334229,895.7315744699138
5011,1,994.9926626621935,885.9887708422739,994.6302016939318,895.6347400121102
5012,1,994.4593143908387,885.8948492942778,994.985609777254,895.5524226322862
5013,1,994.9997658026995,885.8110183046084,994.6419452596439,895.4515694956287
5014,1,994.4465139958437,885.7138729089183,994.997971622399,895.3688496894041
5015,1,994.9793504494799,885.6271006768,994.6149624610916,895.275156904661
5016,1,994.4708908465011,885.5373127326712,994.9912816449993,895.1941267076431
5017,1,994.9887752762198,885.4619423646301,994.617661657553,895.1070419049936
5018,1,994.4581545631128,885.3701952241998,994.9923779663553,895.0334898009627
5019,1,994.9989088296034,885.2957503959374,994.6145501515689,894.9493110467442
5020,1,994.4404630540112,885.2104423734637,994.9940779787697,894.8777260984974
5021,1,994.9790012309796,885.1384996399539,994.6052234844025,894.794428988542
5022,1,994.4637687776983,885.0531743977612,994.9786301191126,894.7283835086141
5023,1,994.9913778917307,884.9793277090444,994.6261343960961,894.6478949157782
5024,1,994.4533306453759,884.8942241373359,994.9888757841929,894.5733481714846
5025,1,994.9904372130839,884.8216474380431,994.607050964056,894.4897671820311
5026,1,994.4516021108041,884.736830123538,994.9952609013911,894.4128814577754
5027,1,994.9875250067314,884.6690437956016,994.6011957325226,894.3304486279235
5028,1,994.4557717140138,884.5865436274993,994.9968303039462,894.2546453664833
5029,1,994.9906866803648,884.5146742371815,994.6029270670142,894.1778148605218
5030,1,994.4647018904245,884.4361490970856,994.9789325950785,894.1095150448765
5031,1,994.9996806826622,884.3661739178624,994.6221496229392,894.036916334019
5032,1,994.4504270809425,884.282894523728,994.9889460097894,893.9697868831179
5033,1,994.9809814324626,884.2080241901033,994.5961391294479,893.886247736926
5034,1,994.4766773866407,884.1216553844765,994.9980724630537,893.8095880006782
5035,1,994.9977057218439,884.0365727123155,994.5835553495198,893.728540839285
5036,1,994.4652659669712,883.9468354295499,994.9855754374704,893.6463393030127
5037,1,994.9927724228712,883.8620954448903,994.597181941731,893.5468900993502
5038,1,994.4688990697325,883.7710602774985,994.9987486840955,893.4634665144423
5039,1,994.9958006197924,883.6917418479762,994.5843837926058,893.3748262122915
5040,1,994.4633242559821,883.6040120783895,994.9706891138193,893.2967324523471
5041,1,994.9895147592264,883.5207364518635,994.6288778774197,893.2098507623862
5042,1,994.4702785780813,883.4339709954209,994.9778598873962,893.1242956852437
5043,1,994.9920400645796,883.3495392842373,994.6085457522857,893.028910394939
5044,1,994.4712459626063,883.254184367355,994.9981594618577,892.9412135729513
5045,1,994.9986195215465,883.1712718201054,994.6073126443882,892.849541776877
5046,1,994.4579282077237,883.0737554105589,994.9833543822231,892.7695638844096
5047,1,994.9873378450668,882.9909371477597,994.623967392667,892.6826897178379
5048,1,994.4747992384811,882.8952327609509,994.9931924152592,892.604309455142
5049,1,994.9987650697192,882.8086336230599,994.6127822457804,892.5183496578006
5050,1,994.4661373011559,882.713964569557,994.9944856008113,892.4314104586631
5051,1,994.9897143796651,882.6198482553456,994.6136301850413,892.3494468801131
5052,1,994.4683801607729,882.5259099449781,994.9896177134369,892.2569554224888
5053,1,994.9996978021562,882.4284776522122,994.6280282427797,892.163999032535
5054,1,994.4523311455943,882.3332207910836,994.9982600900229,892.0645596001702
5055,1,994.9894876830087,882.2395444799643,994.6119109393031,891.9718875340798
5056,1,994.4625510211877,882.1389112483475,994.9924070370122,891.8869531679799
5057,1,994.994000037545,882.0477306624784,994.6142359772606,891.7908294611326
5058,1,994.4464744927202,881.9473975599307,994.9992384961141,891.7026092679957
5059,1,994.9939594847923,881.8516861083656,994.6000808111685,891.6017443589387
5060,1,994.4459031263372,881.752751811089,994.9886922251637,891.5015783497016
5061,1,994.9952646985482,881.6548395455733,994.6102984009759,891.4015951956613
5062,1,994.44203890308,881.547234299546,994.9968510915639,891.3082357442916
5063,1,994.9888403608584,881.4461500974304,994.6007616610113,891.2054397540194
5064,1,994.4542639962164,881.3398784683576,994.986894465912,891.1082201168081
5065,1,994.9948402375654,881.2353210884751,994.6216218607454,891.0078521389366
5066,1,994.4448659566561,881.1293544285215,994.9875186455446,890.9035210337697
5067,1,994.9962192286146,881.0281351811263,994.6089800964595,890.7932553042126
5068,1,994.433423209159,880.9144141923322,994.9962123184033,890.6899844084638
5069,1,994.99289103365,880.8134002162589,994.607781646613,890.575835694757
5070,1,994.4318326788031,880.6911087171511,994.9942837094309,890.4722768156731
5071,1,994.9980126480248,880.5824416348294,994.6093927891843,890.3478154537285
5072,1,994.4194629321547,880.4503028467016,994.9967228275204,890.2411584545846
5073,1,994.9900129499653,880.3329527541315,994.6076474708032,890.1148606726988
5074,1,994.4334437895144,880.206711711953,994.992363450393,889.9966774152587
5075,1,994.9991681306551,880.0877831925702,994.6071432900396,889.8742657739541
5076,1,994.4318772039759,879.9666502940302,994.9971635487443,889.7600971930405
5077,1,994.9963045067827,879.8496838443481,994.5974399792993,889.6413149208289
5078,1,994.4269351962649,879.7191297910583,994.9978472719109,889.5278501331316
5079,1,994.9934120115147,879.5936672161145,994.5926617807813,889.4078044823531
5080,1,994.441720347458,879.4707076076606,994.9870330978081,889.2895271338573
5081,1,994.9933959434952,879.3492817297022,994.6019141070329,889.1611415937984
5082,1,994.4525869684064,879.222342872585,994.989968555054,889.0359206971688
5083,1,994.9970407620526,879.1035947928027,994.5969357599664,888.900005130814
5084,1,994.4527733466214,878.9687013804426,994.9977039269385,888.7774939629271
5085,1,994.9905824954575,878.8390658545625,994.594840127627,888.6396377715773
5086,1,994.4684225458889,878.707134876385,994.9997861649922,888.5088157146098
5087,1,994.9983037611727,878.5803947226386,994.5828964255339,888.3746125636408
5088,1,994.4630980218495,878.4449608341421,994.9809808247329,888.24927434816
5089,1,994.9844025683284,878.321456712546,994.6089790924115,888.12592812967
5090,1,994.4740462943857,878.1952555753882,994.997176840373,888.0082525535041
5091,1,994.9953441258548,878.0800139256388,994.6028936057519,887.8820853736668
5092,1,994.4616885074756,877.957533683449,994.999299150895,887.7625127780993
5093,1,994.9942419537447,877.8358061470241,994.5923537462826,887.647794205811
5094,1,994.4560624661448,877.7099352933087,994.9904962460847,887.5361104727056
5095,1,994.9994641247016,877.588637224781,994.6040963696715,887.4104270090654
5096,1,994.4552987240658,877.449903056985,994.9975460788896,887.2856639611153
5097,1,994.9897762970909,877.3260360062203,994.5972271207087,887.1500031270801
5098,1,994.4679399558208,877.1898003888033,994.9957268905803,887.0263939020416
5099,1,994.9940965359917,877.0660045606942,994.6004443799854,886.8946255263721
5100,1,994.4586273776371,876.9317903788422,994.9936771728017,886.7666134795112
5101,1,994.9997029711253,876.799884495661,994.6083329693281,886.6305517450035
5102,1,994.4514928304037,876.660228796745,994.9962115856766,886.4990955068146
5103,1,994.9891737355925,876.5313325804557,994.6058228611286,886.3617472570521
5104,1,994.4683654312324,876.3865528193749,994.9961481549285,886.2278802758668
5105,1,994.9992152415044,876.2553373521945,994.6067617960174,886.0855168359548
5106,1,994.4621494786167,876.1146903099676,994.996581150041,885.9479154360852
5107,1,994.9990688010582,875.9824207603288,994.5979863107075,885.8020159105517
5108,1,994.457683445563,875.8426640107049,994.9960052560967,885.6617603021012
5109,1,994.9946265460737,875.7063773517398,994.5870990079236,885.5158667602525
5110,1,994.467811252426,875.5683397767382,994.9968167147636,885.3761642035731
5111,1,994.9952788931773,875.4226522239278,994.5861515656208,885.2236993653439
5112,1,994.462189647082,875.2727427953968,994.9952160846703,885.0779436768275
5113,1,994.99913132688,875.1300214232236,994.5895545601091,884.9206622402917
5114,1,994.4491998387412,874.9794382806383,994.9925235897845,884.7655638778938
5115,1,994.9892735637088,874.8258233153075,994.5992020471798,884.607621286885
5116,1,994.459798901971,874.6676566252542,994.9971425977297,884.4599594794457
5117,1,994.9992466270588,874.5122108816227,994.5954725922179,884.3029068259798
5118,1,994.4470513320898,874.3528063109043,994.9873601882282,884.1482451379153
5119,1,994.9926723283081,874.1993014419302,994.6120096706824,883.9887524517331
5120,1,994.4501430221707,874.0404118378415,994.9937530305511,883.8328998034249
5121,1,994.99947272029,873.8877347037037,994.5971333178614,883.6692436793413
5122,1,994.4334749300789,873.724218132536,994.9996245961685,883.5187777094264
5123,1,994.9974547121599,873.5710581344165,994.5837763707661,883.3575354738016
5124,1,994.4224827783307,873.4058291649199,994.9866117688622,883.1983356277
5125,1,994.9972949722099,873.2517696766861,994.600097592483,883.0441284669473
5126,1,994.420205869897,873.096656011804,994.9977822734315,882.8967719858671
5127,1,994.9949354030679,872.9417040776402,994.5993142316969,882.7410875889153
5128,1,994.4176060415672,872.7858518425364,994.9863732817655,882.5943554977625
5129,1,994.9947700790253,872.6416571363933,994.6162643347155,882.4363191816772
5130,1,994.4233307956605,872.4869961301948,994.9874357837714,882.2953199637352
5131,1,994.9968917234846,872.3475184008146,994.6137362825301,882.1425423077209
5132,1,994.4156137123769,872.2016424014965,994.9978027769913,881.9999583978479
5133,1,994.9875322574719,872.0609442460086,994.6070953970864,881.8458155095534
5134,1,994.4363936565322,871.9075815605282,994.9888598622252,881.7098028176254
5135,1,994.9993156946585,871.7596044377592,994.6204136578992,881.5589321025296
5136,1,994.4349582856321,871.6067318848645,994.9896641418644,881.4133017482721
5137,1,994.9918712017444,871.4605164937982,994.6064612978156,881.2631239638893
5138,1,994.4464652330736,871.3131503743627,994.9947523626669,881.1218615266483
5139,1,994.9960155855323,871.1755935910079,994.6034338265619,880.9746288836577
5140,1,994.4418050852124,871.0344421738886,994.9968269705821,880.8397750681137
5141,1,994.9955606492101,870.9011519174065,994.6032212801811,880.6908304722241
5142,1,994.4470844643754,870.745896426019,994.9950540103702,880.5577836947286
5143,1,994.9907216446201,870.6012255691502,994.599374494379,880.4106281402353
5144,1,994.4635568843703,870.4545086047549,994.9973526387573,880.261911339368
5145,1,994.9928382732845,870.3087207306312,994.5980149774879,880.1129740655092
5146,1,994.4511234827592,870.1644050777008,994.9980158463821,879.9657836532965
5147,1,994.9936573464423,870.0184319339628,994.5956866974276,879.8196075305812
5148,1,994.4572801349684,869.8691104347934,994.9922639222106,879.6743286964207
5149,1,994.9995650662621,869.7160925005979,994.6081332234346,879.5249649641783
5150,1,994.4462475541964,869.5636517266914,994.9936912210464,879.381595098439
5151,1,994.9942066196916,869.4196770237883,994.5976544770436,879.2260413474052
5152,1,994.4535682876352,869.2648022136816,994.993026095661,879.0851543631912
5153,1,994.9953985281923,869.1259555229137,994.6063817624937,878.9365855747345
5154,1,994.4498171611746,868.9717152937459,994.9992953371969,878.7989989591299
5155,1,994.9989500759516,868.8322650209691,994.5966780519998,878.6504798591302
5156,1,994.4412335936061,868.6837852309196,994.9917560118419,878.5046686545851
5157,1,994.9886257351703,868.5401216253887,994.6022202661541,878.3530710778117
5158,1,994.4613613870666,868.3916099463133,994.9928789716334,878.2186055171657
5159,1,994.999038655792,868.2550003274242,994.6065340343863,878.0754651011927
5160,1,994.4548203303784,868.1075403994073,994.9975733192947,877.9406786647212
5161,1,994.9906940292836,867.9705171253502,994.610348406155,877.7901393860833
5162,1,994.4647760349794,867.8335479526929,994.9967732675628,877.6549864693536
5163,1,994.9970809696855,867.6970169972953,994.602259877911,877.5180348680526
5164,1,994.453920123463,867.559634186013,994.9982096517117,877.3855893568884
5165,1,994.9949739286958,867.4329497476763,994.5853820884518,877.2380732643253
5166,1,994.4579118573423,867.2903890923502,994.998950098155,877.1135126609173
5167,1,994.9894344283647,867.1601940599809,994.585943304711,876.9735996990514
5168,1,994.4656337959576,867.0240440008895,994.9962768182451,876.8428934248055
5169,1,994.9957164060144,866.9004557515574,994.5816013060557,876.7067545182506
5170,1,994.4644195054917,866.7689415151605,994.9986886890734,876.5821086403957
5171,1,994.9897450637073,866.6465763470636,994.5740288330458,876.4477380405616
5172,1,994.4764898085847,866.5120009220129,994.9949058768594,876.3226998598249
5173,1,994.994954438596,866.3764043234952,994.5639754453911,876.1882413118353
5174,1,994.4862363911673,866.2310726258162,994.9953190871897,876.0508553498971
5175,1,994.9924606727578,866.0944663173744,994.5678789208171,875.9113957841967
5176,1,994.4967008255823,865.9518647480746,994.9943577887674,875.7764400797219
5177,1,994.9977581581882,865.8217583773431,994.5630618071399,875.6356975889992
5178,1,994.4867358851345,865.6839000971369,994.9976184548588,875.5050080293857
5179,1,994.9968197918012,865.5487804969317,994.5485312225541,875.3747579568371
5180,1,994.483567161438,865.4112225457011,994.9996162589272,875.2413389701819
5181,1,994.982315226441,865.2768454518352,994.537541466998,875.1028505383184
5182,1,994.5185660929154,865.1400156780707,994.9922904756997,874.9651711977889
5183,1,994.9969192965245,864.9960951822942,994.5436887955722,874.8353569937073
5184,1,994.5179885789178,864.8660612713492,994.9982757504466,874.6977311349353
5185,1,994.999507601951,864.7272047934132,994.5353070429604,874.5562615822769
5186,1,994.505705588292,864.5879505029336,994.9963424942877,874.4180790385957
5187,1,994.9903128934179,864.4528855565688,994.5374737943083,874.2759693760639
5188,1,994.5138802712057,864.3115979155488,994.9948325785646,874.142143837555
5189,1,994.9987307174555,864.1796457530186,994.5338615114151,874.0039465573303
5190,1,994.5049929329376,864.0380510231121,994.9940917237244,873.8674746931757
5191,1,994.9969787365325,863.8947882203082,994.5392218460737,873.7295913099982
5192,1,994.5106396246055,863.7494335559273,994.9977668202021,873.5927001532988
5193,1,994.9995864494045,863.6025035550128,994.5320291680323,873.4433037621598
5194,1,994.4972938892272,863.4531117960241,994.9997783508788,873.2956148261896
5195,1,994.9910821335086,863.300380100159,994.5257953548614,873.1464251624903
5196,1,994.5060563602366,863.1482562366403,994.9940842815568,872.9882147507445
5197,1,994.9985122139188,862.9912597981955,994.5310464568566,872.8348631237254
5198,1,994.5001601740106,862.8355713756763,994.9997247710909,872.6796746986945
5199,1,994.9839273744994,862.6909463051629,994.5185980030404,872.5278625176554
5200,1,994.5279133037118,862.5451405185728,994.9953688727511,872.3878487708035
5201,1,994.9872923781321,862.398056089403,994.5187057593936,872.2501300791619
5202,1,994.5242875488651,862.2465408146688,994.9940965092684,872.1018050026487
5203,1,994.9951315191411,862.0963333150462,994.5223866660214,871.9529321373212
5204,1,994.5251365347426,861.9490893017626,994.9967379068574,871.8025374803184
5205,1,994.9911661282177,861.8024494409641,994.5212418646576,871.6565774738095
5206,1,994.5262388117508,861.6540269601232,994.9999684215588,871.5098033833293
5207,1,994.9928383948919,861.5032781513404,994.5086525801875,871.3608462062565
5208,1,994.5256083385163,861.3545939554327,994.9950108041292,871.2062475207218
5209,1,994.9978268204459,861.1965874031612,994.5152329542669,871.0583565504626
5210,1,994.525028173058,861.0454847833929,994.9969891792141,870.9094549679556
5211,1,994.9904445846677,860.8969406061952,994.5124171516846,870.7636664290081
5212,1,994.5358390645603,860.7509123666424,994.997007672433,870.6136628398763
5213,1,994.9979312661119,860.6058050685253,994.5142975700707,870.4613414091461
5214,1,994.5284781398364,860.4625710409945,994.9932429718931,870.3055146334299
5215,1,994.9946523690123,860.3129694095603,994.5237350462872,870.1529684353328
5216,1,994.53386463343,860.1565040529575,994.9940578020776,870.002440577109
5217,1,994.9877641027972,859.9994471620683,994.5198333035711,869.8431250525377
5218,1,994.555136247258,859.8396352703251,994.9991524958331,869.6801143201915
5219,1,994.9919163649755,859.6780661781702,994.514404363743,869.5197095942524
5220,1,994.5543099938675,859.518735781749,994.9969062001769,869.3594588615867
5221,1,994.9954163278153,859.3580681996967,994.5042958621394,869.197661699196
5222,1,994.5424092157812,859.1967097763868,994.9928120489751,869.0281935681501
5223,1,994.9950628833712,859.0199563818311,994.5090456700926,868.8656008749666
5224,1,994.5404980021744,858.8458793531441,994.9933773459834,868.6965889159663
5225,1,994.9943755977297,858.6759096019825,994.5227671437325,868.5300634197963
5226,1,994.5486266012202,858.5079225072822,994.9998152606315,868.3591070610028
5227,1,994.9981399846337,858.3396941432418,994.5173139277936,868.18757581819
5228,1,994.5374710628987,858.1669224154922,994.9908266438771,868.0187248824144
5229,1,994.9970412052446,857.9969242110833,994.5311278742923,867.8525885181432
5230,1,994.5360763857573,857.8276409499789,994.9978898116675,867.6875443399326
5231,1,994.9963936244235,857.6580653425236,994.5223648149147,867.5148170308407
5232,1,994.5314123829658,857.4871127324199,994.9970440712992,867.3398901333626
5233,1,994.9974157621085,857.3131936783564,994.511079706611,867.1715900824865
5234,1,994.5290993694659,857.1465237740209,994.9975397065183,867.001440994568
5235,1,994.9951665869711,856.9737206584052,994.4949150876589,866.8340251487324
5236,1,994.5301934064984,856.8056969473823,994.9969843869209,866.6660122474955
5237,1,994.9977922354325,856.6416885901816,994.4939003929436,866.4971352607455
5238,1,994.526933111102,856.4799937711254,994.993117800923,866.3325858789993
5239,1,994.9888769504281,856.3110941638063,994.4908829281425,866.16894778912
5240,1,994.5453697182588,856.1489247729595,994.9967199884121,866.0049236909603
5241,1,994.9936539283789,855.992659708811,994.4827713591587,865.8484924910867
5242,1,994.5405894418425,855.8305741714943,994.9988848990754,865.6876280193453
5243,1,994.9974524542731,855.6731965059768,994.4833544479167,865.538376525248
5244,1,994.5465870039297,855.5263272692488,994.9903905166601,865.3738510125274
5245,1,994.9930641663976,855.3632659807831,994.4928523914338,865.2189546339733
5246,1,994.5515039399372,855.2056175927107,994.9987550572268,865.0625623094395
5247,1,994.9930288302324,855.0422821450336,994.4921709793604,864.9003403561843
5248,1,994.541746526438,854.8748877537821,994.9945259448994,864.7283856717813
5249,1,994.9991044941474,854.7030332335547,994.4829920436356,864.5581792507855
5250,1,994.5371014677987,854.5350127157814,994.9931436992258,864.3864925732979
5251,1,994.9930053372223,854.3640411730028,994.4887256844037,864.2143074499586
5252,1,994.5444235496384,854.1922325192653,994.9977048841265,864.0466618503428
5253,1,994.9962414427371,854.0307494443085,994.4902252070315,863.8851973060387
5254,1,994.5355083080826,853.8741755733554,994.9962188860952,863.7263214872844
5255,1,994.9959808236705,853.7101812546484,994.4929641613094,863.5656338711536
5256,1,994.5292948298408,853.5497196352197,994.9965104960312,863.4008904798555
5257,1,994.9927839672192,853.3835645361725,994.4950786462061,863.2414006335649
5258,1,994.5410663415672,853.2233944778959,994.9931004398318,863.0776402966687
5259,1,994.9984003278903,853.062736871205,994.5009199544925,862.9217129633275
5260,1,994.5362725230349,852.9062959665632,994.9960065095796,862.7590009713546
5261,1,994.9919410049802,852.7453627589167,994.4971222026015,862.5986406073048
5262,1,994.5463167227801,852.5906222820047,994.9977057512768,862.4362452784935
5263,1,994.9987858619369,852.4287669612044,994.4906298788535,862.2866151120032
5264,1,994.5475412209315,852.2754600801712,994.9970020015763,862.1415843167048
5265,1,994.9884306479645,852.1199572837739,994.4926780785391,861.9896143028766
5266,1,994.5668405267389,851.975831466268,994.9988245140339,861.8268103417292
5267,1,994.9962464406436,851.8134698661693,994.4945048725518,861.6796061461406
5268,1,994.5643881939817,851.6611691912784,994.9962738504856,861.5182357076422
5269,1,994.9968282950405,851.5036519138123,994.4922260611036,861.3658118221263
5270,1,994.5494750478524,851.3534238814522,994.9979225625538,861.2081135159799
5271,1,994.9949767938213,851.1953780896359,994.4905041886636,861.0601047190128
5272,1,994.5528388765982,851.0423105020552,994.9890304704138,860.9073008410012
5273,1,994.9935035780013,850.892738432502,994.5140842802497,860.7580873522526
5274,1,994.5504282192276,850.7435024578112,994.9901991009247,860.6016050064281
5275,1,994.9994241166606,850.594166315606,994.5109918089028,860.452311493876
5276,1,994.538154531386,850.4422489840381,994.9988039053925,860.30539545151
5277,1,994.9971135979719,850.3007462246114,994.5025509920358,860.1562610252778
5278,1,994.5458142483981,850.1518048204275,994.9939817940528,860.0029254329254
5279,1,994.9952033332072,850.0006704214759,994.5083748002436,859.8536447004409
5280,1,994.549821032357,849.8526175950511,994.9884295498282,859.696189259056
5281,1,994.9997554253424,849.7028418229208,994.529970469178,859.5451366954912
5282,1,994.5421931008357,849.5576726481376,994.9852327497815,859.3881097785538
5283,1,994.99446003209,849.4037470068198,994.5237949210464,859.2354272990614
5284,1,994.5402020362758,849.2549289971998,994.9930806494718,859.0860663913701
5285,1,994.9944956939834,849.1060425717759,994.513727631047,858.9412279111037
5286,1,994.5467007897057,848.9581258615293,994.99730016797,858.7923997075773
5287,1,994.9988782822395,848.8086241025038,994.5110188412468,858.6527035211319
5288,1,994.5351715692799,848.6718345504509,994.996600892776,858.5079834308925
5289,1,994.9940379126513,848.5305907481606,994.5138285478174,858.365410839876
5290,1,994.5344019554776,848.3819033885267,994.9958574466119,858.2270200287027
5291,1,994.9965734702206,848.2323088328432,994.5165184145382,858.0848725744291
5292,1,994.5246368972968,848.0862139458454,994.9915060689351,857.9470129583941
5293,1,994.9885916107995,847.9402892829854,994.5265133986138,857.8110140469213
5294,1,994.5409351187088,847.8015828848859,994.9995695073242,857.6675993176847
5295,1,994.9970507104633,847.6632059895071,994.5163698333507,857.5255096732487
5296,1,994.5380669042427,847.5172059438736,994.9951582587584,857.3855258379473
5297,1,994.9888035785713,847.3704954579237,994.5093439012131,857.239215653498
5298,1,994.5512824793753,847.2258282481479,994.9937758054793,857.0947519125176
5299,1,994.996388727465,847.0837002663231,994.5216603110017,856.9462391946641
5300,1,994.5404081449728,846.9408493612481,994.9985496606232,856.7979870439498
5301,1,994.9926660527257,846.7920619136179,994.5166300229205,856.6465382995456
5302,1,994.549122889569,846.6447401555104,994.9945385131298,856.5007804228233
5303,1,994.996024867075,846.4921773168152,994.5088811406619,856.3560710477659
5304,1,994.5413952990186,846.340974644642,994.9992262754209,856.1974672533622
5305,1,994.9996650413858,846.1858998108889,994.5003533203868,856.0393143178211
5306,1,994.5276341595563,846.0298933472873,994.9920261916253,855.8805060757717
5307,1,994.9981772726459,845.8840868578084,994.5167993578821,855.7294340332069
5308,1,994.5243650540032,845.7280811815344,994.9929928721709,855.5753290388309
5309,1,994.9951263285291,845.5733735802785,994.5137696870096,855.4267222235292
5310,1,994.538995935823,845.4208608084974,994.9988546510639,855.2690151659198
5311,1,994.9969750001158,845.2670247451787,994.4984662832757,855.1090492425132
5312,1,994.5311208028247,845.1174093710644,994.9935097102333,854.958369365459
5313,1,994.9877119742735,844.9706430665253,994.5045147230003,854.8069805720712
5314,1,994.5480264170027,844.8202131547305,994.9986786876029,854.6616010902699
5315,1,994.9975912924193,844.6733411304936,994.4990464820632,854.5118080627674
5316,1,994.5461610600729,844.5282098018906,994.9951075692943,854.3630906074395
5317,1,994.9902897141046,844.378155060638,994.4949786074561,854.2150680703226
5318,1,994.5622990252921,844.2344491679153,994.9920835740619,854.0616602073972
5319,1,994.9987325700995,844.087768120327,994.5099383361304,853.9212997546812
5320,1,994.5517229544259,843.938842666585,994.9971126321383,853.7827275727686
5321,1,994.9957204914481,843.7988398974722,994.509389495569,853.6419266710741
5322,1,994.5497816777721,843.6615978388588,994.9964772998596,853.4979387002777
5323,1,994.99816281943,843.5206182523159,994.5153362767975,853.357940567412
5324,1,994.5492996858911,843.3875468205613,994.9949172691863,853.2180151657833
5325,1,994.9854805782783,843.2466192816438,994.5195187872611,853.0841433243814
5326,1,994.5674601159012,843.1101188145103,994.997887445968,852.9457602426137
5327,1,994.9979423081154,842.9730818379882,994.5149863862008,852.8099629926045
5328,1,994.5617813991682,842.829540534244,994.9990928649182,852.678318593553
5329,1,994.9986781854998,842.6871683508564,994.5095862239531,852.540716873234
5330,1,994.5572171491021,842.5482684182142,994.9974623970452,852.388490725028
5331,1,994.9999068629108,842.4044830257867,994.5026484573946,852.2444205575641
5332,1,994.549921295681,842.2542594235543,994.9960449390101,852.1021178535567
5333,1,994.9870163813787,842.0995089317868,994.4990659576207,851.9542321693938
5334,1,994.5629425562219,841.9430872361747,994.9982885356886,851.801925021709
5335,1,994.9836988281246,841.789280483336,994.4959266501368,851.6533218149069
5336,1,994.5498278180086,841.6375305957653,994.9900968981929,851.5055839042695
5337,1,994.9923329588472,841.4804807880389,994.512733967695,851.3559919688565
5338,1,994.5336875072214,841.3257973893872,994.9948178429075,851.1975781930433
5339,1,994.9924983102483,841.1634468642075,994.5090181827594,851.0439098224884
5340,1,994.5389687336351,841.006672181101,994.9954174248952,850.8879639475207
5341,1,994.9982521515941,840.850199218743,994.5131445912142,850.7320209451469
5342,1,994.5331949641943,840.6969965648136,994.9921707600793,850.575630308397
5343,1,994.9974695289352,840.5408770858915,994.5119604389118,850.4228221755371
5344,1,994.5379416714478,840.3886107838964,994.9926658355572,850.2747782993844
5345,1,994.9946942441707,840.2376200827094,994.503649330291,850.1262338986428
5346,1,994.5426171861726,840.0926928496373,994.992140764375,849.9777265577222
5347,1,994.9943872835005,839.9435416088568,994.5019702756582,849.8366572621668
5348,1,994.5517367432407,839.7984090292883,994.9991743863554,849.6915280297353
5349,1,994.9972793255035,839.6483147278817,994.4937410318331,849.5479587302433
5350,1,994.5483957257619,839.5056698544645,994.9966016266077,849.4055595664745
5351,1,994.9980112153615,839.3574101099974,994.496372143164,849.2679050210234
5352,1,994.5500006468855,839.2251531825567,994.9977478866591,849.1336102192512
5353,1,994.9988122906797,839.0908692151162,994.4960077750075,849.004446281296
5354,1,994.5466884160863,838.9608335266162,994.9999596013959,848.8729932930025
5355,1,994.9871562420369,838.8271165940057,994.4939882107323,848.741868281135
5356,1,994.5443115287816,838.689732206439,994.9923500848882,848.6112878905703
5357,1,994.9912442426042,838.5510159599706,994.5077145918323,848.4715740525259
5358,1,994.5444705067658,838.4154191076591,994.9943437352564,848.3278368021647
5359,1,994.9950772626555,838.2707541676077,994.50068797718,848.1933131651933
5360,1,994.5419029688711,838.1296120486062,994.9956715594459,848.0463156303343
5361,1,994.9969307545604,837.9954184440749,994.5068448618083,847.9036765636985
5362,1,994.5431652519819,837.8638298249755,994.9957839688198,847.7655586775574
5363,1,994.9929721778423,837.7275919647815,994.5013373604254,847.6242699107933
5364,1,994.541121998192,837.590757929129,994.9975223547868,847.4775317530292
5365,1,994.9969470003139,837.4520612531878,994.5017727443889,847.3293747410951
5366,1,994.5389210871766,837.3123950213205,994.9983519372882,847.1944721721937
5367,1,994.9906911444361,837.1800648276686,994.4916556251541,847.0620894713148
5368,1,994.5567468948452,837.0492432221606,994.9902044065008,846.930123984616
5369,1,994.9910901640951,836.9184358128601,994.5045060494842,846.7996444265921
5370,1,994.5520940377663,836.7883826922467,994.9963277850142,846.676085415245
5371,1,994.9983864007033,836.6548263284129,994.4974541133906,846.5526844571937
5372,1,994.5405688903487,836.5252733675813,994.9983487791491,846.4242596347436
5373,1,994.9999007830799,836.3965671428323,994.4956395959732,846.3013512596806
5374,1,994.5302316004254,836.2775058822772,994.9970193850899,846.171074671063
5375,1,994.9943926106852,836.1559531672242,994.5011996444247,846.0472045725068
5376,1,994.5305624094402,836.0338987512373,994.9961887787464,845.917218685287
5377,1,994.9975866820537,835.9129547575019,994.5012254082039,845.7900147301531
5378,1,994.5268680773563,835.7901976727264,994.9896859197206,845.6648032187608
5379,1,994.9905178104568,835.6693172909818,994.5258256971707,845.5413299942876
5380,1,994.5306889366137,835.5521939716302,994.98935497361,845.4245648491027
5381,1,994.9997794428567,835.4364404980275,994.522212793979,845.3079822984623
5382,1,994.5262211363648,835.3172930943139,994.9863271377787,845.1921350396682
5383,1,994.9942149599166,835.1966657978269,994.5108653971453,845.076637835736
5384,1,994.5329760632698,835.0836175945726,994.9930511656169,844.961272136837
5385,1,994.9992393929344,834.9717473634364,994.505775309391,844.8620914473281
5386,1,994.526342528024,834.8706275797148,994.9966786142439,844.7562771384473
5387,1,994.9885086834765,834.7655950383768,994.5054151175577,844.6540740670335
5388,1,994.540381129954,834.6579851548523,994.9986998639674,844.5499365651539
5389,1,994.9942710821532,834.5493385518864,994.5021681962783,844.4426191717996
5390,1,994.5401590440442,834.4332967996686,994.9932420808431,844.3434715780711
5391,1,994.9982148553368,834.3236632251042,994.5158294839637,844.2383857504076
5392,1,994.5375549890849,834.2202637945785,994.9957624276955,844.1294263302796
5393,1,994.996257136565,834.1074818731322,994.5128570857269,844.0225046028468
5394,1,994.5461629595256,834.0024575562321,994.9985347973885,843.9130210178902
5395,1,994.9972118660819,833.8852065153014,994.5099252073809,843.8114585984101
5396,1,994.5435254718038,833.7765252843953,994.9969758280204,843.7017246214275
5397,1,994.9980191732716,833.6679671274932,994.5114066863563,843.6006905668544
5398,1,994.5454435254029,833.5656738009202,994.9981096148556,843.4967051671363
5399,1,994.9998447583023,833.4624066656976,994.5158215685232,843.3928320313458
5400,1,994.5392961511335,833.3543490532867,994.9937531921792,843.2847938552725
5401,1,994.9918241549807,833.2346184394863,994.5354839603648,843.1816058079122
5402,1,994.5510490306681,833.1243205965162,994.9957016333625,843.0605472263967
5403,1,994.9997630313094,833.0110968972616,994.5387133730117,842.9482700748677
5404,1,994.5470508793882,832.8987971067969,994.9951536374253,842.8350544325651
5405,1,994.9939408073311,832.7899844868326,994.5406897889902,842.7155306519331
5406,1,994.5592918785152,832.6675343733625,994.9959714651835,842.6032383543577
5407,1,994.9968702710963,832.5406390629937,994.5440170804695,842.4829662031225
5408,1,994.5506049240103,832.4212668420499,994.9995495465961,842.3499087103821
5409,1,994.9932999552053,832.2907051421773,994.5448339964345,842.2227255205445
5410,1,994.5495192215615,832.1626382030479,994.9924234164351,842.1003786705476
5411,1,994.9964977460938,832.0372088564072,994.5577965790503,841.9697348471929
5412,1,994.5498446460927,831.9051379943742,994.9913945176723,841.8440574668215
5413,1,994.9959315394249,831.7742112877022,994.5593445875063,841.7128212188703
5414,1,994.5511535483795,831.6497680632822,994.9918549756886,841.5846463173525
5415,1,994.997289470122,831.523625604297,994.569717271605,841.4601596231005
5416,1,994.555482515529,831.3970558370257,994.998791533971,841.3379788382439
5417,1,994.9927883537135,831.2735952347861,994.5688821348845,841.2114466942044
5418,1,994.5469388723077,831.1436422787704,994.9995548674743,841.0872692951507
5419,1,994.9967745323902,831.0135178669672,994.5648441818821,840.9635896393953
5420,1,994.5461177989016,830.8811675441233,994.9976589835798,840.8353017071746
5421,1,994.9951228931354,830.7464622659995,994.5670513413442,840.7048837916963
5422,1,994.5495846180571,830.611375717098,994.9946688110783,840.5744653569603
5423,1,994.9921453126263,830.4767831502676,994.5753945747641,840.4406764406593
5424,1,994.5520308693068,830.3396140797906,994.9957869033228,840.3007910938486
5425,1,994.9803023991966,830.2048571693822,994.5800574320729,840.160532467151
5426,1,994.5530056523294,830.0637064271592,994.9957799258855,840.0237133035645
5427,1,994.9748988314658,829.9223694382067,994.5711234937448,839.8843173553149
5428,1,994.5577499008859,829.7767970142852,994.9997194452816,839.7440173538296
5429,1,994.9747525107074,829.6340434113325,994.5709151020881,839.5926283283932
5430,1,994.5571272017445,829.4841827476295,994.9956377790304,839.4409390419316
5431,1,994.9815369157762,829.3361876820674,994.5712241283778,839.2925741920244
5432,1,994.5598541405036,829.1828397073579,994.9956907497427,839.1469448989812
5433,1,994.9853857640879,829.0251214283517,994.5703185290668,838.991365527764
5434,1,994.5590608845248,828.8667111729726,994.9964716217559,838.8405715749901
5435,1,994.9802494375132,828.7122505669201,994.5701109181977,838.6844623638574
5436,1,994.5529267684608,828.5545611808202,994.9984834913231,838.540379866675
5437,1,994.979952464869,828.409856308759,994.5714863652734,838.3929464793516
5438,1,994.5466480861347,828.2597123299632,994.9903058785027,838.2435532806342
5439,1,994.9838712806212,828.1088417747059,994.5645511674178,838.0840408970215
5440,1,994.5433649790874,827.9526110437569,994.9890750813698,837.9229533464998
5441,1,994.9871660310529,827.7911187937509,994.5621584464216,837.7657048873299
5442,1,994.542519525191,827.6382031427779,994.9895115812674,837.5992001647732
5443,1,994.9971696461496,827.4826595136753,994.5599302923339,837.4343508599458
5444,1,994.5387808691868,827.3211817089485,994.9884783946393,837.2711697262628
5445,1,994.9980744777052,827.1567095071651,994.5520568098134,837.1133920155253
5446,1,994.5420721234132,826.991082918392,994.9871741606306,836.9452842234276
5447,1,994.9963095820717,826.824215341824,994.5489381832715,836.7833835449608
5448,1,994.5364396010426,826.656433101386,994.9791504318274,836.6189290790267
5449,1,994.9969198233515,826.4907244003873,994.550820202167,836.4546376622762
5450,1,994.5398822803701,826.3198912736084,994.9829670791222,836.2960798401854
5451,1,994.9967916651057,826.1590476752335,994.5463461722675,836.1260827662542
5452,1,994.5380277041145,825.9981102862555,994.9857344852738,835.9605792234676
5453,1,994.9996691342864,825.8353833833321,994.549693399465,835.8001738017524
5454,1,994.5411632012286,825.6643469596928,994.9806789230292,835.6395194494891
5455,1,994.9964424410057,825.4928954087353,994.5508624322007,835.4731976582176
5456,1,994.5362115349554,825.3290880277244,994.9771056495465,835.2982593899784
5457,1,994.9994820514871,825.1531419743021,994.5558386679172,835.1274314178814
5458,1,994.5393926381322,824.9856455628692,994.9732868317923,834.9538208667044
5459,1,994.9974136003866,824.808004144177,994.5541987895699,834.787339135085
5460,1,994.5396705794551,824.6397101931366,994.9754643442944,834.6161068953337
5461,1,994.9980464295371,824.4695267286953,994.5515345141368,834.4524371354929
5462,1,994.5384773097074,824.3116478080748,994.9782919230845,834.2784796820638
5463,1,994.9934334595845,824.1397167438307,994.5510457028536,834.1112745546794
5464,1,994.5348805744845,823.9744236258452,994.9757898515071,833.9494825405558
5465,1,994.9904832390279,823.8074978894108,994.5523142925828,833.7877307541542
5466,1,994.5326374598302,823.6385261671794,994.9862138435061,833.6175514133932
5467,1,994.9877899779468,823.4669477674321,994.5540672732187,833.4392486837259
5468,1,994.5338458073904,823.2894837787272,994.9825659712624,833.2639676630233
5469,1,994.9864715156652,823.1088641053897,994.5526335105677,833.0870162568698
5470,1,994.5314137169395,822.9294948112378,994.98183091209,832.9138867771246
5471,1,994.9884748985774,822.7594711684503,994.5578889447295,832.7289535139936
5472,1,994.5249535504923,822.5784019346092,994.9764082852272,832.5507474083587
5473,1,994.9909792621479,822.3954905623584,994.5506239586621,832.3689059035488
5474,1,994.521161373294,822.2177025849118,994.9793361668881,832.1826007239291
5475,1,994.9936704772651,822.0360293675226,994.5482096999508,832.0002686443185
5476,1,994.5163543829995,821.8501403732531,994.9791636627606,831.8136935096038
5477,1,994.9974611889157,821.6619366634163,994.5556823994054,831.6314019825204
5478,1,994.5116910189588,821.4782615109449,994.9915310048592,831.4589982712079
5479,1,994.999654704041,821.2971825437762,994.558618084663,831.2782559708558
5480,1,994.5158328614909,821.1091294033258,994.9945558827476,831.0986734002879
5481,1,994.9948567864635,820.9263235845334,994.5622711300458,830.9066602593189
5482,1,994.5145176686019,820.7388207696064,994.9887825273009,830.7153215544856
5483,1,994.9956649856207,820.542778380507,994.5615010169315,830.529223168324
5484,1,994.5267980917399,820.3562078034009,994.9920881911468,830.3407790610493
5485,1,994.9905690386437,820.1748514698754,994.5593677465101,830.1466907493368
5486,1,994.5264789376846,819.9811150519608,994.9916493311266,829.9648989517228
5487,1,994.9873677815715,819.7956854094672,994.555947717956,829.781892839906
5488,1,994.5254641501804,819.6127713242078,994.9940827346721,829.5996727202821
5489,1,994.9885396451754,819.4240713412008,994.5532682216359,829.4189277274243
5490,1,994.5213106260792,819.2361386122088,994.996541026413,829.2332529366946
5491,1,994.9885169472009,819.0406214973067,994.5495299094649,829.0393340359573
5492,1,994.5208949630373,818.8475509787023,994.9943427446786,828.8464163833274
5493,1,994.9862545847566,818.6603990766604,994.5388382969214,828.6527205657965
5494,1,994.5246467340497,818.4733666655065,994.9932251826596,828.4639244956999
5495,1,994.9885241059243,818.2789446403656,994.5396183525583,828.2687208838556
5496,1,994.5296365493125,818.0825595233506,994.9924705990765,828.0732967166988
5497,1,994.9902500430363,817.8836050407784,994.5380408453325,827.8795935778012
5498,1,994.5253398653447,817.6718083927545,994.9985169505522,827.6839512661994
5499,1,994.9983994671845,817.4582323940618,994.5347574535332,827.4832436008369
5500,1,994.5234313025553,817.2596119253853,994.9955445856607,827.2755127143963
5501,1,994.999052843953,817.0651991968044,994.5431650274946,827.0705965478485
5502,1,994.5251089000866,816.8685392643048,994.9990575139822,826.8579747460611
5503,1,994.9981597814486,816.671247086543,994.5439057356242,826.6435575265857
5504,1,994.5247736740159,816.4661496680965,994.9961327081832,826.4450400549321
5505,1,994.998925549173,816.2628731252383,994.5483798839296,826.2400247748892
5506,1,994.5287554705612,816.0550801107852,994.984503987866,826.0270751664398
5507,1,994.9962943226639,815.8493416725184,994.5518976840644,825.8204909614524
5508,1,994.535722399772,815.6500630779294,994.9891174094208,825.619017292729
5509,1,994.9991671705623,815.4516075867297,994.5538824200153,825.4089365923693
5510,1,994.5347485177259,815.2464004074338,994.9901450553162,825.2036710022508
5511,1,994.997792446887,815.0446361416732,994.550516727905,824.9967740340693
5512,1,994.5317247944697,814.8384402042216,994.9969405062276,824.7921534373861
5513,1,994.9969320090206,814.6283650399923,994.5505187764625,824.5853035223208
5514,1,994.5399882695195,814.4144815574953,994.996651843424,824.372169865842
5515,1,994.9962615050467,814.2018910225612,994.5478874027275,824.1680069477517
5516,1,994.5452802963256,813.9951582641553,994.9997535371749,823.964777182745
5517,1,994.9984368686138,813.793273053501,994.5534176475245,823.760077792563
5518,1,994.5511186472294,813.598553060358,994.9999883486852,823.5543740149556
5519,1,994.9958748540034,813.3948492678194,994.5513803188478,823.3440747222937
5520,1,994.5463013565677,813.1873457425229,994.9937464007429,823.1345616613348
5521,1,994.9970876017717,812.979430413412,994.5584896161141,822.9333766544739
5522,1,994.5539012991142,812.7651275968449,994.9959283489405,822.7280735994552
5523,1,994.9974373187234,812.5638552393992,994.5525327093632,822.5158741171138
5524,1,994.5523199939217,812.3616716251556,994.9991129989462,822.3088727109847
5525,1,994.997915967556,812.1610078015905,994.5503403484479,822.1021424141753
5526,1,994.5532130499913,811.9629412787833,994.9917270557459,821.8957537857156
5527,1,994.9991981043897,811.7559525084392,994.5625616447899,821.6963071792095
5528,1,994.5510365426858,811.5525353935888,994.9909660931356,821.490486263046
5529,1,994.9924227607435,811.3561721252465,994.5617766725239,821.2832154760923
5530,1,994.5507344150952,811.1572965516242,994.9952611742465,821.0848752502958
5531,1,994.9973132070074,810.9590747525568,994.563443774335,820.8908481748338
5532,1,994.553849954892,810.7637322163171,994.9931734861373,820.6914197167622
5533,1,994.99657709243,810.5638621565774,994.5607718575682,820.4961468350706
5534,1,994.5546672063057,810.3743643388477,994.9946391496314,820.2948161152328
5535,1,994.9999641988903,810.1797991094659,994.5578657193064,820.0971281193948
5536,1,994.5525653678478,809.9867557633678,994.9958557479447,819.8987594574759
5537,1,994.9974616799857,809.7939542948424,994.5540841824807,819.7121502015151
5538,1,994.5586682521911,809.6021631319306,994.9898038171003,819.5195330717662
5539,1,994.9990713653118,809.4056956604597,994.5521601288723,819.3219455529864
5540,1,994.5550055973722,809.209079084827,994.9857921011661,819.128548477729
5541,1,994.9997611725065,809.0166748836987,994.5432224419575,818.9430282487415
5542,1,994.546340601052,808.8232419951098,994.9879979951343,818.7580602935955
5543,1,994.9973186658372,808.639489380095,994.5486094181744,818.5675717649793
5544,1,994.5511617656324,808.4497400704162,994.9953428691948,818.3836645805933
5545,1,994.9916046188458,808.2652144322827,994.5539712588967,818.1957596854421
5546,1,994.5640291624604,808.0845533193042,994.9975069493431,818.0082519385663
5547,1,994.995918332127,807.9000753071939,994.5459341819012,817.8277327010269
5548,1,994.5564342671163,807.7113335081884,994.9999760133146,817.646705885469
5549,1,994.9996824595936,807.5232815531206,994.5421472947772,817.4587361905783
5550,1,994.5544657882708,807.3353247898658,994.9931605180158,817.2675866885337
5551,1,994.9959215713529,807.1497051718338,994.5429377679741,817.077413136717
5552,1,994.566963269602,806.9497177139912,994.9927574536928,816.8851623312178
5553,1,994.9956139335762,806.7502060044019,994.5352638129978,816.6933756556832
5554,1,994.5648167759912,806.5562089017632,994.9979546738024,816.5025387770565
5555,1,994.9990379695164,806.361794199369,994.5416072163185,816.3167587609032
5556,1,994.5640876790233,806.1729810806423,994.9997549418566,816.1348350080264
5557,1,994.9982812087276,805.9798344484517,994.5500308807807,815.9562548757214
5558,1,994.565306942396,805.7861854212421,994.9957000161168,815.7714263143342
5559,1,994.9955803633973,805.5938950640503,994.5571243085495,815.5788104922713
5560,1,994.5590063786809,805.4014726701381,994.9992778257978,815.3863450717756
5561,1,994.9918339077451,805.2105059163554,994.5600976792567,815.1940930763352
5562,1,994.5519018706708,805.0184017002812,994.9988031236913,814.999441523306
5563,1,994.9907403273196,804.8211626938822,994.5571828470695,814.8082406535892
5564,1,994.5533647662647,804.6250531766402,994.9911506150568,814.6161140190247
5565,1,994.9936374267671,804.4289693475116,994.5583192391284,814.4282900496963
5566,1,994.546858319664,804.2416976931361,994.9922552077613,814.2337715583875
5567,1,994.995662994607,804.060716360402,994.5629871040377,814.0368782898472
5568,1,994.5427010302468,803.8689140747363,994.9859049110236,813.8422022647138
5569,1,994.990871445329,803.6805098232941,994.567114208454,813.6520902034264
5570,1,994.5557525350747,803.4841924580213,994.9952243927611,813.4596222473007
5571,1,994.9871726631833,803.2945126132615,994.5709110248598,813.259892522751
5572,1,994.5564208733837,803.0965998516024,994.99843224,813.072276791713
5573,1,994.985642549819,802.9017378830882,994.5738410480545,812.8818349773392
5574,1,994.5599753093682,802.7042336787133,994.9976973354516,812.6860012043643
5575,1,994.9905224862061,802.514089998116,994.5776122612626,812.4805344215283
5576,1,994.5665543014875,802.3110641504642,994.9991389746957,812.2803939010884
5577,1,994.9920198143695,802.1129111603086,994.5725301504194,812.0787035599794
5578,1,994.5652615771511,801.9092169640021,994.9973176271662,811.8765078449744
5579,1,994.9940511859226,801.7117791350784,994.579584102952,811.6799834614935
5580,1,994.5573173231196,801.5246035591726,994.9928018880485,811.4742498003063
5581,1,994.9932736711062,801.3192281263103,994.5783733083626,811.2740487871497
5582,1,994.5443081123495,801.1160550958879,994.984500733388,811.0700469755263
5583,1,994.9972196980473,800.9206171431991,994.5752660722407,810.8697504469148
5584,1,994.5384638351434,800.7232257805488,994.9845673936655,810.6765446762934
5585,1,994.9960255149114,800.5298169360562,994.5793555600172,810.4825720807854
5586,1,994.5370840850896,800.3426534402284,994.9776574985067,810.2897963593409
5587,1,994.9993999545892,800.1457762564764,994.5707093260877,810.1064220312157
5588,1,994.5363492839209,799.9531248770646,994.9896911131289,809.9161859295275
5589,1,994.9956744365152,799.7731100512218,994.5667380466296,809.7151550544784
5590,1,994.5367728360206,799.585869384906,994.9908542053315,809.5271153303501
5591,1,994.9863885151199,799.4042791161526,994.5680831821121,809.333515153852
5592,1,994.5349553195804,799.2145547644635,994.9913269787007,809.1452309460203
5593,1,994.9894972404165,799.023196977755,994.56591345265,808.9492912211597
5594,1,994.5331078153658,798.8259674302782,994.9942694380397,808.7573547433128
5595,1,994.9959406101208,798.6382368812646,994.5671553742048,808.5646796323443
5596,1,994.519070572041,798.4506746629263,994.9970677127912,808.3708544993534
5597,1,994.998328252853,798.2552317444906,994.568988076724,808.1770639015522
5598,1,994.509307947601,798.0554393066523,994.9989299117929,807.9926810693296
5599,1,994.9981857750519,797.8643245438891,994.5728210586041,807.7996307288856
5600,1,994.5102189545686,797.6611463389141,994.9987502945589,807.6121129527444
5601,1,994.9966582298005,797.4768976663574,994.5736458083235,807.4227740499991
5602,1,994.509711702426,797.2833633844051,994.9959314720797,807.2444727380346
5603,1,994.9998597748552,797.0889091942968,994.5770320666315,807.0535583070925
5604,1,994.5056091657498,796.8948940534492,994.9954553193938,806.860800777764
5605,1,994.999866461093,796.6970102612122,994.5800412944009,806.6553165413975
5606,1,994.5026826397046,796.4844815455155,994.9904682963657,806.4584586801698
5607,1,994.9914152493782,796.2804816246814,994.5779350603865,806.2557813872526
5608,1,994.5029235080452,796.0762775905214,994.9898574056255,806.0517812403523
5609,1,994.9996423631777,795.875773314946,994.5837057497441,805.8423071659887
5610,1,994.5005946617001,795.6735885680667,994.9902798736151,805.6385387980436
5611,1,994.9991192842382,795.4693893666781,994.5790041858996,805.4330607312329
5612,1,994.4940271401797,795.2600408226947,994.9886063941785,805.2272919887786
5613,1,994.9975217590639,795.0489047111531,994.586164768954,805.0083512597922
5614,1,994.5046522631051,794.8355955844537,994.9937974751215,804.7938650324804
5615,1,994.997909341323,794.6267955360519,994.586259077213,804.5730167177962
5616,1,994.5010121583783,794.408493828875,994.9946981800916,804.355422199199
5617,1,994.9958303333575,794.1917118884109,994.5880544322166,804.130194746186
5618,1,994.517902690125,793.9649424576255,994.998987951311,803.9130320105758
5619,1,994.9922063596966,793.746855713191,994.6033174565745,803.6887285934267
5620,1,994.516429496676,793.5221710574148,994.9994378628364,803.4683459184746
5621,1,994.9941103880374,793.3089404287249,994.5996891087868,803.2398457049272
5622,1,994.5224084979335,793.0906830774258,994.999005182111,803.0322221302433
5623,1,994.9975666837875,792.8867532189554,994.6037440143473,802.8122280567495
5624,1,994.5224204766045,792.6763155813778,994.9985216547459,802.6025989708254
5625,1,994.9968016710592,792.4708309780681,994.6075143477087,802.3878510490051
5626,1,994.5302208599437,792.2619781577542,994.9973958586235,802.1767007247867
5627,1,994.9958229241468,792.0522139327684,994.6199713508171,801.9653945055827
5628,1,994.5313852024141,791.8365322979555,994.9966532913252,801.7570950738119
5629,1,994.9945732151809,791.6315669497418,994.6285338772232,801.5392576633707
5630,1,994.5205274569279,791.4240223466909,994.9900222292824,801.3373158591697
5631,1,994.9886544436761,791.2316215706221,994.6235344396856,801.1247214161061
5632,1,994.5177918015054,791.0317070030069,994.9920255076763,800.924690365682
5633,1,994.997740118973,790.8473918352464,994.6192194614653,800.7274334397893
5634,1,994.5164125520383,790.6481099602807,994.9972826956366,800.5359691574151
5635,1,994.9986816913284,790.460838050757,994.6101517286944,800.3317368283776
5636,1,994.5113864543189,790.2647238733495,994.9988515632955,800.1391335876257
5637,1,994.996332585041,790.0713421827776,994.6068960466575,799.9414392710731
5638,1,994.5107553467831,789.8791010152518,994.9939139924002,799.7501288685795
5639,1,994.994229947712,789.6865617110653,994.605460636853,799.5568600422932
5640,1,994.5261114215185,789.4880743064455,994.9997603512124,799.3661385550247
5641,1,994.9952144413132,789.2957787375782,994.5974963139313,799.1668770747784
5642,1,994.5162464132916,789.0927517863603,994.9903085951761,798.9703011697623
5643,1,994.9937316843345,788.8970407368927,994.6121706693452,798.7719712724986
5644,1,994.5295443772712,788.7066799676766,994.9974694967673,798.5795556608127
5645,1,994.9970357810289,788.5182758643393,994.6016731777363,798.3819597357789
5646,1,994.5286633232315,788.3219038129841,994.9984947298584,798.2018848448378
5647,1,994.9955793355022,788.1337857529428,994.5952966942534,798.0087520106433
5648,1,994.5279028207808,787.9495937085933,994.9984693063726,797.8144123448476
5649,1,994.9941595185796,787.7621448935777,994.5951545270826,797.6209333961418
5650,1,994.5380154153473,787.5707215187064,994.9884002739684,797.4277682632093
5651,1,994.9975906804584,787.3770961040494,994.6153633156055,797.2350265649146
5652,1,994.5390831917913,787.1804581449844,994.9968873161179,797.0389206978814
5653,1,994.9955987196671,786.9883477317769,994.6080093775801,796.8370879580532
5654,1,994.5359536729753,786.7827607153248,994.9954847558481,796.6457691957876
5655,1,994.9969819769767,786.5816266095517,994.6121871184132,796.4484472580141
5656,1,994.5300499740961,786.3851637518084,994.9970239990612,796.2538808260502
5657,1,994.9961657845649,786.1942617110807,994.6027628821371,796.0584050295043
5658,1,994.5256099886481,786.0037741966074,994.996475561623,795.8648574846284
5659,1,994.9931734614395,785.8135532160135,994.6089735655127,795.663864841713
5660,1,994.53740704114,785.6181674963086,994.997827831753,795.4670506468984
5661,1,994.9998591769173,785.4258128156297,994.5981017457577,795.2695861773185
5662,1,994.531906966849,785.2258350768279,994.9926169051607,795.0763016206334
5663,1,994.9916888843783,785.0281074766187,994.5997335350887,794.8785285639302
5664,1,994.536208101495,784.8300175316656,994.9962835048332,794.6802143156216
5665,1,994.9953488732712,784.6274669365022,994.6061032215844,794.4743887634096
5666,1,994.536830956434,784.4184415744295,994.9990956588845,794.2709803291975
5667,1,994.9970127569716,784.2189475050023,994.5970125053709,794.0525330070831
5668,1,994.5348182137112,784.0083909214719,994.9904014592132,793.8385418964856
5669,1,994.9997775928293,783.7929294041005,994.6112931909817,793.6208108796602
5670,1,994.5328877069451,783.580059610237,994.9986794926282,793.3963476972133
5671,1,994.9934817672056,783.3712791815152,994.6078268677314,793.1798182761552
5672,1,994.5377400115959,783.1530511759238,994.9880943711407,792.9656081351164
5673,1,994.9916514719514,782.9356606433548,994.6264453376791,792.7581273234985
5674,1,994.5325776005836,782.7295160656905,994.9884024652581,792.5471483926444
5675,1,994.999715275498,782.5160011717978,994.6220166928503,792.330634862633
5676,1,994.5283134415729,782.3018435691213,994.9840294009468,792.1189881366062
5677,1,994.9942335575674,782.0928411001717,994.6125740835513,791.9028911710475
5678,1,994.5319420587414,781.8825568501285,994.9938353212087,791.687933991981
5679,1,994.993468624877,781.6730527218647,994.6157173506526,791.4723452609952
5680,1,994.5127828563323,781.4626568680977,994.9991252606494,791.265039202052
5681,1,994.9955075655125,781.260347650354,994.6082084138648,791.0525529479568
5682,1,994.5040613049513,781.0475330267591,994.9865539491036,790.8534809633892
5683,1,994.9865352576081,780.8416365392313,994.6255875203955,790.6389138443824
5684,1,994.5236936244214,780.6251877065417,994.9935819285153,790.4384881938943
5685,1,994.9884276963887,780.4246462873776,994.6142663042629,790.2237590278183
5686,1,994.5070565004584,780.2165901737117,994.9940892211339,790.0157882813722
5687,1,994.9960222861765,780.0133798556295,994.6084537507124,789.8079884155654
5688,1,994.5019658472737,779.7986299393334,994.995410001081,789.6018891539206
5689,1,994.9930706455907,779.5904224020146,994.612154128348,789.3841831948463
5690,1,994.5067681119982,779.3764492148567,994.997195633883,789.1805667804119
5691,1,994.9970247707154,779.1687126141915,994.6092039972598,788.9698258049098
5692,1,994.5022956323305,778.9553640920885,994.9969350470825,788.7679907903067
5693,1,994.9962423115093,778.755419625495,994.6095754691645,788.5525423183559
5694,1,994.4954196000649,778.5507894463516,994.9919474569156,788.34095742524
5695,1,994.9960257875182,778.3456730976994,994.6206347299933,788.1336629979886
5696,1,994.4966233695023,778.1439349073898,994.9959965568577,787.931668196734
5697,1,994.9950711001985,777.9552017896409,994.6130150980874,787.7294122441006
5698,1,994.4845346788758,777.7570327634878,994.9933927381826,787.5401004243448
5699,1,994.997351173115,777.5656988303144,994.6176836102196,787.3425284367179
5700,1,994.4753902799307,777.3667057727451,994.9954068486559,787.1481214150873
5701,1,994.9950107929207,777.1707335441373,994.6160122323963,786.9406688777328
5702,1,994.474969849861,776.9706365416389,994.9891962979199,786.7420493092217
5703,1,994.9951458776661,776.7774555034073,994.6266335705456,786.5366537788585
5704,1,994.4751378203918,776.5781966252247,994.9965752709153,786.342163446101
5705,1,994.9970324367345,776.38664967021,994.6188080522277,786.1362004358048
5706,1,994.4657717736218,776.1806745886901,994.9923642380429,785.9320282207891
5707,1,994.9943626869582,775.9818314040708,994.6208959491129,785.7276939037534
5708,1,994.4726342016874,775.7734774711769,994.9988213183169,785.5306873899151
5709,1,994.9899135901561,775.5764884068849,994.6128951760124,785.3264650776998
5710,1,994.4799784533656,775.3730821477486,994.9903964023925,785.1268727443596
5711,1,994.9914723550717,775.1768135406003,994.6235503062181,784.9157417395444
5712,1,994.4848272075868,774.9729595239015,994.9896465202178,784.7193587755161
5713,1,994.9919776928427,774.7779030602265,994.6311389798765,784.5162239767221
5714,1,994.4898446291033,774.5750713865764,994.9995951457471,784.31620468105
5715,1,994.9944915490679,774.3831383876761,994.6161681390317,784.1047981858604
5716,1,994.489679005572,774.1788085847345,994.9896202299657,783.9062078519138
5717,1,994.9948048828942,773.976753880031,994.6218696517664,783.7040441908324
5718,1,994.4909323004937,773.7737704028726,994.9934179249307,783.4981987658049
5719,1,994.9949271408266,773.571151783054,994.6296425287992,783.2934153605368
5720,1,994.4869767210974,773.3610990469444,994.9906336981196,783.0927418735566
5721,1,994.9986320978193,773.1607190037055,994.6347591268001,782.8883588142553
5722,1,994.4724335461271,772.9552793981345,994.9935360908919,782.6990953020951
5723,1,994.9984110349317,772.7480846783648,994.6278323835229,782.5015466485427
5724,1,994.460671607596,772.5390288782852,994.9889332965918,782.3058628999466
5725,1,994.9886965226078,772.3406364809882,994.6436772455364,782.0964967109442
5726,1,994.4821553271602,772.1272635220561,994.994480698092,781.902319238364
5727,1,994.9957052856804,771.9165471860025,994.6329808355882,781.6951312493302
5728,1,994.4820078121302,771.7017279820254,994.998160221368,781.4836624598237
5729,1,994.9984297720446,771.4916694845297,994.6276630237288,781.2684304498263
5730,1,994.4693550845826,771.2821233013236,994.9892970620742,781.0687122729804
5731,1,994.9818918635749,771.0858009709299,994.6396435912409,780.865611489288
5732,1,994.5010755418433,770.8718869348298,994.991945638484,780.6687502768938
5733,1,994.9897947195818,770.6658387162609,994.6344585931504,780.4584127028515
5734,1,994.4978784079706,770.4579569841336,994.9983014826428,780.2557177722122
5735,1,994.9976336299491,770.2596372481688,994.6314378470894,780.0424066941567
5736,1,994.4817536663232,770.0529752902438,994.9889261322083,779.8366134823171
5737,1,994.9900847902173,769.8516063628907,994.6428951806993,779.6265634463782
5738,1,994.4921663361032,769.6484393010553,994.9976746456377,779.4255243734931
5739,1,994.9977774368117,769.4558979217646,994.6311458424383,779.2162211656123
5740,1,994.4819760187537,769.250298398381,994.9873762600937,779.0159949064843
5741,1,994.992310698505,769.0482489244948,994.6487373320683,778.8048806267494
5742,1,994.488403245696,768.8370878130524,994.999348695829,778.5995473890499
5743,1,994.9986279475661,768.6369330167573,994.6348988224298,778.3897274046369
5744,1,994.4795729465594,768.431518578031,994.9939924103033,778.1841891720999
5745,1,994.988564196234,768.2272855493388,994.6404885787658,777.9740472174839
5746,1,994.492212058544,768.0152758347405,994.995356425356,777.776241408724
5747,1,994.997848957181,767.8134308177259,994.6287601782319,777.5727686806279
5748,1,994.4837577204662,767.6077397669499,994.9941764663888,777.3757008722267
5749,1,994.9914658295764,767.4030021324379,994.6327200880041,777.1648701549763
5750,1,994.4911573139665,767.1933510514974,994.9839677214462,776.963019148349
5751,1,994.9993284094224,766.9877290061867,994.6569589074045,776.7486083256882
5752,1,994.4841248878745,766.7644329305004,994.9855848480844,776.5314676899204
5753,1,994.9901171977001,766.5495604445164,994.643402225573,776.3098774025407
5754,1,994.4976443773354,766.3220059042413,994.9959738418825,776.0932947743994
5755,1,994.9928008880721,766.0992564662766,994.643105103053,775.8712100495069
5756,1,994.4980017834229,765.8725453658907,994.9982586609931,775.6525982832347
5757,1,994.9956076308608,765.6560250954857,994.628372557958,775.4275435964706
5758,1,994.4986777219806,765.4342523406184,994.998014359917,775.2115778781837
5759,1,994.9963375616652,765.2278821306379,994.6206358817816,774.9873661171313
5760,1,994.4908466744387,765.0113794331852,994.9862110112961,774.7772789794091
5761,1,994.9929047408244,764.79634840148,994.6347438644642,774.5598513514277
5762,1,994.4889613169538,764.5710267871865,994.9936784773238,774.3435739008178
5763,1,994.9981575892223,764.3495231851377,994.621765119138,774.1120243565005
5764,1,994.4915005623807,764.1207704446209,994.9989670049035,773.8792084042179
5765,1,994.9801213164754,763.889571280663,994.6199273524259,773.6513394534369
5766,1,994.5169173362372,763.6595671991813,994.994832057336,773.4299181404032
5767,1,994.990101566228,763.4396501552246,994.6247927602902,773.2017344301755
5768,1,994.5160128937786,763.2165187091116,994.9880251307579,772.9779295113389
5769,1,994.9967840210876,762.9878169862945,994.6405403147218,772.7604710417269
5770,1,994.517556147171,762.7587574783215,994.9922378486996,772.5433117658962
5771,1,994.9922674513299,762.5432748202941,994.655483976055,772.3200882430955
5772,1,994.5265427856597,762.3241505223409,994.9889943723042,772.1004296508286
5773,1,994.9961035536062,762.1061349809978,994.6437833456243,771.8784570408912
5774,1,994.533552960632,761.8782221208696,994.9939525910942,771.659812661995
5775,1,994.9957484033271,761.6562884282955,994.6504883837281,771.4375834908936
5776,1,994.5327679313548,761.441506429153,994.9967616048846,771.2263057222397
5777,1,994.9999784599257,761.2283168927864,994.6530232357628,771.011394799075
5778,1,994.5231286289694,761.0098932616969,994.9934514488876,770.8029441305207
5779,1,994.9970106047507,760.7993073592977,994.6522137657664,770.5862232171827
5780,1,994.5175967865952,760.5895532326391,994.9995879270894,770.3840567867487
5781,1,994.993704796435,760.3853064059047,994.6400142748324,770.1719597611134
5782,1,994.5166308255147,760.1612857167547,994.9986439982503,769.9640857511454
5783,1,994.9969399404862,759.9502899751865,994.6340478761834,769.7448009567603
5784,1,994.5014865023093,759.7298348853697,994.9921835791621,769.5338274627655
5785,1,994.9996238370386,759.5157886476283,994.6500637888536,769.323270391054
5786,1,994.4876627635181,759.2990269479124,994.996630699806,769.1112793143459
5787,1,994.9874033267716,759.0905225439648,994.6469071273053,768.8928902618338
5788,1,994.4994584063559,758.879649735977,994.9932992015987,768.6788559399328
5789,1,994.9942210662839,758.6746095819739,994.6549161839932,768.4605261700177
5790,1,994.4935915879462,758.4581992391903,994.996851285552,768.2463935631695
5791,1,994.999806722392,758.2501893094243,994.6524425732666,768.0266397828522
5792,1,994.4789306866415,758.0314368827449,994.9958007838371,767.8088754528576
5793,1,994.9823837680252,757.8175029065325,994.6419366349293,767.5855709459908
5794,1,994.5107228654267,757.5998195107825,994.9965582170447,767.3601684771982
5795,1,994.9939057068174,757.3867532328597,994.6467377376563,767.1375854617555
5796,1,994.501551884798,757.1644419952461,994.9949210605737,766.9247510408755
5797,1,994.9926379423756,756.9462007038321,994.6472129014368,766.6931372739847
5798,1,994.5029961495795,756.7230748173959,994.9993282286235,766.4694900763731
5799,1,994.991427144755,756.5104664760258,994.6389511514286,766.246985849769
5800,1,994.5116328631508,756.2936376931675,994.9947340392275,766.0398947698254
5801,1,994.9968113893523,756.0848468348654,994.6391465389017,765.8325495595992
5802,1,994.5022411513878,755.8737142409863,994.9920798349779,765.6232367525181
5803,1,994.9834257463194,755.669854882204,994.6435169984288,765.4123108613215
5804,1,994.5215832394834,755.450282734015,994.9955179174884,765.2051132445106
5805,1,994.9932000438521,755.237128636941,994.6520873856489,764.9840854428492
5806,1,994.5172878637734,755.0161481030887,994.9916222505642,764.7673053439177
5807,1,994.9945239628439,754.8015388807331,994.65308175877,764.5388276726626
5808,1,994.5218316572641,754.5768558823418,994.9963411727421,764.3312259969639
5809,1,994.9975436396581,754.3703914598993,994.647847039394,764.1178283176708
5810,1,994.5181378753151,754.1491210177036,994.9874901747496,763.9106679312938
5811,1,994.9969500142822,753.9384801633603,994.6656058740741,763.6959745884047
5812,1,994.5207126630074,753.7168994163258,994.9951955258994,763.4911251802952
5813,1,994.988033324426,753.5117813608449,994.6514613846897,763.2758884194832
5814,1,994.5345030401822,753.2993944646822,994.9920502829358,763.0634121708277
5815,1,994.9994483465578,753.0887227233885,994.6584146708364,762.8585784787384
5816,1,994.5246179290854,752.8789591269882,994.9910552561532,762.6623493526397
5817,1,994.991664259803,752.6780516118033,994.6686652428683,762.4705973498825
5818,1,994.5304205204212,752.4738517766575,994.9919404016217,762.2738084514419
5819,1,994.9926602587007,752.2687699808029,994.6748956092684,762.0667382302769
5820,1,994.5256023651367,752.0493610025654,994.9973596517143,761.8594096829514
5821,1,994.9940866256986,751.82942145627,994.6671290510773,761.6389217823253
5822,1,994.530431721992,751.6120956241982,994.9959940385899,761.4194623402205
5823,1,994.9989694393748,751.4084132290321,994.669181377414,761.1991655538737
5824,1,994.5277844473414,751.1936234099937,994.9964560746708,760.9874345824439
5825,1,994.9963256510798,750.9826737620767,994.6734544571651,760.7756944459499
5826,1,994.5311223585917,750.7681284831311,994.9926253563877,760.5677316816747
5827,1,994.9978783920861,750.5624554626407,994.6854420116787,760.3514310011585
5828,1,994.5263125724109,750.3448359028416,994.9907814184005,760.1447350712313
5829,1,994.9952425121946,750.1344899365363,994.7038893108036,759.9330667959063
5830,1,994.5297027921807,749.9211306125829,994.9989044729292,759.7258514132066
5831,1,994.9993565854408,749.7097615716526,994.6901822929725,759.5169677571137
5832,1,994.5232936839056,749.4998861454973,994.989098010435,759.3107514504154
5833,1,994.987219716983,749.2934662741266,994.6978093644592,759.0988914578745
5834,1,994.5449407467767,749.0802611421177,994.9896744876359,758.8985158415272
5835,1,994.9917686384035,748.8733455127499,994.690459215205,758.6937930948044
5836,1,994.5355083537218,748.6730081722573,994.9988806898498,758.4931330642974
5837,1,994.9936296555819,748.4768442342477,994.6872148583717,758.2934910870209
5838,1,994.5339803530093,748.2686238626014,994.9978544322056,758.1055352674969
5839,1,994.998620241789,748.0743928570569,994.684164647596,757.9035793868452
5840,1,994.5227341155825,747.8704281963309,994.9892884368394,757.7070388111172
5841,1,994.9978832811017,747.6774507059184,994.6959586497331,757.499040397919
5842,1,994.5290142363988,747.4788265731908,994.9890813588426,757.2993098116284
5843,1,994.9965302558236,747.2737566868558,994.6855292981884,757.0956241817747
5844,1,994.5310241530273,747.070615074522,994.9992455199913,756.8881248053984
5845,1,994.9981972308449,746.8658153619698,994.6749381494392,756.6896627489303
5846,1,994.5187120152366,746.6619139011473,994.9894560926725,756.4961346219806
5847,1,994.9948198215187,746.4659373343821,994.6803880053407,756.2920110192138
5848,1,994.5175189849072,746.2636362892116,994.993790188529,756.1013754088972
5849,1,994.9893335163187,746.0708778918273,994.6668805814676,755.8984210084003
5850,1,994.5330998073414,745.8678814376235,994.9956315589237,755.7021330755895
5851,1,994.9929858646067,745.6717969443148,994.667225671721,755.5044683915378
5852,1,994.5311508685403,745.4731871301386,994.9830577926896,755.3093243965415
5853,1,994.9965417558905,745.2846448723036,994.7013747695429,755.1148022395631
5854,1,994.5258255615935,745.0887412501966,994.9900609886403,754.9252045709146
5855,1,994.9961030539812,744.903531393232,994.699583906972,754.7356240411067
5856,1,994.5246211114296,744.7073174882615,994.9984592360317,754.5463080879315
5857,1,994.9957554177511,744.5253387203929,994.6946055463903,754.3501000609104
5858,1,994.5197236422059,744.3317072843664,994.9985596956748,754.1683377637007
5859,1,994.9982163844603,744.1505934743172,994.6843671755053,753.981587494251
5860,1,994.5109793980882,743.9664050370114,994.9976593323833,753.8029034170152
5861,1,994.9971123869494,743.7869595249031,994.6802070957209,753.6254755611724
5862,1,994.5176131520486,743.6080383408373,994.9989322304392,753.4523135010678
5863,1,994.992865578203,743.4324880862163,994.673921821282,753.2771469636336
5864,1,994.5237420062908,743.2590493257122,994.9913109191459,753.1087421940938
5865,1,994.994622189497,743.0832950318726,994.6862080171554,752.9429422632489
5866,1,994.5144827885398,742.9062439307546,994.9971011984774,752.7631619778376
5867,1,994.9957246301182,742.7307882501442,994.6861937853823,752.5855076138042
5868,1,994.5103810476649,742.5467307967166,994.9942183334338,752.4137809078774
5869,1,994.9957208196371,742.3756046817199,994.6900686530304,752.223734603864
5870,1,994.5027576217963,742.2009912145279,994.9979006686501,752.0448075737845
5871,1,994.9944553266586,742.0237116214305,994.6871574615054,751.8669343779216
5872,1,994.5122945946441,741.8421457653883,994.9975451190489,751.7020733351704
5873,1,994.9990008305858,741.6707252631742,994.6729084182583,751.5216206253025
5874,1,994.5023752295176,741.4836465070896,994.9978154978826,751.3497227161149
5875,1,994.9933428743924,741.3122772266489,994.6737566695311,751.1617045379146
5876,1,994.5050268825584,741.1197809917206,994.9935232520793,750.9891370005023
5877,1,994.9901607755802,740.9415447415689,994.6863324376244,750.797468486285
5878,1,994.5237769003354,740.7549215268638,994.997513835114,750.6154682980871
5879,1,994.9948106973073,740.573892761329,994.6782491801941,750.4279455147007
5880,1,994.5126289287533,740.3807537944014,994.9949863165596,750.246327724778
5881,1,994.9948773219012,740.2012277165194,994.6830206569472,750.0581387037938
5882,1,994.508788550267,740.0071265084783,994.9992402973047,749.8749321458047
5883,1,994.9962289448704,739.8259569431472,994.6738116095802,749.6788520714755
5884,1,994.5052545523913,739.6271775943346,994.9871480423194,749.4959679707857
5885,1,994.9979100276565,739.4334373061041,994.6947969099768,749.2974772739663
5886,1,994.5075387314947,739.2366624941315,994.9875961505679,749.1059386267885
5887,1,994.9998883491374,739.0507109688857,994.6887629706649,748.903478334012
5888,1,994.4986058440908,738.8520048771214,994.99315810908,748.7124407266774
5889,1,994.9962505190821,738.6598026066536,994.6843467529425,748.5201671809407
5890,1,994.5032331260572,738.4581022080744,994.9909921014528,748.3363331000841
5891,1,994.9949567367094,738.2701607073097,994.6770434171276,748.1430290414587
5892,1,994.5005403256532,738.0810151068237,994.9939875511632,747.9681638374448
5893,1,994.9994523499481,737.9024106732489,994.6696797727852,747.7863543260503
5894,1,994.4968505479212,737.7168407285192,994.9988393949046,747.6068532210154
5895,1,994.9946245956169,737.5510970563485,994.6738348586838,747.4163142044546
5896,1,994.4935702510173,737.3649373479373,994.9963953575043,747.2374877511969
5897,1,994.9890271055647,737.1910926192702,994.669862612707,747.0461381453806
5898,1,994.5095268193041,737.0042196124255,994.9970005639327,746.8686400260735
5899,1,994.9921289295773,736.8249026521602,994.6788851089931,746.6819306502325
5900,1,994.5016895617205,736.6397705746763,994.9966942812064,746.506838748941
5901,1,994.9941207507857,736.4723885467898,994.681730074028,746.3304172636493
5902,1,994.5067336418558,736.297999634407,994.9980968108734,746.1623491606949
5903,1,994.9978542773631,736.1241807655061,994.68138357239,745.9884999213067
5904,1,994.5036674644263,735.9413640418111,994.995188449298,745.816962614597
5905,1,994.9932762109686,735.7664473338355,994.6851686798857,745.6354705716385
5906,1,994.5122207204487,735.5847600419694,994.9971802523997,745.4570530063949
5907,1,994.9976808499387,735.4080657625258,994.6768017860488,745.2571919221166
5908,1,994.5052520777468,735.219995813259,994.9949898476633,745.0714920134039
5909,1,994.9893745444058,735.0312445627598,994.6865851882081,744.8842995408756
5910,1,994.5232332374883,734.8307440442836,994.9967315809379,744.7023986529316
5911,1,994.9930545714657,734.6496873633115,994.6825376974062,744.5047163126619
5912,1,994.5177843556964,734.4588157044119,994.9916587628227,744.3219276570152
5913,1,994.9999944258121,734.2735215578186,994.7062800213486,744.1296658103853
5914,1,994.5173570869297,734.079739095279,994.9983727257148,743.9431572715271
5915,1,994.9898223054308,733.8925478236054,994.7069747403684,743.7535747379674
5916,1,994.540539992497,733.7022048388288,994.9996337917792,743.5778506814039
5917,1,994.9948687983805,733.524677158634,994.7021501292716,743.3943333750859
5918,1,994.5421840300862,733.3372691833956,994.993250362314,743.216008564174
5919,1,994.9907934578107,733.1573366426755,994.7056130469367,743.0343260568328
5920,1,994.5342231241742,732.9760990840143,994.9895130805808,742.8577501568099
5921,1,994.996259994971,732.7994517425701,994.6951033252708,742.6764759829613
5922,1,994.5278941793454,732.6246807031641,994.9884843111989,742.4970830448192
5923,1,994.9931668712242,732.4430054237638,994.691050642601,742.3163995003255
5924,1,994.5360411687149,732.2609209177064,994.9949859189696,742.146670702253
5925,1,994.9993479683943,732.0909020155583,994.6918713072309,741.9735274305306
5926,1,994.5334673814115,731.9079233712738,994.996913253639,741.8055284871432
5927,1,994.9922353183086,731.7397708928492,994.6754383918988,741.6270529525528
5928,1,994.5382679679911,731.5629966289823,994.9989751780199,741.4503277754845
5929,1,994.9934470880431,731.3962803302517,994.6715394405945,741.2642101886951
5930,1,994.5383012635264,731.2251115257802,994.9989254249965,741.0920641482339
5931,1,994.9969078611706,731.0521968655818,994.665931936539,740.9272199903033
5932,1,994.544009158726,730.8788931616389,994.9992567825856,740.7615133957814
5933,1,994.9952569961233,730.7061949189513,994.6536913470771,740.5963446370992
5934,1,994.539579529376,730.5398701405051,994.9988137061791,740.4359353219791
5935,1,994.9991557936381,730.3794853663198,994.6510099783223,740.2755033976205
5936,1,994.5376929015976,730.2129705590564,994.9996793816093,740.1139449315692
5937,1,994.9912842252547,730.0501786758634,994.6501840079621,739.9519010387911
5938,1,994.5538020783787,729.8859769760851,994.9996514085151,739.7918511540804
5939,1,994.9952283520853,729.7210076086114,994.6488743523593,739.6285107593111
5940,1,994.5459943057647,729.5531924619423,994.9941875366316,739.4597932205676
5941,1,994.9949393086189,729.391633909374,994.6559338564708,739.2935462677441
5942,1,994.5425342922813,729.22371768909,994.9883455250907,739.1248979552967
5943,1,994.9955038110958,729.0609751855195,994.653518550893,738.9622282894334
5944,1,994.5416176653976,728.9041663971801,994.9986664193804,738.7940301334452
5945,1,994.997353534549,728.746324039966,994.6516123150762,738.6245876936488
5946,1,994.5405649681773,728.5747620286046,994.9984753580189,738.4685097165444
5947,1,994.9979964650204,728.4166851565673,994.6490197899959,738.2990168215492
5948,1,994.5405698305889,728.2508485292295,994.9994757430376,738.1352177112853
5949,1,994.9979135651771,728.0960234802374,994.6469074677029,737.971266128112
5950,1,994.5371852383523,727.9351256922013,994.9974496244049,737.8114847641194
5951,1,994.9959032320362,727.7709531317005,994.6412613747636,737.6523314262649
5952,1,994.5377239673755,727.6096764983361,994.9978870428142,737.490136900388
5953,1,994.998495461241,727.4482546413307,994.6455248352337,737.3266863678443
5954,1,994.5400059738738,727.2822788912226,994.9956914564132,737.1677229548293
5955,1,994.9967115072748,727.1265742060273,994.6453031488726,736.9971478713878
5956,1,994.5385855887055,726.9754724377258,994.9991712690081,736.8362174404363
5957,1,994.9948342094971,726.8256431443713,994.6368766582231,736.6753582019376
5958,1,994.5397506133543,726.665973168977,994.9897883849073,736.5195582417189
5959,1,994.9981837928341,726.5098975728041,994.6535176056117,736.3634472770019
5960,1,994.5408588879312,726.3488353502657,994.9904536451156,736.21207756914
5961,1,994.9950196999721,726.1930848057987,994.6476876810227,736.0549126652701
5962,1,994.5458105664328,726.0391390619865,994.9963215940601,735.9024820449571
5963,1,994.997253832395,725.881548907439,994.6477060412366,735.7453811772081
5964,1,994.5493770658996,725.7192968067209,994.9975937385778,735.581682081866
5965,1,994.9998124836895,725.5590767927041,994.6490783630192,735.4181274880592
5966,1,994.5483726867095,725.3949300527861,994.9992461457331,735.265442840134
5967,1,994.9910485074064,725.2413269714987,994.6440198090045,735.1038207651408
5968,1,994.5560540728502,725.0831963106609,994.9887737784221,734.9491333441706
5969,1,994.9988740339469,724.912123514172,994.6623098388974,734.7912048045599
5970,1,994.5514716200092,724.7451885339335,994.9943151249059,734.6305268423986
5971,1,994.990537335091,724.5787975241655,994.6470204273154,734.4707795883105
5972,1,994.5693440111112,724.4037993220234,994.9969245723174,734.3138302123201
5973,1,994.9983146652203,724.2435137391275,994.6459241811556,734.137193407414
5974,1,994.5630983033135,724.0773174065883,994.9943027624577,733.9789043050225
5975,1,994.9955535257994,723.9139694059644,994.661105875388,733.8157402572655
5976,1,994.551206325525,723.7454715697538,994.9931162650887,733.6563553437278
5977,1,994.9973895746882,723.5888055981027,994.6566274790356,733.4899701997462
5978,1,994.5543718538541,723.4301507298655,994.9993955699003,733.3326005251913
5979,1,994.9968465077254,723.2824702729666,994.6490524915629,733.1730930529927
5980,1,994.5427949329245,723.1327503517105,994.997306889389,733.0166131610138
5981,1,994.9963459452067,722.9832062935521,994.6548690228421,732.8621965216577
5982,1,994.5452578604361,722.8305219357431,994.9969195036964,732.7150083235672
5983,1,994.9904764433398,722.6811860792518,994.659464848839,732.5621439697002
5984,1,994.5415564062733,722.5308501695704,994.994121248687,732.416477150802
5985,1,994.9866121568328,722.3918568506717,994.6680984857219,732.2591351230924
5986,1,994.5409558127208,722.2449546797116,994.9938931921764,732.1161625405384
5987,1,994.9885101790444,722.1017057024385,994.6596544279754,731.9737638515059
5988,1,994.5389153317942,721.958557975964,994.9950922152934,731.8360997153567
5989,1,994.9854270533708,721.819536335085,994.6590196685739,731.6941040931698
5990,1,994.5270133851635,721.6822517380928,994.9959112682147,731.5570278939416
5991,1,994.9966691435535,721.5458788633804,994.6579546350482,731.4145545969136
5992,1,994.5187806540639,721.4001693541478,994.9991743439105,731.2773668707805
5993,1,994.9996345928085,721.2565655614023,994.6496105340435,731.1268302719652
5994,1,994.5065159123902,721.107280493529,994.9971814231504,730.9823218755324
5995,1,994.9910738586167,720.9599133582497,994.6505571178593,730.8341115223767
5996,1,994.5197686789292,720.8114980081996,994.9920511272397,730.6841118392795
5997,1,994.9975179997069,720.665056533169,994.6681516389915,730.5211115763811
5998,1,994.5121559909677,720.5031866984594,994.9980359423412,730.3712137341236
5999,1,994.9949261081387,720.3470519621554,994.6601706578184,730.2121444886885
6000,1,994.5089172287697,720.1836171946596,994.993042503469,730.0561118882786
6001,1,994.9972801147317,720.0314469980095,994.6680872840898,729.8949741786352
6002,1,994.5013712891766,719.8708767362624,994.9916001253043,729.7397599948495
6003,1,994.9968599434937,719.7137129295882,994.6636693421473,729.5713289231409
6004,1,994.496465580872,719.5487533010642,994.9985444146033,729.4084859587107
6005,1,994.9928386430959,719.387520608342,994.6527385909897,729.2394785119592
6006,1,994.5001093477805,719.223577492455,994.9974630234536,729.0810051034834
6007,1,994.9948249484634,719.0667724728871,994.651545971326,728.9138055382132
6008,1,994.4939372053177,718.8955630582223,994.99107655426,728.7503012850538
6009,1,994.9901837088473,718.7286988810857,994.6620659127784,728.5787915022889
6010,1,994.4885809093145,718.5557109558562,994.9973408074613,728.4147708768487
6011,1,994.9973755325918,718.3932133712013,994.6547361461894,728.240461639081
6012,1,994.485469077129,718.2118115865698,994.9962899655727,728.0704144335299
6013,1,994.9971186797374,718.0388806394645,994.6482931449297,727.8939441609841
6014,1,994.4841448316936,717.8682097820563,994.9990392163495,727.7233929284614
6015,1,994.9982414140004,717.7041519845848,994.642721824104,727.5523615011599
6016,1,994.4829828251917,717.5428406613757,994.9992283202346,727.3921867882472
6017,1,994.9969611379439,717.3845462417927,994.6322639463278,727.226903502301
6018,1,994.4770795702943,717.2266889471517,994.9939061838231,727.0770947120856
6019,1,994.9896333988345,717.0818332850978,994.6390625467119,726.9265529047011
6020,1,994.4881813755045,716.9275811685466,994.9956439640794,726.7848221237847
6021,1,994.9995101576407,716.7871492794294,994.6283561686265,726.6293633650481
6022,1,994.4853945081161,716.6363589850977,994.9960366661737,726.4854393898604
6023,1,994.9931248379161,716.4959851994371,994.6263063987717,726.342948346275
6024,1,994.4873486002662,716.3498453298081,994.988686841054,726.2044817363285
6025,1,994.9870864991569,716.2219089152761,994.6457858694239,726.0638673825614
6026,1,994.4863934683116,716.0785186556807,994.994180491541,725.9390666756334
6027,1,994.9960519417679,715.9506368452669,994.6451834315194,725.7988585935775
6028,1,994.4757655212325,715.8175767044505,994.9983946137137,725.6731966989321
6029,1,994.9958042209016,715.6974381956722,994.6434468511266,725.5441147103024
6030,1,994.4650128565468,715.5735706692923,994.9876926325162,725.4152335009618
6031,1,994.9953597985567,715.4475969156474,994.6638789219957,725.2793772922931
6032,1,994.4705233675318,715.3152569520107,994.9973960569495,725.1472335464673
6033,1,994.9985002797721,715.1977295479669,994.6569811257001,725.0062709462871
6034,1,994.4637751577387,715.0599213779574,994.9992043973184,724.8827371795378
6035,1,994.9977440360345,714.9332992065215,994.64934590759,724.7466364333421
6036,1,994.4564504744183,714.795848368881,994.9842237897838,724.625031300588
6037,1,994.996253593567,714.6701242385211,994.6748668196622,724.4948120344411
6038,1,994.4494956868618,714.5411539893502,994.9961019432034,724.3713452291282
6039,1,994.9980154449428,714.4274057594297,994.6634791572139,724.2356873496914
6040,1,994.4435074268689,714.3085486725804,994.9986674414912,724.1256999616768
6041,1,994.9882415687342,714.1989579844014,994.6575904549384,724.0112748798409
6042,1,994.457591356336,714.0833496930027,994.9922432558675,723.9016482194895
6043,1,994.9917700940478,713.9820797503392,994.6691144515663,723.7886283447889
6044,1,994.4568636519541,713.8688760802524,994.9926020361073,723.6919209459916
6045,1,994.99922766637,713.7651213021372,994.669133187743,723.5865611637755
6046,1,994.4500337220942,713.6546963597239,994.9978531305809,723.4843735623347
6047,1,994.9931520034322,713.5555631474181,994.6575172430668,723.3753582137248
6048,1,994.4487276788578,713.4435752588147,994.9876370634795,723.282071738903
6049,1,994.9988606938834,713.3433236038353,994.6812446992619,723.1745473953596
6050,1,994.4495988358317,713.2322508559506,994.9961014794266,723.074000995368
6051,1,994.990995822267,713.1296904279505,994.6782803980371,722.9616403665249
6052,1,994.4662472901749,713.0170304036667,994.9899648587602,722.8606978538082
6053,1,994.9965490434091,712.9086627217188,994.6853413459075,722.750471910834
6054,1,994.455981665708,712.7966328836596,994.9895217571672,722.6441312313689
6055,1,994.9951680136169,712.6922104238942,994.6822852628941,722.5337587571955
6056,1,994.458617940031,712.5787861437126,994.9981361056695,722.4286737484833
6057,1,994.9950472025736,712.4720880559116,994.6732591616508,722.3100920153737
6058,1,994.4563681406494,712.3602299747796,994.9948235835286,722.1964906891586
6059,1,994.9928318036319,712.2525996654194,994.6786703942665,722.0888976220283
6060,1,994.4665839796742,712.1381515605626,994.9978203782503,721.9810960330274
6061,1,994.9969222738018,712.0295502917319,994.6783196150474,721.8719578445325
6062,1,994.4502077934144,711.9048652020728,994.9929232077496,721.7649864001977
6063,1,994.9999440180176,711.7909390800974,994.6867075788894,721.6459944978769
6064,1,994.4506795464902,711.6673930890852,994.9984020069395,721.538353683111
6065,1,994.9924267253334,711.5541579784634,994.6908481915901,721.4110340837485
6066,1,994.4606371026892,711.4229855844343,994.9984722278234,721.3009616657639
6067,1,994.9923813919013,711.3073489906695,994.6840224124677,721.1778004585491
6068,1,994.4576101214234,711.1819162048994,994.9984364301606,721.0609129411356
6069,1,994.995932677772,711.0625239484075,994.6763196848474,720.9394108740526
6070,1,994.4512220920303,710.9353879033083,994.9943181129652,720.8186369738318
6071,1,994.9949144990516,710.8161566788561,994.6843510099264,720.6783746437177
6072,1,994.4368010560729,710.683679477349,994.9951960003847,720.5568014256885
6073,1,994.996820954986,710.561217350446,994.6789800677245,720.428980047475
6074,1,994.4327705333978,710.4282698450436,994.9961861540896,720.3126289218729
6075,1,994.9897881619032,710.3128477464103,994.6740428670985,720.1824570558307
6076,1,994.4302515535393,710.1828444450265,994.9994054675572,720.065539689074
6077,1,994.9955820328437,710.0655174190522,994.6637049276986,719.9333086489712
6078,1,994.420218470399,709.9414735783255,994.9882556257904,719.824396254197
6079,1,994.9951164922034,709.8346658458626,994.6802055647266,719.7038795069064
6080,1,994.4210649826412,709.7135553330751,994.9879858503837,719.5890463085394
6081,1,994.9956611114294,709.6071749892891,994.6745504568576,719.4666642102497
6082,1,994.4137294836192,709.486202769148,994.9957125944684,719.3604084592171
6083,1,994.9993818634189,709.377284372838,994.6703464618827,719.2460134254359
6084,1,994.406849411287,709.2597360530757,994.9999251766893,719.1362600306123
6085,1,994.9979875525726,709.1580255248831,994.6670454238115,719.0188752927436
6086,1,994.4019838957785,709.03877731967,994.9957388537315,718.9090097404087
6087,1,994.9958852290597,708.9306287918511,994.6659839824773,718.7900177521881
6088,1,994.3898621923547,708.8040898042229,994.9961318293389,718.6827634304085
6089,1,994.9896706857716,708.6807429772523,994.6627666576725,718.5564424725615
6090,1,994.4023986487019,708.5527755898543,994.9963333220211,718.4326954597859
6091,1,994.9889188872074,708.4370782257658,994.6641762810381,718.2938248997428
6092,1,994.3932369437803,708.3045570781163,994.996727594718,718.1786969855098
6093,1,994.9937816050087,708.1841390606679,994.6568015713157,718.0424784221951
6094,1,994.3843658808134,708.0485395652055,994.9963543636143,717.9273884878554
6095,1,994.9982279366732,707.9312367931136,994.6531312701909,717.7961628837759
6096,1,994.3790452620484,707.7920960582604,994.9918790462073,717.6741790079822
6097,1,994.9952365140455,707.674351654503,994.6615621937144,717.5339131144032
6098,1,994.3765163008758,707.5309853092297,994.9875074422878,717.4141311338446
6099,1,994.9964819011552,707.4041395744104,994.657494226428,717.272740258128
6100,1,994.3704092073696,707.260591654761,994.9936908092847,717.1500614006691
6101,1,994.9920307099258,707.1372944930845,994.6492014369213,717.0061355208779
6102,1,994.3849516335567,706.9927738893709,994.998145462366,716.8803782006353
6103,1,994.9922809150601,706.8561392370354,994.6438355973792,716.7378057388632
6104,1,994.3831033729816,706.7119653817097,994.9967234071815,716.6037467921657
6105,1,994.9953946000877,706.5833719119435,994.6405609221421,716.46130468082
6106,1,994.3797174032579,706.4474893239488,994.9983732752152,716.3361823861192
6107,1,994.9976545416766,706.3250384486531,994.6355550393927,716.1930348361393
6108,1,994.3768276646157,706.1855042516061,994.9997863703902,716.0714324443946
6109,1,994.9994919309668,706.0633472949872,994.6330483491961,715.9361869135038
6110,1,994.3724235585146,705.9308031641414,994.9979116943731,715.8105316531953
6111,1,994.9870659461311,705.8144632252415,994.6375329155405,715.6778410168902
6112,1,994.3963580636421,705.6873021587263,994.9916800264369,715.5576118282596
6113,1,994.9892484806691,705.5742694975007,994.6458235314002,715.4335413773359
6114,1,994.3890087217649,705.4539952522993,994.9959092330496,715.3127926480959
6115,1,994.995881353108,705.3395554001775,994.6315246440905,715.1904560410679
6116,1,994.3778285855384,705.2192321023094,994.9922258742633,715.0766147444266
6117,1,994.9967045806156,705.1065652071663,994.6435172025855,714.953330003649
6118,1,994.3752692300816,704.9780706526652,994.998475602993,714.8407731460165
6119,1,994.987444168419,704.8731901544143,994.6474852384681,714.7136113809113
6120,1,994.3881314428061,704.7568911036034,994.9967805006889,714.6066368750403
6121,1,994.9895970419531,704.6494521666739,994.6490006918518,714.4832852871624
6122,1,994.3797812605372,704.5264244518103,994.9885381845255,714.3804231959317
6123,1,994.9900228064415,704.4260599924579,994.6667883809929,714.2618624069091
6124,1,994.3761972086369,704.3036885566269,994.9972423463594,714.1595426201826
6125,1,994.991199399809,704.2013608207951,994.6605867382248,714.0374720126813
6126,1,994.371112312306,704.0774675887887,994.9891524815968,713.927155428497
6127,1,994.9950982826325,703.9745969165258,994.6795972711673,713.8022709674176
6128,1,994.3652560533097,703.8493323266259,994.9985810419931,713.6922066069351
6129,1,994.9948320000318,703.735977083115,994.6752316174097,713.5653995598049
6130,1,994.3579644516605,703.6149415919859,994.9957604785068,713.4467537727219
6131,1,994.9997210381663,703.5061924882482,994.67491511234,713.3192358385475
6132,1,994.3535342838375,703.3787163418401,994.9918732357575,713.2079563301634
6133,1,994.9967519424295,703.2678325096704,994.6817643050765,713.0725017744278
6134,1,994.3417925774598,703.1418726783068,994.9990326656325,712.958552077177
6135,1,994.9925105727866,703.0350804909954,994.6707150788108,712.8255415944399
6136,1,994.3466418340029,702.9079834381616,994.9969022726675,712.7082345524191
6137,1,994.9993558145562,702.7907670505926,994.6673000132383,712.5767616532625
6138,1,994.3371923982814,702.6595256473868,994.9945392185467,712.4603769661971
6139,1,994.992723553232,702.5441969368303,994.6665329202774,712.3277152616758
6140,1,994.3459929816353,702.4075367936231,994.9925140522095,712.2122658257766
6141,1,994.9969841309944,702.2885445666773,994.6730565064255,712.0739280364122
6142,1,994.340741935116,702.1556693246779,994.9996394989942,711.9500448611414
6143,1,994.9977126109534,702.0321635185074,994.661209046311,711.8111975621491
6144,1,994.3368536515221,701.895935871195,994.9970287103293,711.6784825015787
6145,1,994.9870564061409,701.7671107725874,994.6641474195072,711.5442722825534
6146,1,994.3526162171345,701.6247952333715,994.9921227189911,711.42433781591
6147,1,994.9890015555306,701.5047906596799,994.6716280286645,711.2799110053127
6148,1,994.3453313855375,701.3528787497302,994.9973390503936,711.1590780898337
6149,1,994.9861506118322,701.2181866932992,994.6591198354707,711.0163926787554
6150,1,994.333256659611,701.0705198965456,994.9940225877987,710.8900929445342
6151,1,994.9959774988685,700.9397586449243,994.6669376641858,710.7462918646281
6152,1,994.332371998967,700.7953448109816,994.9936297763863,710.6119862444016
6153,1,994.9980834394171,700.6673090346926,994.6689085901038,710.4716383911707
6154,1,994.3237115591644,700.527393286215,994.9927453902667,710.3446567787113
6155,1,994.9955479998515,700.4059437896118,994.6613398918103,710.1997668439145
6156,1,994.3212593711254,700.2643060371854,994.9992971483248,710.0743989939648
6157,1,994.9920396209772,700.1390983638839,994.6522072769914,709.9319093211182
6158,1,994.3250577285412,699.9989296988609,994.9955954743195,709.7968906326406
6159,1,994.9966194058804,699.8771918998748,994.6602804754641,709.6473480338385
6160,1,994.3247452821778,699.7366825640215,994.9922660003291,709.5238488072381
6161,1,994.9917715626531,699.6102117146607,994.6707509004268,709.3835484309388
6162,1,994.3358397846148,699.4748445772098,994.9933905025651,709.2644062889158
6163,1,994.9958710575918,699.353960691555,994.6759288040876,709.1307534416368
6164,1,994.3386111761015,699.220494364001,994.9957944185126,709.012520619893
6165,1,994.9989694401307,699.1057608017834,994.6584603850173,708.8772416191784
6166,1,994.3272854592313,698.9721621351121,994.9951858426497,708.7668023879299
6167,1,994.9921820477426,698.8514751901032,994.6621698578101,708.6441381367534
6168,1,994.3283148094303,698.7315100867634,994.9871674439838,708.5285175474124
6169,1,994.9982758685052,698.6221665351796,994.6765391815123,708.4042671986876
6170,1,994.3230259613263,698.4933823727241,994.998956904877,708.2928357760259
6171,1,994.9941988053672,698.3870457573713,994.6620136708048,708.1651712134708
6172,1,994.3253219626205,698.2552591497675,994.9936137242054,708.0556861415538
6173,1,994.9986846164087,698.1420528184448,994.6645869185409,707.9244003841877
6174,1,994.318898550264,698.0141985023233,994.999359984536,707.8135520343486
6175,1,994.9888461860291,697.9053678865683,994.6544682274055,707.6856434504163
6176,1,994.3295056067727,697.7830876953393,994.9918888369922,707.575999684509
6177,1,994.9976471491171,697.679030201758,994.6678870284787,707.4490278940785
6178,1,994.3222008580494,697.552889262411,994.999873105455,707.336049723553
6179,1,994.9996441971084,697.4467406526567,994.6584580073403,707.2012737800467
6180,1,994.3084809706164,697.3199997132357,994.9789926288912,707.0815339837314
6181,1,994.9919195078662,697.199704954238,994.6965559443006,706.9550400582168
6182,1,994.3183361493358,697.0668195508414,994.983761104003,706.8303687638389
6183,1,994.993318294332,696.9488723638365,994.6843131575192,706.6917880246378
6184,1,994.3168561273977,696.8066690511488,994.9946497923635,706.5775028123809
6185,1,994.9999138763368,696.6871935984918,994.6659377484391,706.4451292072418
6186,1,994.310814508586,696.5611140009086,994.986683670716,706.3286801451534
6187,1,994.9913197082705,696.4467910051764,994.6778421000965,706.1994524099823
6188,1,994.3084927470638,696.3174511904174,994.9975132623003,706.0891477384306
6189,1,994.9915212196496,696.2124191257614,994.6681655158629,705.9589349110233
6190,1,994.3183895255189,696.0819156342478,994.9915691520376,705.851906209127
6191,1,994.9903084054623,695.972322082019,994.6752324819447,705.7316800675424
6192,1,994.328533365698,695.8466703086291,994.9987274677612,705.6315429911614
6193,1,994.9929466722091,695.7363771362277,994.6688698352609,705.5162302793723
6194,1,994.3303686627419,695.6166230965041,994.9974927006374,705.4123530455241
6195,1,994.9984945824306,695.5102407986755,994.6580957273147,705.304872203534
6196,1,994.3199135283061,695.3975036149524,994.9890656337676,705.2095910346729
6197,1,994.9875793483512,695.3095665259799,994.6692751514156,705.0967218172638
6198,1,994.3359039314659,695.2019312257896,994.9981057831427,705.005022362162
6199,1,994.9938841045026,695.1107664962555,994.6545238069621,704.8958048969877
6200,1,994.3192025241232,694.9969526082126,994.9868287594659,704.8022952826062
6201,1,994.9933958440433,694.8957735174215,994.6700175715486,704.6919165658732
6202,1,994.3053188499944,694.7864730472936,994.9988488555709,704.591002216235
6203,1,994.9949795898611,694.693296017271,994.6554699029723,704.4708230834723
6204,1,994.3065024815637,694.5766987404113,994.9975878788099,704.3666319680777
6205,1,994.9959402682591,694.4707882439197,994.6481995774213,704.2443118507366
6206,1,994.3046373042625,694.3475381929667,994.9873721284976,704.1348559751862
6207,1,994.9951728174289,694.2377694036726,994.6719481483775,704.0096490727007
6208,1,994.3009843728571,694.1145317355922,994.9995832042265,703.9011887007375
6209,1,994.9988106407666,694.0080536676561,994.6680418770504,703.7748256012763
6210,1,994.2884266904025,693.8865505451388,994.9906298693338,703.6669822911152
6211,1,994.9909282877783,693.7814315821521,994.6756752425514,703.5397610455374
6212,1,994.2873310720776,693.6581432623634,994.9990617849373,703.4288166860205
6213,1,994.9985209242318,693.5490453748632,994.6672946657594,703.2975366899996
6214,1,994.2754950019463,693.4204779654144,994.9863105416307,703.1864963542456
6215,1,994.9854923446712,693.3105148836232,994.6827786442941,703.0551311117388
6216,1,994.2915234793139,693.1728360280114,994.9934651252232,702.9496271306582
6217,1,994.9995810353527,693.068282824214,994.672718005052,702.8267104745894
6218,1,994.2747356866116,692.9468561723772,994.991142918926,702.7215736778838
6219,1,994.9916406676534,692.8445539262249,994.6688878714876,702.5956321396234
6220,1,994.2826175741873,692.7199730633818,994.9989011334343,702.4970419027151
6221,1,994.9891282652669,692.62324133399,994.6575995762786,702.3737475318343
6222,1,994.2939716303079,692.5073502416192,994.992733467312,702.2767343054506
6223,1,994.99663903064,692.4165287403671,994.6706519073306,702.1653162180697
6224,1,994.2945260237237,692.3029813730625,994.9990347894429,702.075934690445
6225,1,994.998997323853,692.21575872676,994.6638019614263,701.9646918971415
6226,1,994.2867528348243,692.1067304441814,994.9867421252575,701.8731123952202
6227,1,994.9854135951463,692.0119633360323,994.6794231749818,701.7655065806885
6228,1,994.2980668846949,691.9012012289704,994.999649122577,701.6673887449331
6229,1,994.9986223317002,691.8084982364514,994.6683872939825,701.5545520217509
6230,1,994.2924494386696,691.6970036734382,994.9884024904903,701.4612172618093
6231,1,994.9928782031329,691.6061269143213,994.6824774885106,701.3433766092786
6232,1,994.2913030724059,691.4952939373711,994.9970632161793,701.2479255046028
6233,1,994.9967764440405,691.4043511002501,994.6778032547275,701.1397927617177
6234,1,994.2839801330529,691.2922387222713,994.9911569927755,701.0571534146196
6235,1,994.9918170161884,691.2019823603939,994.6820685697836,700.949642663025
6236,1,994.2803020327448,691.0903527120086,994.996528139292,700.8613556213567
6237,1,994.9935569320093,691.0057074076824,994.6810068881862,700.7612546264724
6238,1,994.2867522980482,690.9116598093159,994.9905625889098,700.6806327488088
6239,1,994.9908278601454,690.8429897113525,994.6817015569451,700.5752232663306
6240,1,994.2884562741814,690.7456315143219,994.9967328017686,700.497418307677
6241,1,994.9945969263558,690.6698587527947,994.6683003838345,700.397204793
6242,1,994.2882176802823,690.5700558570421,994.9944684988527,700.3120980794951
6243,1,994.9942384355378,690.4791031268285,994.6641515441054,700.2164574784592
6244,1,994.2916807543417,690.3826893812837,994.99125335266,700.134784583484
6245,1,994.9965334405019,690.3010770023757,994.66256903845,700.0364811859116
6246,1,994.2871276787303,690.1945989919221,994.9994163566878,699.9609549405458
6247,1,994.988913285162,690.1065350659536,994.6530230878311,699.8566818290111
6248,1,994.295828139809,690.0002713774736,994.9942218415271,699.7725118467275
6249,1,994.9992783258081,689.9152815173029,994.656172414033,699.6680996164988
6250,1,994.2856613664335,689.8185707393854,994.9982565482019,699.5773305499017
6251,1,994.9914645269229,689.7416729320875,994.6467577843048,699.4724662546599
6252,1,994.2885668715745,689.6402156633582,994.9949327349783,699.3941187378616
6253,1,994.991760101208,689.5538306907328,994.6475390816465,699.2971800764816
6254,1,994.2934203858099,689.4568131225064,994.9978828050237,699.2177730188039
6255,1,994.9968968978546,689.3832060187187,994.6287151323061,699.1142307593174
6256,1,994.2824951176447,689.2843526984922,994.9871280844742,699.0299146216987
6257,1,994.992693903688,689.2021942680143,994.6382718406038,698.9271066996772
6258,1,994.2775817871458,689.1012255148811,994.9998027472582,698.8431853610201
6259,1,994.9902786921442,689.0249595938552,994.6230009110551,698.7373374677924
6260,1,994.2807412808812,688.9231180698841,994.9881424385585,698.654924909247
6261,1,994.9972812459641,688.8467408927811,994.6373690761122,698.5554922807405
6262,1,994.2715483357669,688.7529331594397,994.9992548892316,698.4728723929154
6263,1,994.9847215780464,688.6748646568275,994.6235277782959,698.3748037644456
6264,1,994.2785566176767,688.5761312713114,994.9915754107465,698.2955856357813
6265,1,994.9941588903332,688.4940821223018,994.6217122599921,698.1926170356955
6266,1,994.2715950817528,688.3944713252569,994.9961232517019,698.1172787003469
6267,1,994.980376899203,688.322988415688,994.608903218842,698.0191318689126
6268,1,994.3034088571817,688.2306510321519,994.9860515982706,697.9474190531323
6269,1,994.9860226885364,688.1628788849546,994.6238369587089,697.8543845629468
6270,1,994.2911926370862,688.0777270729915,994.9992074176483,697.7805596921602
6271,1,994.9987047783727,688.0205013569396,994.6174066455112,697.6882690466732
6272,1,994.281555085229,687.9352680776428,994.9821010438822,697.6276879451609
6273,1,994.9917131753778,687.8681635981832,994.6399802027017,697.5542658668596
6274,1,994.2781319412672,687.7840708648944,994.9995852636955,697.4890285878763
6275,1,994.9890179880871,687.723351926716,994.6211713436288,697.4009485187989
6276,1,994.2811969858747,687.6437736040995,994.9855225969695,697.3414195937111
6277,1,994.9918554645308,687.5839774926108,994.639020543289,697.2615700068313
6278,1,994.2809966019541,687.5047633104114,994.9984693563426,697.1990295874871
6279,1,994.9960631195962,687.4421349113991,994.6273117243586,697.1170736423638
6280,1,994.27827040508,687.3636918217536,994.9906370259077,697.0608673591003
6281,1,994.9806949457742,687.3109969172106,994.6340475918316,696.9807853654639
6282,1,994.3028607674892,687.2297019575437,994.9877079191994,696.930026990032
6283,1,994.9987680536458,687.1743142044056,994.6394107208681,696.8606414258037
6284,1,994.2865965666778,687.0958556596045,994.9951300264147,696.8076544832861
6285,1,994.9828095138655,687.0367071707518,994.6348687025048,696.7318294251236
6286,1,994.3188579563504,686.9616912097808,994.9837595229893,696.6703403299025
6287,1,994.9978923892137,686.9001611177316,994.6545248267172,696.5963540691092
6288,1,994.3167464792351,686.8244136585246,994.9965815106979,696.53163669223
6289,1,994.9902252254944,686.7639000462033,994.6517247933933,696.447096741022
6290,1,994.333825941871,686.6840240875455,994.989071453126,696.3894904280103
6291,1,994.9957035328712,686.6199263019265,994.6592242237557,696.3101482004014
6292,1,994.3223107492105,686.5473602541352,994.9961802394018,696.2454635601852
6293,1,994.9932907060183,686.4836350151555,994.6461588031854,696.170356120629
6294,1,994.3165349848852,686.4017986111118,994.9831734111982,696.1123320432112
6295,1,994.9909652069429,686.3333548980045,994.6621226503619,696.0327906673022
6296,1,994.3295640214437,686.2506564296945,994.9919691699879,695.9656105668835
6297,1,994.995661485621,686.1846863655094,994.6608142256318,695.8919897502666
6298,1,994.3272487001727,686.107257541939,994.9961645989583,695.8347105129887
6299,1,994.9812115113142,686.0562258845124,994.6529875134892,695.7626568979824
6300,1,994.3525317680522,685.9887268943871,994.9913792074292,695.7047879922516
6301,1,994.9916992650724,685.9343198955911,994.6499434539377,695.6360174860239
6302,1,994.3339610943689,685.8646239184968,994.99789965172,695.5804980044127
6303,1,994.9932023122108,685.8175350915715,994.6417124661251,695.5098604516654
6304,1,994.3344704689991,685.7443857652618,994.9958110537718,695.456217866902
6305,1,994.988576420523,685.6901784621665,994.6332151242244,695.3845056583074
6306,1,994.3413546613267,685.6129608237904,994.9882595780012,695.3226462347666
6307,1,994.9916743577647,685.558498700232,994.6429129421822,695.2482674412056
6308,1,994.3371544868781,685.4892024794426,994.9992604456897,695.1857692785904
6309,1,994.9882841728466,685.4240418120256,994.6361264819155,695.1108749649014
6310,1,994.340727872019,685.341492818809,994.9860523319031,695.0419321529345
6311,1,994.9974986647137,685.2784624248886,994.6503452454186,694.9536981862591
6312,1,994.3299921654927,685.1914936946552,994.9968699667601,694.888222445377
6313,1,994.9814347482338,685.1219381133538,994.6340396379675,694.8025103704894
6314,1,994.3505055854879,685.0400929537578,994.9916933700455,694.7246200978561
6315,1,994.9960429902188,684.9568107321339,994.6271368053723,694.6299909667282
6316,1,994.3362652915608,684.8655600450113,994.9952441550943,694.5524701321466
6317,1,994.9864923554426,684.7879941830575,994.620691318573,694.4617945085213
6318,1,994.34966856212,684.6976826400728,994.9946717455953,694.3883477798854
6319,1,994.9963616826174,684.622683026076,994.6198679161663,694.3005559407128
6320,1,994.3441885363834,684.5330801889486,994.9904249219778,694.2256194068623
6321,1,994.9869847758475,684.463483295437,994.628282382847,694.130660281841
6322,1,994.3587767129736,684.3769272111613,994.994921666827,694.0612392448623
6323,1,994.9974153190473,684.3119932088103,994.6126190049189,693.9760730726221
6324,1,994.3469198139337,684.2348461635744,994.9900022408077,693.9128757468734
6325,1,994.9813687117047,684.1785422724804,994.6118107244906,693.8384564123754
6326,1,994.3710611997554,684.1080042779472,994.9994221261935,693.7901683361372
6327,1,994.9929836042666,684.0551460403611,994.5902753300247,693.7230977363564
6328,1,994.3498897343818,683.9986698653936,994.9956258073968,693.6693486229848
6329,1,994.9957649340174,683.9525604352634,994.5866673467043,693.6143430315201
6330,1,994.3353298909464,683.8966347822604,994.985700434832,693.5714123594533
6331,1,994.9857789769353,683.8535960297653,994.601077187075,693.5152028039101
6332,1,994.3526725786471,683.7916083672177,994.9968897636642,693.4756000468233
6333,1,994.9990432400887,683.7497388671352,994.5812681008546,693.4191400892108
6334,1,994.3349806943194,683.689789741052,994.9892687876272,693.3717851852653
6335,1,994.9900090429808,683.638695690869,994.5884212131516,693.3097034904209
6336,1,994.3296681329986,683.5781834443936,994.9975304661876,693.2581688209013
6337,1,994.9878802408764,683.5248900237998,994.5827645705838,693.1938548214358
6338,1,994.3381509331134,683.4593912335664,994.9862438491435,693.146489310999
6339,1,994.9924744981182,683.4066789251741,994.5905136558963,693.0757709227728
6340,1,994.3424204903254,683.3355878304484,994.9933445061283,693.0301282038771
6341,1,994.9896427218104,683.277022533071,994.5871164490559,692.9612270435889
6342,1,994.3480923372535,683.2101781857878,994.9880890496271,692.9020206340422
6343,1,994.9984206232737,683.1527520359394,994.5985286671696,692.8321794379231
6344,1,994.3364610595944,683.0817321577508,994.9882873251019,692.7683424397684
6345,1,994.9830261944471,683.0238020869366,994.6069103936277,692.6993299274346
6346,1,994.3527788440356,682.9606231962578,994.9863398043717,692.6397062731463
6347,1,994.9921211624387,682.9029018677032,994.6166332896825,692.5723550110947
6348,1,994.3595723434556,682.8252686901716,994.9973274290501,692.5094768504366
6349,1,994.9881227101932,682.7533671448747,994.605605406076,692.433097693025
6350,1,994.3679097399468,682.6665810677196,994.9844829134219,692.365677559692
6351,1,994.9932669821953,682.6057777962616,994.6191181811001,692.2821088953513
6352,1,994.3644475915806,682.5328804450895,994.9983156801709,692.2183143146488
6353,1,994.9954994122211,682.4688586032788,994.6169627502999,692.1387806147757
6354,1,994.3554959753465,682.3896372269372,994.9943030200832,692.0722776750383
6355,1,994.9913949126618,682.3267790387198,994.6172540327035,691.9825578807147
6356,1,994.3590499171548,682.2435446004014,994.982491015077,691.917484969539
6357,1,994.9913422001019,682.1768536091191,994.641714881529,691.8265414149045
6358,1,994.3624934208943,682.0975615236601,994.9967713015785,691.7566648756234
6359,1,994.9957696952312,682.0309875076177,994.6314906927097,691.6740888367467
6360,1,994.3486123194413,681.9453123896667,994.9913703151664,691.6030354529283
6361,1,994.9808612409586,681.8747520498355,994.6220786122135,691.5154193954146
6362,1,994.3627739108571,681.7888057127458,994.9931907844629,691.447281686101
6363,1,994.9947378344415,681.7196654807553,994.6186551644679,691.3540701456664
6364,1,994.3506201793996,681.6231238146769,994.986856992898,691.2734073618631
6365,1,994.9902275488279,681.5370541634082,994.6259730095377,691.1730825711278
6366,1,994.3513714059131,681.4343442203199,994.9850073386666,691.0924011269019
6367,1,994.9928879595176,681.3517947356193,994.6412087442465,690.9950123908377
6368,1,994.3506753988604,681.2614413197347,994.9939791510524,690.9010845554582
6369,1,994.9895019323319,681.1763965052979,994.6333557978666,690.8035963041513
6370,1,994.3522994616972,681.0791979957093,994.9865815406828,690.7207321035052
6371,1,994.9920352392821,681.0021151040958,994.6388388554875,690.6286646785122
6372,1,994.3436390169396,680.904127296131,994.9917545153173,690.559966852643
6373,1,994.9943844953849,680.8285383635005,994.6406530042411,690.466457256334
6374,1,994.3369026757999,680.7382134268117,994.9921807870159,690.3834721748017
6375,1,994.9760851081429,680.661231763199,994.6268976124239,690.2907764341184
6376,1,994.3646453887427,680.571043926966,994.9904079672556,690.2089737024958
6377,1,994.9975145080396,680.4912532930714,994.629881732957,690.1110508299737
6378,1,994.3390922798255,680.3938518599889,994.9863265166302,690.0321031320129
6379,1,994.9804176404622,680.3165016298334,994.631008134574,689.93443294175
6380,1,994.3550547126526,680.2170615281802,994.9938277605404,689.8614605660023
6381,1,994.99369509863,680.1447841119145,994.6187242034277,689.773568125969
6382,1,994.3357939362864,680.0544182812857,994.9918819013552,689.6962324254378
6383,1,994.9784399259397,679.9915328990876,994.6130170572358,689.6010060966568
6384,1,994.3628110446443,679.9012185103909,994.9995529596818,689.5305600653957
6385,1,994.9954308467142,679.8298125526328,994.596188766574,689.4421026191433
6386,1,994.347359874064,679.745904766706,994.9897089092509,689.366915298599
6387,1,994.9922883600453,679.6730126077789,994.6038195329229,689.2732510408582
6388,1,994.3488439299269,679.581730705048,994.9973279785407,689.1932845184955
6389,1,994.9817471551937,679.5033324476647,994.5783871453702,689.1015636102156
6390,1,994.363649831887,679.4136765511355,994.9869509164937,689.0227662600822
6391,1,994.9998178999509,679.3317733938995,994.5861127328118,688.9386592336908
6392,1,994.340336957984,679.2446188835527,994.9901270664645,688.8590614051368
6393,1,994.9725033324313,679.166225207816,994.5831771013402,688.7718424351021
6394,1,994.3753876750413,679.0673135260196,994.9920648880724,688.6950546189522
6395,1,994.9997180705687,678.9906683963634,994.5812426037602,688.6008587494485
6396,1,994.3607581379541,678.9079871181773,994.9862094022837,688.5250442821367
6397,1,994.9790426153381,678.8303509916711,994.5943754014138,688.4430243106641
6398,1,994.3888413337029,678.7311091989453,994.997434591768,688.371575213602
6399,1,994.9979968590422,678.6530568368439,994.5803609405888,688.278451550862
6400,1,994.3693199458537,678.5586212144618,994.9875175813422,688.1979647821325
6401,1,994.9817715631794,678.4755814672748,994.5827123273235,688.0951996810087
6402,1,994.3884527842248,678.3801128676173,994.9909788522167,688.0126182204226
6403,1,994.989889780609,678.3044058370846,994.5855162393045,687.9190923034254
6404,1,994.3923980514571,678.212444218396,994.9892546371052,687.8320302135835
6405,1,994.9871757865668,678.1318837397062,994.5927558635339,687.7409458469047
6406,1,994.39946864103,678.0299571558734,994.9932743596426,687.653597718144
6407,1,994.9909532568569,677.9359806310412,994.584109418207,687.5577114898456
6408,1,994.3973260378938,677.8402087422786,994.9896750863836,687.4721483893204
6409,1,994.9902304555554,677.7562869454445,994.589443041145,687.3716084284536
6410,1,994.399871396909,677.6555002049982,994.9856779440762,687.2766717368244
6411,1,994.9945469201814,677.5599659344896,994.5915656090111,687.1714463542143
6412,1,994.3937448259121,677.4542433763654,994.9986832609233,687.0749457081606
6413,1,994.9767864634426,677.355130065277,994.5764482641703,686.9676774982944
6414,1,994.4119730384588,677.2448204919157,994.9822010533394,686.8658415818619
6415,1,994.9940976218909,677.1447555665061,994.5847417198427,686.7622251344239
6416,1,994.3908712217616,677.0378463225212,994.9997796893033,686.6599397949104
6417,1,994.9863376658157,676.9344737134226,994.5619243468841,686.5433112996549
6418,1,994.3999927895123,676.821548272208,994.9775778126415,686.439952664251
6419,1,994.992213282812,676.713450529979,994.5778653336157,686.3287371190859
6420,1,994.3894018997717,676.5951809575184,994.9941029964743,686.2267572697697
6421,1,994.9864296279623,676.4956139081421,994.5584557558553,686.105309752531
6422,1,994.386366114744,676.3889367092803,994.9835053905794,685.9958002004779
6423,1,994.9978598739258,676.2779210138599,994.5746235590702,685.8766212005887
6424,1,994.3632872539949,676.1570504195977,994.9917454903377,685.7633987472241
6425,1,994.9888288872296,676.0441848373644,994.5698954681473,685.6348483944278
6426,1,994.3660516366396,675.9220311783487,994.979002063125,685.5158746469367
6427,1,994.9822686974165,675.8130678530947,994.5894915813657,685.3849194774858
6428,1,994.3797863835372,675.6887867135441,994.995154679511,685.2691539422642
6429,1,994.9936634553109,675.5792965424779,994.5641509879416,685.1420127866511
6430,1,994.3726800351778,675.4539415048406,994.9795648134345,685.0339305028461
6431,1,994.9819901735341,675.3439724018345,994.5791472221615,684.9045912677566
6432,1,994.386190343791,675.2192438404905,994.9962211655549,684.7913390160519
6433,1,994.9964148336945,675.1022478469853,994.5569326997412,684.6693696477004
6434,1,994.3724910929653,674.9784348903407,994.9790699134934,684.551233525736
6435,1,994.981272703453,674.8628496112198,994.5811327141039,684.4252389229822
6436,1,994.3890859099678,674.7378773722397,994.9897492721756,684.3088496338654
6437,1,994.9963734054561,674.6215344944928,994.5881763062292,684.1864081604555
6438,1,994.375713848749,674.498153642712,994.9881883835743,684.0660710811368
6439,1,994.9847565205996,674.3812509453332,994.5849203106478,683.937532803901
6440,1,994.3855214837567,674.2566556295927,994.9821472797506,683.8177762324656
6441,1,994.9910821171565,674.1351416928707,994.6010307418335,683.6944723558331
6442,1,994.3769738858526,674.0114589335534,994.9995797686674,683.5794364764699
6443,1,994.9880864012856,673.8877621007734,994.5748916047429,683.4534273074416
6444,1,994.3817450861843,673.7598477937837,994.9777638449007,683.3377779225833
6445,1,994.9917936967721,673.6443850283033,994.5936419607724,683.2094429923937
6446,1,994.3700166176552,673.5180006644546,994.997874215221,683.0964479727625
6447,1,994.9838243546071,673.4040223382394,994.5707443825094,682.9718416713555
6448,1,994.3786209875839,673.2789767936551,994.9753953233304,682.858227543005
6449,1,994.9897673082452,673.1630729607228,994.6003086176474,682.7386793175068
6450,1,994.3799537897404,673.0346324800078,994.9997735558418,682.620565934922
6451,1,994.9912116497494,672.9158128917271,994.5827192507588,682.4866221390947
6452,1,994.3770163787462,672.783439236822,994.976641317315,682.3624015974245
6453,1,994.9899669186758,672.649920583505,994.6115351282583,682.2148221928902
6454,1,994.3750298678322,672.5015379024256,994.9992053730828,682.0747092754846
6455,1,994.9901675000547,672.3680219313986,994.5973402555427,681.9237859784965
6456,1,994.3670520255158,672.2203665191731,994.9818955986782,681.7838264169968
6457,1,994.9918741796745,672.0812793539172,994.6128148077875,681.6410291284184
6458,1,994.3588614204632,671.9469523208302,994.9848661236423,681.5089170632831
6459,1,994.9797575316239,671.8215128361825,994.6225321770368,681.3667329193559
6460,1,994.3712709812052,671.6839136865789,994.9932520289898,681.2342402718559
6461,1,994.9951507429366,671.5640027102288,994.6138803850321,681.0941182873861
6462,1,994.3501899782846,671.4277558938137,994.9792925073756,680.9770287003539
6463,1,994.9784829155567,671.3071729680134,994.6356913392276,680.8472331195536
6464,1,994.3690233135138,671.1791331792033,994.9997334839268,680.7309770994249
6465,1,994.9975947958727,671.0664769415412,994.6175973769658,680.6032245474973
6466,1,994.357045649041,670.9457040845647,994.9781886947698,680.4972635757904
6467,1,994.9772102776058,670.8407642138628,994.6390112677549,680.3805167725432
6468,1,994.381075846172,670.7205056475481,994.9982806891494,680.2785511549905
6469,1,994.9946073592852,670.6209586661233,994.6151800664499,680.1611840449378
6470,1,994.3513461029222,670.5052548140093,994.9756773597301,680.0682525581652
6471,1,994.9853056234344,670.4102524023132,994.6421564645428,679.9596970946055
6472,1,994.3553384745557,670.2990472382609,994.9999556871574,679.8725862836517
6473,1,994.9948716108198,670.2103900095901,994.6168502369397,679.7593492542816
6474,1,994.3448767303346,670.1059903241323,994.9700007680806,679.6602247516716
6475,1,994.981862120947,670.0049873057746,994.6472446831496,679.5470227225974
6476,1,994.3559306274083,669.8941217247818,994.9897341506654,679.4520920277944
6477,1,994.9919782552059,669.8023424812768,994.6253484602308,679.34024029244
6478,1,994.3515846146486,669.6932553836366,994.9867607078529,679.249281499978
6479,1,994.9797883394434,669.6009464767834,994.6339955756177,679.1477787341495
6480,1,994.3664616119595,669.5002258179785,994.9913745675484,679.0548383765351
6481,1,994.9993286233929,669.4080714083773,994.6282474688022,678.9367067215562
6482,1,994.3408746016097,669.3016774055042,994.9793747341014,678.8391303529047
6483,1,994.9783364836526,669.2037708876629,994.6421933962974,678.7291581201604
6484,1,994.3587396509395,669.0915940409891,994.9973759327092,678.6390051660571
6485,1,994.999559729042,669.0036882910724,994.6176911160687,678.5312474532072
6486,1,994.3302805619667,668.8973388124666,994.9791935280009,678.4346115137278
6487,1,994.9710925261121,668.797809523861,994.6402656115989,678.3206388614462
6488,1,994.3637159764592,668.6816735295107,994.9992613162722,678.2227674960562
6489,1,994.996077795699,668.5820279413251,994.6221159681663,678.1018034254059
6490,1,994.345210560109,668.4638692161062,994.9787592176626,677.9972725247294
6491,1,994.9722517931608,668.3556648927863,994.6426334030267,677.8693383559067
6492,1,994.3793084086587,668.2237836499012,994.9899418954656,677.7575292274867
6493,1,994.9962174407212,668.1060767479042,994.6146258883579,677.6382380280472
6494,1,994.3606716961326,667.9805641850589,994.9864833432512,677.5231202478546
6495,1,994.9842063680304,667.8641375713888,994.6236965150619,677.4046929974194
6496,1,994.3676764769194,667.7421426993111,994.9841086168962,677.2940280232428
6497,1,994.9982045568624,667.6386852395453,994.6291067270204,677.175738039192
6498,1,994.3509996961134,667.5280343432862,994.9933019068852,677.0697033445932
6499,1,994.9744807367371,667.4275447020274,994.6178408056384,676.9567145619765
6500,1,994.376318017138,667.3093079895958,994.9893696249378,676.8633108172198
6501,1,994.9973016885311,667.2081773959468,994.6179551327932,676.7507407393758
6502,1,994.3515895321663,667.099975396839,994.9921031739806,676.6492486106013
6503,1,994.9750665130067,667.0035558628999,994.6121945467974,676.544250190853
6504,1,994.3768937668103,666.9021437080289,994.9870660894568,676.4596839524254
6505,1,994.9969325302775,666.817697000233,994.6111205828423,676.3586196223722
6506,1,994.3500573941209,666.7190494012906,994.9849483413196,676.257203732009
6507,1,994.9888072458785,666.6226674242936,994.6198417316716,676.1502775163917
6508,1,994.3487161257184,666.5244124697647,994.9984042690618,676.0483065915562
6509,1,994.9898414021503,666.4273975723139,994.596956027842,675.9418431941792
6510,1,994.3375213150123,666.3215128417079,994.9711165199097,675.850700016852
6511,1,994.9964829208611,666.2215737445161,994.6345161272897,675.7403804311518
6512,1,994.3174314779886,666.1103908524998,994.987389152622,675.6409778733002
6513,1,994.9788229041644,666.0156309283656,994.6088489341126,675.5237392217754
6514,1,994.330487946736,665.9021765010602,994.9935096229655,675.4263590609524
6515,1,994.9912136063533,665.8105188773637,994.5827902360675,675.3127471039053
6516,1,994.3202463640107,665.7034178040743,994.9810631107022,675.2130578313102
6517,1,994.9814991535045,665.6068174703453,994.593696377914,675.1062163803086
6518,1,994.3316942196378,665.4960381103796,994.9896918204122,675.0092676767118
6519,1,994.9915249745987,665.3985968701645,994.5931975818434,674.8944868139345
6520,1,994.3313940093329,665.2836396918393,994.9793614599137,674.7932115666495
6521,1,994.9792941320015,665.1845924799908,994.6108414193413,674.6846549768045
6522,1,994.3522753593775,665.0700130181256,994.9957639729263,674.5933449937751
6523,1,994.9947640899954,664.9764642425366,994.5952386783862,674.4880871840272
6524,1,994.3256402238525,664.8751553492075,994.9776254191868,674.3923212833874
6525,1,994.9693235779769,664.7858202052106,994.6076854719114,674.2790346937809
6526,1,994.3650972818789,664.6790013414817,994.9963607779939,674.1864870813803
6527,1,994.9954628960342,664.5909886260714,994.5928266593513,674.0852809226288
6528,1,994.337026944383,664.4886775572835,994.9815341219424,674.00191024006
6529,1,994.9810093461199,664.4067951183157,994.5973262038106,673.9084384511162
6530,1,994.3462336268944,664.3074749289916,994.9879502637963,673.8291894717285
6531,1,994.9992317077264,664.2279609521148,994.5999221984347,673.7280138568481
6532,1,994.3156126133633,664.1270258750726,994.9797220277674,673.6373545404067
6533,1,994.9827495477023,664.0425136758491,994.6112000105361,673.532428189048
6534,1,994.3345769148918,663.9417831801626,994.9966320200057,673.4501852380896
6535,1,994.9836371781829,663.857525510784,994.5906394341957,673.3533841672171
6536,1,994.3448081022931,663.7513694331891,994.9693741618817,673.268723055246
6537,1,994.9911244594415,663.6610437064305,994.6241827308556,673.1683662085061
6538,1,994.3335233867302,663.5615684867591,994.9933522406283,673.0826109927622
6539,1,994.9767668885027,663.4765668825888,994.598567874887,672.9779109301617
6540,1,994.3602476086155,663.3736453441882,994.982735790605,672.8834189616787
6541,1,994.9927427726108,663.2825768922751,994.6049234083393,672.7674416822978
6542,1,994.3420419753363,663.1733705293337,994.990901568624,672.669522457498
6543,1,994.9783615737904,663.0735796741675,994.5931494981966,672.5568419644898
6544,1,994.3633781818895,662.9610104582848,994.9800924616784,672.4659474444378
6545,1,994.9972828571993,662.8661687876447,994.6026433169802,672.355312484998
6546,1,994.3417885106924,662.7693783054611,994.9940383572033,672.2634646518121
6547,1,994.9694667911658,662.6896281296839,994.5968357392293,672.1558627123313
6548,1,994.3757255634762,662.5793715289893,994.9820087758475,672.0762403217013
6549,1,994.9900314168785,662.4870164564269,994.6080973664664,671.9762117308685
6550,1,994.3502412902882,662.3853869986822,994.9935162682674,671.8887279303812
6551,1,994.9845097596428,662.2992765496344,994.5937183073867,671.7802122353525
6552,1,994.3549257050739,662.1992742184998,994.9824356585254,671.6952730078651
6553,1,994.9906251509823,662.1133778599257,994.6025525822085,671.5938526018266
6554,1,994.345488650405,662.0151220656476,994.9871598991059,671.5041922517008
6555,1,994.9814948432114,661.9314557392729,994.6085009034005,671.4040274612701
6556,1,994.3550723188438,661.8369861561486,994.9878079918793,671.3218570022832
6557,1,994.999777770349,661.7593563644717,994.6044851618684,671.2371298256255
6558,1,994.3248195955073,661.6746662226714,994.9809452295889,671.1618008998095
6559,1,994.9677950753073,661.594020702508,994.615320773322,671.071099634999
6560,1,994.3653572127147,661.4963421992227,994.9933516239386,670.9937111824836
6561,1,994.9854917880805,661.4123071584166,994.6033068826672,670.9096889501521
6562,1,994.3347679792323,661.3253331208937,994.975297939621,670.8425398185855
6563,1,994.989251008387,661.2588935082676,994.6229261194837,670.7625827835044
6564,1,994.3322483311492,661.182897755942,994.9955236830906,670.6918186707561
6565,1,994.9883388511853,661.1214117784519,994.6046981290233,670.6160260456729
6566,1,994.3279834311002,661.0499326685753,994.9781914135045,670.5627681906398
6567,1,994.9827271389879,660.9935393959584,994.6192272133749,670.495520549061
6568,1,994.3491213171424,660.9227196068197,994.9964904832401,670.4431072162391
6569,1,994.9973457839355,660.8697974920486,994.5951784407048,670.3690355628922
6570,1,994.3196794276397,660.8033354672419,994.9750378573762,670.3100124783405
6571,1,994.9766638886199,660.7500735325681,994.6151286475833,670.2398851315803
6572,1,994.3342133863713,660.6873589518871,994.9990301486972,670.1906645045445
6573,1,994.9924004175816,660.6422899843524,994.5943079095284,670.117495736595
6574,1,994.3271120116018,660.5796985718168,994.976206594298,670.0716754477493
6575,1,994.9699805393233,660.5278218603407,994.6189356485911,670.0068407038368
6576,1,994.3632522565555,660.462205519666,994.9993207589445,669.9500301244717
6577,1,994.9972028570876,660.4020975144875,994.5972526138054,669.8785839888343
6578,1,994.3366509326152,660.3254289196353,994.9684216404607,669.8173530280012
6579,1,994.9795447329147,660.2652558839343,994.6338185541123,669.7337227487295
6580,1,994.3490790017404,660.1828408393453,994.9886545883626,669.6691921696377
6581,1,994.9947665445492,660.1206426172042,994.6047922690524,669.5885466158338
6582,1,994.3291439289321,660.0457857946869,994.9993362090925,669.5263629843524
6583,1,994.9763378251733,659.9890704279977,994.5796202378816,669.4520492329158
6584,1,994.3460656334465,659.912036017462,994.9681853117968,669.3944493780481
6585,1,994.994059928345,659.8424686610895,994.612098840838,669.319552662829
6586,1,994.3409070945897,659.754786068429,994.990141577133,669.2575460130821
6587,1,994.9836015424376,659.6905185448624,994.5884722884947,669.1733241362508
6588,1,994.3552014908948,659.6070272651509,994.9862400532352,669.1080616398915
6589,1,994.983079020024,659.5421759659281,994.5817169315985,669.0260635595744
6590,1,994.3643787925616,659.4583452923321,994.9953097124627,668.9511811323986
6591,1,994.9879589393918,659.3799971824988,994.5711116642611,668.8619475227464
6592,1,994.3547095444568,659.2847973953684,994.9710690294772,668.7806481693207
6593,1,994.9903260001895,659.2026635082105,994.6018251350216,668.6782545844967
6594,1,994.3479655299333,659.099260503133,994.999104565821,668.5999437931741
6595,1,994.9790251333634,659.008348317224,994.5816222491511,668.5084885995427
6596,1,994.3661669421958,658.9036540813793,994.974044463894,668.4266152113983
6597,1,994.9968526596432,658.8127993126623,994.604710446897,668.3272757667759
6598,1,994.3468415141061,658.7065046985549,994.9964077651084,668.2291762042822
6599,1,994.9847531289831,658.6132822208613,994.5797367079267,668.117504727711
6600,1,994.356979287058,658.506912679466,994.973742850447,668.0288551936577
6601,1,994.9894961400914,658.4190042299643,994.6071690514552,667.9276577868673
6602,1,994.3604181566983,658.3095002275959,994.9995341058998,667.8325056325089
6603,1,994.9851221511003,658.2133314150079,994.5924740569588,667.7186716523152
6604,1,994.3679921251705,658.1032205038902,994.9738105392254,667.6222193799806
6605,1,994.9943731032962,658.0006969339153,994.6157259558198,667.5143685333122
6606,1,994.3572907542972,657.8838715860471,994.9964300857691,667.413106462285
6607,1,994.9790147330494,657.7804904365506,994.6066188223402,667.2985364282204
6608,1,994.3768693300343,657.6670798032851,994.9761028367186,667.1986592831802
6609,1,994.9977203820448,657.5625480502468,994.6330477742082,667.0926997714271
6610,1,994.3540541481683,657.4508939529428,994.9953988046215,666.9896851877545
6611,1,994.9790164769487,657.358462337014,994.6209533763687,666.8791372723674
6612,1,994.3757371942786,657.2451135202239,994.9844415817523,666.7837400226584
6613,1,994.9915748236886,657.1434384449378,994.6300378000443,666.6703019767314
6614,1,994.3705812642945,657.013865798692,994.9912390754724,666.5776441986859
6615,1,994.9806157091845,656.9125338674811,994.61973479883,666.4575102621529
6616,1,994.3775856745726,656.794943546845,994.9912384699774,666.3551591945039
6617,1,994.9941628517706,656.6883408679531,994.6149339777224,666.2333120335895
6618,1,994.3687914200093,656.5683576564224,994.9750391324008,666.1315671100502
6619,1,994.987545499743,656.4551721799194,994.6379062843621,666.0051363338406
6620,1,994.3811963800154,656.3242759646226,994.9943777135411,665.8950811087839
6621,1,994.9953942987678,656.2073127472986,994.6174103198631,665.7703315566067
6622,1,994.3683702635184,656.0776452980623,994.9813847372793,665.6554021274219
6623,1,994.9782797320747,655.9616908319131,994.638118546214,665.5352015515053
6624,1,994.3798885142638,655.8286750845065,994.9939412342875,665.4271860836417
6625,1,994.99826723407,655.7174177389334,994.6150135959834,665.301050388009
6626,1,994.3584515824865,655.598843185486,994.9848367569277,665.1861449665639
6627,1,994.9813323782105,655.4896216983848,994.6206621246139,665.0635273428503
6628,1,994.3712537875831,655.3646922352464,994.9955738973706,664.9541676906538
6629,1,994.9948605026075,655.2600468995896,994.6025956343813,664.8312835716831
6630,1,994.3639803890815,655.130032510018,994.9864063322026,664.7260194179295
6631,1,994.9829629508831,655.0226579721951,994.6119865712909,664.5996810368567
6632,1,994.3733476627754,654.9047383923138,994.9853950592038,664.490343683923
6633,1,994.9973678127524,654.7999985612656,994.6209388434219,664.3768864542502
6634,1,994.3577618238901,654.6831196039883,994.9951488920232,664.2713772976077
6635,1,994.9726120252144,654.5741229997504,994.606351595808,664.155339844605
6636,1,994.3854660777139,654.459900638346,994.9886219456266,664.0408899854152
6637,1,994.9894313660132,654.3524361056532,994.6097513428278,663.9178932246746
6638,1,994.3604382973532,654.2277784148063,994.9939433396727,663.8164625123254
6639,1,994.9903951292501,654.1176348982933,994.6028095179977,663.6915277229841
6640,1,994.3531386536108,653.9959596806704,994.9810556421194,663.574703180775
6641,1,994.9838850904072,653.8775600269275,994.6233632165545,663.4532314339832
6642,1,994.3695478703572,653.7495486410272,994.9953398748789,663.346302293338
6643,1,994.9935026617959,653.6430881229878,994.6145011205462,663.2149223022781
6644,1,994.3613523723781,653.5242712340623,994.9915831086844,663.0977282898498
6645,1,994.9869463935603,653.4079583350164,994.613168888926,662.9749325617531
6646,1,994.3685136727858,653.2833400980638,994.9804099845576,662.8600873178353
6647,1,994.9945780832802,653.1654082013969,994.635846871017,662.7329959391005
6648,1,994.3663813765789,653.0387198647522,994.9973686913274,662.6172239205847
6649,1,994.9792493796751,652.9374182389054,994.6161564918735,662.4869913984637
6650,1,994.3884825315798,652.8148010604172,994.972784494637,662.377395758396
6651,1,994.9939817320471,652.7106179447121,994.6433995329456,662.2499446504029
6652,1,994.3698893982278,652.5821621012323,994.9899576876887,662.1318911020957
6653,1,994.9884680846433,652.4673566475844,994.6170497153213,661.9988334210357
6654,1,994.3689620795799,652.3373918431288,994.9827272478508,661.8830801435691
6655,1,994.9879286269742,652.2156898319294,994.6322192699148,661.7618543555549
6656,1,994.3764507178865,652.0865006671598,994.9961699813358,661.6473173690132
6657,1,994.9973164969792,651.9820706628282,994.6195619144775,661.520067236327
6658,1,994.3557222066122,651.8542905296213,994.9742347853954,661.4073535803446
6659,1,994.985764083324,651.7407618419429,994.6497490851908,661.2881977360554
6660,1,994.3656878934694,651.6250940672269,994.9913416726642,661.176755899411
6661,1,994.9931104216623,651.5146760424325,994.6282748676134,661.0562616098109
6662,1,994.3563142365628,651.38542733628,994.9852472618481,660.9530861976999
6663,1,994.985828040092,651.2715130032848,994.6291476544123,660.8262446088756
6664,1,994.3659230294995,651.1408986898703,994.994527514126,660.7108428914536
6665,1,994.99080562715,651.0212616611994,994.617560218738,660.5848664458173
6666,1,994.3577396098373,650.8998250496636,994.9896997175197,660.473129831238
6667,1,994.9906796614755,650.7858195954008,994.6157230475636,660.3532509510921
6668,1,994.3503904557249,650.66270321961,994.998321964279,660.2445184525064
6669,1,994.9902233122328,650.5554345419437,994.5912700470031,660.1131338759906
6670,1,994.3508038350657,650.4238226455682,994.9838759865318,659.9985987825066
6671,1,994.9769962171448,650.3044329175726,994.5991771531056,659.8667318116024
6672,1,994.3641655398795,650.1761368331489,994.9983116095034,659.7444436232992
6673,1,994.9950824564912,650.0597157027689,994.5791727401712,659.616678155368
6674,1,994.3332168783793,649.9307514975484,994.9785633268625,659.5071093411716
6675,1,994.9872257026356,649.81741668528,994.5928887387964,659.3820780230869
6676,1,994.3324237402335,649.6860494219039,994.9973226937557,659.2689552315853
6677,1,994.9859434887101,649.5718610657744,994.569469322116,659.1194839007488
6678,1,994.337495048935,649.4397095647507,994.977552545842,658.9909797276968
6679,1,994.9904417811277,649.3175868254142,994.5868326507518,658.848965200157
6680,1,994.3315188342468,649.1788243186392,994.9996572137003,658.7145047085729
6681,1,994.9818188300047,649.048336548869,994.5646300345759,658.5662286241551
6682,1,994.3416444395614,648.9052225926525,994.9698567722255,658.439639934952
6683,1,994.9960751014754,648.7861598657771,994.5973938821735,658.2981983811342
6684,1,994.3199854321305,648.6517058321328,994.994837640572,658.1797270282854
6685,1,994.9775134624834,648.5323157713844,994.5663945036192,658.0479760964356
6686,1,994.3441287693906,648.399106038087,994.9765314381766,657.9321429265229
6687,1,994.9930685122774,648.2812701155657,994.5956002275864,657.793404874547
6688,1,994.3401905647146,648.1437884957237,994.9947447155665,657.6703856060624
6689,1,994.9769570585886,648.0174874817011,994.5779621202444,657.5348500251686
6690,1,994.3649676527793,647.874002220736,994.9753239591325,657.4112907306109
6691,1,994.9984797698463,647.7438900651525,994.6031778670252,657.2716510872447
6692,1,994.350417812761,647.6026242556828,994.9990567525834,657.1387437652212
6693,1,994.9785801672647,647.4712696120336,994.581073413152,656.9882838884962
6694,1,994.3665453767481,647.3230679247324,994.9795807969984,656.8544701272872
6695,1,994.9986776814129,647.1858486107086,994.5958116820165,656.7085029369314
6696,1,994.3457497383979,647.0282966062398,994.999675006199,656.5761426266662
6697,1,994.9770249175783,646.9010913067333,994.5728845069115,656.4272473217894
6698,1,994.3740121214709,646.7519824123433,994.9770968142338,656.2965063078989
6699,1,994.998157576514,646.6166308426816,994.5934982167722,656.1459619206945
6700,1,994.3572761342788,646.4736307515502,994.9953527520064,656.0043558236479
6701,1,994.9709661200434,646.3429339389407,994.5712980512337,655.85286572087
6702,1,994.3995627649979,646.2021129021047,994.9778485418577,655.7213015924218
6703,1,994.9857947553661,646.0688788888997,994.5868042221947,655.5806035065924
6704,1,994.3780816141108,645.9233190771811,994.9992267185788,655.445846198312
6705,1,994.9905612879293,645.7842184368675,994.5609667249491,655.3008044656318
6706,1,994.3720742854052,645.6304168348611,994.9744897587394,655.161728566728
6707,1,994.9910389261378,645.4874728918377,994.5891146418653,655.0075251495243
6708,1,994.3606721608293,645.3320332151617,994.9976182334323,654.8623874024918
6709,1,994.980247072769,645.1808646360047,994.5682307887271,654.7066399702436
6710,1,994.3757136862913,645.0139911324343,994.974470662373,654.553660471848
6711,1,994.9906469129253,644.8629206000292,994.5999242021712,654.3827371861202
6712,1,994.3718616352796,644.6987736105615,994.9998868452564,654.2229478132967
6713,1,994.9911688995105,644.546728971522,994.5781073039011,654.0608067745035
6714,1,994.3654059749673,644.3802125530857,994.9687796290672,653.9130964236022
6715,1,994.9884901328857,644.2278268329422,994.6199415810495,653.7577495599885
6716,1,994.364578119954,644.072028160002,994.9905261727902,653.6109357877319
6717,1,994.9864761780192,643.9221945293343,994.5936865906149,653.448153174282
6718,1,994.3682117484664,643.7567641654286,994.9825789796466,653.2923434199138
6719,1,994.9792299648136,643.5993298859706,994.5988844669677,653.1241656417478
6720,1,994.3799584788388,643.425078137677,994.9921997151403,652.9598348310548
6721,1,994.9921314393457,643.2599515657304,994.5951706179824,652.7859207524444
6722,1,994.3726325418066,643.0812539059714,994.9884977540702,652.6256585182116
6723,1,994.9808332676429,642.914723237011,994.5917947085921,652.4521374734629
6724,1,994.3895202099824,642.7401684299817,994.9891662049343,652.2867486038276
6725,1,994.9967415223429,642.5753148365263,994.5977035587616,652.1134486331669
6726,1,994.3704131998676,642.4040256481669,994.9797620556271,651.9449958976835
6727,1,994.9788212867858,642.2375477165399,994.6084490973035,651.759430185197
6728,1,994.3922154896019,642.0580520537968,994.9979608661286,651.5880445332341
6729,1,994.9990234864147,641.8849478365568,994.5886388089716,651.3993845589202
6730,1,994.3682202107125,641.6942947373329,994.9789816708393,651.2300561162651
6731,1,994.9797714413343,641.515185033642,994.5992424850618,651.0431566495245
6732,1,994.3950970229066,641.3248607282192,994.9948000119446,650.872094238576
6733,1,994.9999540602573,641.1643803183898,994.5779540514199,650.6766213725033
6734,1,994.3673879376821,640.972970074522,994.9814476482949,650.5033494414961
6735,1,994.9697581935327,640.796581855848,994.5882532761798,650.3200648283758
6736,1,994.4036566787778,640.6041279955479,994.991827277462,650.1418075308135
6737,1,994.9883520550137,640.4297262363895,994.5808376702074,649.9514524301895
6738,1,994.3770158430184,640.2457334229549,994.9945041629811,649.7718867395702
6739,1,994.9918741626664,640.0699266037644,994.5655674586071,649.5861701045812
6740,1,994.3654768267102,639.882261121502,994.980905692028,649.4093460489133
6741,1,994.982939467191,639.7120721672867,994.5714347781502,649.226302959091
6742,1,994.3785034762085,639.5273475771152,994.9978661502122,649.0553147419081
6743,1,994.997349833305,639.3604199041595,994.5533494557493,648.8696249013105
6744,1,994.3530272804841,639.1805631704168,994.9707889238666,648.7002072055393
6745,1,994.9722697474951,639.0145912769427,994.5901970664312,648.5185433152309
6746,1,994.3771191231284,638.8341079780088,994.9985227605413,648.3517720448481
6747,1,994.9943089780214,638.6714118852058,994.5604529105884,648.1743714855558
6748,1,994.353140054069,638.496660063535,994.9799126523528,648.0097325639872
6749,1,994.9833311450253,638.3334901798652,994.5765151237697,647.8338294920729
6750,1,994.3681864341971,638.1624318126046,994.9901557876511,647.6677309664799
6751,1,994.9905782736547,638.0025721921686,994.5733179930688,647.4900968940395
6752,1,994.3567272735207,637.819001187023,994.9848605314766,647.3136762276059
6753,1,994.9830040459519,637.6375563056724,994.57988802036,647.1265869900595
6754,1,994.362784858909,637.4405174973236,994.9849252118081,646.9432925685846
6755,1,994.9882507963122,637.2626986868842,994.5814224636225,646.7463082999805
6756,1,994.3616571110919,637.0640379869623,994.9904598144427,646.5594514014948
6757,1,994.9891945564486,636.8758048120362,994.575821713403,646.3619592546011
6758,1,994.3442237826101,636.6763032380524,994.9844233486224,646.1749780347246
6759,1,994.9880843099702,636.4918924434355,994.5690118856522,645.9753842131408
6760,1,994.3434714679006,636.2963817435792,994.9895132081841,645.7950566527214
6761,1,994.9877996109365,636.1116951399583,994.5660590721182,645.5972493548327
6762,1,994.3397015462008,635.9098579494699,994.9841621155531,645.4142941521728
6763,1,994.9846797265263,635.7252575484674,994.5678266519625,645.2095651301569
6764,1,994.3303551241847,635.5204838575569,994.9827538624322,645.0160477407228
6765,1,994.9850655534677,635.3213840335862,994.5730862597657,644.815768741047
6766,1,994.3320097276203,635.1079008097522,994.9987216425529,644.624127978142
6767,1,994.9936760936952,634.9122313921973,994.5522980071308,644.4191100558314
6768,1,994.3194726244573,634.7083870645126,994.9716575516024,644.2317819201439
6769,1,994.9709738202305,634.5214311314913,994.5886565955822,644.039522317102
6770,1,994.3457444356758,634.3257116448627,994.9957544562429,643.8598080402421
6771,1,994.9992539597655,634.1441212178788,994.5599326018136,643.6702413135683
6772,1,994.3200026314157,633.9475399860132,994.9781305587635,643.4890593862463
6773,1,994.9794161037757,633.7650121722246,994.5748876437374,643.2932638957105
6774,1,994.3330410000265,633.5693891552646,994.9999032343474,643.1139330191257
6775,1,994.9999915052116,633.3818630012428,994.553959114243,642.9211393725523
6776,1,994.3083713009274,633.1877442592694,994.9732486823904,642.7410076023613
6777,1,994.9781159030998,633.0104693989141,994.5760593054941,642.5438664278606
6778,1,994.3228202880132,632.8146171998991,994.998680404276,642.3569197011878
6779,1,994.995243294058,632.6324315480431,994.5570716792747,642.1550183117237
6780,1,994.3138185888712,632.4386252483527,994.9726061950747,641.9730701965906
6781,1,994.9715022051213,632.2602866333843,994.5825754323108,641.7764146028996
6782,1,994.3494191206348,632.0656211164296,994.9970883826894,641.5975685387378
6783,1,994.9923466455031,631.8915063127257,994.5657490191037,641.4070499979143
6784,1,994.3146849509051,631.7082280193374,994.9850581207211,641.2343095579555
6785,1,994.9823473793301,631.542313615803,994.5754163788099,641.052407865333
6786,1,994.3266621500367,631.3655758847077,994.9829364668142,640.8838679632756
6787,1,994.9927401162231,631.1979884090731,994.5841515484461,640.7055929597977
6788,1,994.3227689215892,631.0166966475771,994.9867983133311,640.5344647839418
6789,1,994.9789744337219,630.8466232135033,994.589770987561,640.3494595138783
6790,1,994.33725618605,630.6637403230527,994.9868893464471,640.1860661769309
6791,1,994.9917682271771,630.495829146651,994.5963397103808,639.9993547713672
6792,1,994.326497399923,630.3138276385004,994.9842148950829,639.8239937466283
6793,1,994.9813501950265,630.1345463124821,994.6009981313108,639.6378396309434
6794,1,994.3412127280066,629.9394075110804,994.990871501595,639.4574231176019
6795,1,994.9963345040894,629.7547367965176,994.5930391646234,639.2551488757625
6796,1,994.318586441887,629.549591467909,994.9889532192014,639.0716736433318
6797,1,994.9755403721967,629.3628914014012,994.5885739545397,638.8732794658163
6798,1,994.3403893732054,629.1564803009284,994.9764513550922,638.6860876196619
6799,1,994.9926612763361,628.9745453320513,994.6170846265045,638.4793370829105
6800,1,994.3172178417354,628.7751911000303,994.9946892232615,638.2944048411365
6801,1,994.9855321104778,628.592844752827,994.5911253536816,638.0909363712709
6802,1,994.3274400227672,628.4001914652181,994.9867981118697,637.9030179615453
6803,1,994.9976828471223,628.2194944140083,994.5873013159132,637.7044167272572
6804,1,994.30425358614,628.0191117732554,994.9825756635959,637.5096199412928
6805,1,994.9738947198158,627.835556848743,994.5959753008699,637.2993070002487
6806,1,994.3391056961539,627.633584832067,994.9820589053331,637.10778975796
6807,1,994.9946280103838,627.4439101228363,994.5993938210065,636.9004224028611
6808,1,994.315071801368,627.2355684176722,994.9897146030273,636.706206879993
6809,1,994.9778875508362,627.0512035825602,994.5924414700006,636.4960146619378
6810,1,994.3350097685704,626.8499283098516,994.9814208202985,636.3103216666565
6811,1,994.9875984310983,626.6616143704624,994.5904200674283,636.1143295035075
6812,1,994.3236911013079,626.4668361203384,994.9932886734857,635.9319830419097
6813,1,994.978731869621,626.2937320083232,994.5815018243975,635.7301330069627
6814,1,994.3467937541319,626.1028526129867,994.9879767048658,635.5500435450969
6815,1,994.989533175374,625.9228502241675,994.5823605333007,635.354450979032
6816,1,994.3295117509895,625.7285660707846,994.9744714358842,635.1698874704656
6817,1,994.9803260430812,625.5506994672851,994.5943241567201,634.9759596468068
6818,1,994.3373898671039,625.3639246862133,994.9977309242923,634.8076571151133
6819,1,994.984687283853,625.1952514627504,994.570495408177,634.6221129951945
6820,1,994.3368959528719,625.0024546896024,994.96341210097,634.460815139358
6821,1,994.98631573967,624.8287958736203,994.6160575392428,634.2717783030614
6822,1,994.3357170493018,624.6413441428448,994.9882114866415,634.0919388678403
6823,1,994.9884949148989,624.4536006609787,994.5949162226252,633.8960372656248
6824,1,994.3259746998883,624.2557910563914,994.9803802422766,633.7182090776332
6825,1,994.9835518237479,624.0714969256845,994.6024669948108,633.5256992002414
6826,1,994.3312097039358,623.8849863183136,994.9974282747288,633.3552807725828
6827,1,994.996440865925,623.7155124147147,994.5808391100916,633.170412296773
6828,1,994.3064424396262,623.5325962044828,994.9703416278161,633.0007614556007
6829,1,994.9747640709562,623.3692513075281,994.5977693427853,632.8149026793899
6830,1,994.3309117047045,623.1862908396852,994.996234573243,632.6494000474751
6831,1,994.9976471529003,623.0206600209822,994.5709998170294,632.4668504253112
6832,1,994.3080995310564,622.8421574685736,994.9769526854632,632.3014313218974
6833,1,994.9735810934332,622.6783761218951,994.5861092953722,632.1256032151349
6834,1,994.3315904485459,622.4990688639687,994.9962579743344,631.9665181408053
6835,1,994.9944474114233,622.3422575389242,994.5660633390532,631.7911989551164
6836,1,994.3173799994461,622.1730258099061,994.9724914346651,631.6336725040776
6837,1,994.9752307912407,622.0156788210755,994.587132110775,631.4516355417932
6838,1,994.3363791799915,621.8329847047993,994.9902407562965,631.2911572173257
6839,1,994.9955928556133,621.6680955240332,994.5727009916803,631.1196489046168
6840,1,994.310562779931,621.4907272733221,994.9816846162449,630.9635411382096
6841,1,994.9677047993547,621.3284782626417,994.5757982534425,630.7941613190401
6842,1,994.3449799707521,621.1509283815369,994.9957591051407,630.630378749599
6843,1,994.9978432553695,620.9842423321664,994.5648464654458,630.4450248674341
6844,1,994.3132088439557,620.7990062082533,994.9714046241465,630.2803351797758
6845,1,994.9709783163806,620.6190249428804,994.6018067849474,630.1022778932429
6846,1,994.3428026493482,620.4303971785404,994.9991212270492,629.9314686719808
6847,1,994.9924234966257,620.2622543961535,994.5832503418806,629.7470281827201
6848,1,994.3144046717372,620.0799438124924,994.9813124514284,629.5796244647759
6849,1,994.9863144624219,619.9166068201503,994.5964070973198,629.3954094870055
6850,1,994.3177142297421,619.7290960607371,994.9835202448716,629.2271013088254
6851,1,994.9856076975658,619.5629581454108,994.6053191939183,629.0398333445869
6852,1,994.3175433095885,619.3765971645714,994.9905754549056,628.8755260092244
6853,1,994.9835740400276,619.2161273592151,994.5934525606503,628.6938639082942
6854,1,994.3201705794987,619.0325769188344,994.9853804118324,628.5311540970022
6855,1,994.9851266433008,618.874598697676,994.598732131975,628.3479630493854
6856,1,994.3234117573948,618.6975482919163,994.981593142729,628.1798832067757
6857,1,994.981942843478,618.529540587144,994.6088998468141,628.0010595059604
6858,1,994.3399669208585,618.3481282383767,994.984232533143,627.842818402756
6859,1,994.9921494164877,618.19310695966,994.6266398491869,627.6703324812822
6860,1,994.3354114036658,618.0174283059213,994.9879064617197,627.5185914612235
6861,1,994.9731846940625,617.8662477286919,994.6230438622963,627.3450080047885
6862,1,994.3632306218789,617.7015338064072,994.9911714480879,627.200543312879
6863,1,994.9959808175873,617.5556973612478,994.6183302494069,627.0270226063002
6864,1,994.3370969556971,617.387809392874,994.9844484804636,626.8748475307127
6865,1,994.9762785107046,617.2424732013866,994.619929608223,626.7044952540239
6866,1,994.3490239877436,617.0715323077175,994.9888030503084,626.5562430577862
6867,1,994.9925172158822,616.9244859829388,994.6102634667925,626.382425882797
6868,1,994.3384305393516,616.7537531059214,994.9814759110778,626.2259139153447
6869,1,994.9797080037425,616.5945961837876,994.6204309600338,626.054421302603
6870,1,994.3475648476751,616.4255190298553,994.9924069998923,625.8952900264349
6871,1,994.9916296670011,616.2699302861718,994.6090466447916,625.7218484573915
6872,1,994.3370378109119,616.1129519809679,994.9746029659782,625.569051606541
6873,1,994.9755086538672,615.9662472241782,994.633318295205,625.4030831343622
6874,1,994.3632601613133,615.8041128978648,994.9909856331815,625.2546809236374
6875,1,994.9915193270762,615.654417494642,994.6207867732926,625.0945128136655
6876,1,994.348701622035,615.4960481721782,994.9806409519865,624.9444078304537
6877,1,994.9794879416977,615.3496385299721,994.6355702462045,624.7873772750008
6878,1,994.3574907091631,615.185157666307,994.9904647122244,624.6412061162815
6879,1,994.9916595185476,615.037511657228,994.633805372781,624.4782597932223
6880,1,994.3440666445649,614.873895593111,994.9834839356087,624.3287432364216
6881,1,994.9771945680402,614.7264281974311,994.6361313923494,624.1713011129796
6882,1,994.358505302556,614.5616142680421,994.9869767896444,624.0175101798181
6883,1,994.9984527031525,614.4141485920296,994.6379695237285,623.8583431030804
6884,1,994.3399541266257,614.2509435338729,994.9874255161534,623.7053460729138
6885,1,994.9746778113563,614.0995243118301,994.6348742694996,623.5378795009573
6886,1,994.3660438034101,613.9334887537161,994.9930152763685,623.383789480171
6887,1,994.9999737014302,613.7858566787553,994.6122984094288,623.2179773550264
6888,1,994.3320595566573,613.6215016622192,994.9774934699161,623.0746135019933
6889,1,994.9710645946341,613.4748310267776,994.6217743313613,622.9133752300934
6890,1,994.3659071733639,613.310258558267,994.9949149506564,622.7700995564165
6891,1,994.998022356923,613.1666891406535,994.6066486771962,622.6079775878992
6892,1,994.338910942725,613.0074968270022,994.9717276604832,622.4647384250175
6893,1,994.9742402775389,612.8612684371417,994.6348721334673,622.3107409549762
6894,1,994.3622160734001,612.7129618052377,994.9988583380033,622.1698597377717
6895,1,994.992893982642,612.5858266665109,994.6096095874068,622.0207682304006
6896,1,994.3508414224624,612.4384390704377,994.9708157423469,621.8974339257928
6897,1,994.9771825401745,612.3126059514484,994.6426357642995,621.7462684728431
6898,1,994.3652166411099,612.1685031154079,994.9959177823703,621.6226043478482
6899,1,994.9997026332976,612.0450779662596,994.6145507015015,621.4731721710172
6900,1,994.3360320135229,611.9049403096362,994.9814768938519,621.3420077488017
6901,1,994.972440888203,611.7822291117428,994.623315289603,621.1940309732587
6902,1,994.3580768247119,611.6363429792638,994.9907432181154,621.0620558008325
6903,1,994.9967357104321,611.4989047442731,994.6160423417075,620.9182925792414
6904,1,994.3275618181408,611.3517011651456,994.9820709659732,620.7914960665817
6905,1,994.9780987847395,611.2218606829797,994.6274818877898,620.6450145005188
6906,1,994.3417452368928,611.0796734688747,994.9848853477941,620.5130975545208
6907,1,994.9853692256133,610.9535831628876,994.6285311518715,620.3785266387447
6908,1,994.3502088693867,610.8174431355427,994.9862949616647,620.2594407532345
6909,1,994.9906557623592,610.69497412168,994.6257100898999,620.1150022796403
6910,1,994.340176346027,610.5520593690419,994.9874265087601,619.9888998191827
6911,1,994.9759936355607,610.424625756173,994.6236947546453,619.8426083429406
6912,1,994.3671360359066,610.2815478230787,994.9848896055387,619.718399713434
6913,1,994.9982120150715,610.1636676073514,994.6192744199319,619.5665756682847
6914,1,994.3329356476826,610.0175583145667,994.9947043855927,619.4391836298822
6915,1,994.9702427889903,609.8809480420902,994.5989257513909,619.3054495526352
6916,1,994.3637848531899,609.7417653299187,994.9739696089116,619.1758465862456
6917,1,994.9992825892148,609.6107722696087,994.6160321440987,619.0359180791233
6918,1,994.3425353184515,609.4705612527446,994.9929317114412,618.9058782412454
6919,1,994.9718458119296,609.3373490454441,994.5932113353481,618.7682022233166
6920,1,994.3699585391997,609.1900666120288,994.9726496788151,618.6425939351006
6921,1,994.9969665924222,609.0533482706586,994.6165853676075,618.4982218201917
6922,1,994.3429623035321,608.9101826722228,994.9943696718212,618.361956403027
6923,1,994.9720259643053,608.7738073406098,994.6000678728527,618.213349678119
6924,1,994.373043344471,608.6176011028115,994.9768718988447,618.0719366042838
6925,1,994.9977258779521,608.4756506767856,994.6212688924741,617.9157424368451
6926,1,994.3448112523002,608.3180193869272,994.9965870776007,617.7703829767372
6927,1,994.9768804046182,608.1734922854234,994.6018356878026,617.6068011508031
6928,1,994.3534130285856,608.0096079152319,994.9738400400627,617.4580271434195
6929,1,994.9960934568113,607.8608741619238,994.6274262213475,617.3062459537257
6930,1,994.3357403955325,607.701172618751,994.9972059608533,617.15664213997
6931,1,994.9819167867446,607.5622435087502,994.6031478555946,616.9917329681705
6932,1,994.3474663943715,607.4028143879347,994.9801409926445,616.8468251208018
6933,1,994.9875572495639,607.2518504032538,994.6125359870133,616.6864709015348
6934,1,994.339045275395,607.0870422627505,994.9901204425336,616.5336633195876
6935,1,994.9843406114311,606.9366247253557,994.601166408128,616.3608212024084
6936,1,994.3437384921478,606.7637778766066,994.9862878808206,616.2100775519001
6937,1,994.9844867951305,606.6122231611265,994.6005495369413,616.0387081669448
6938,1,994.3410675136735,606.4439470635701,994.9894687556551,615.8903658211315
6939,1,994.9909733651774,606.2964361486513,994.5919891296137,615.721421458067
6940,1,994.3284829899312,606.13479508486,994.979965031819,615.5673880896674
6941,1,994.9755392201008,605.9736743347382,994.6013716283426,615.3954452358066
6942,1,994.3458118058528,605.7939692059347,994.9931111002797,615.2426948821436
6943,1,994.9976575063847,605.6384389563968,994.5863569278171,615.0679494319131
6944,1,994.3226338074844,605.4690109573933,994.9696808640953,614.9143610695143
6945,1,994.9816158494643,605.314188859107,994.616209590106,614.7451346643534
6946,1,994.330893384468,605.1504683323724,994.99707339149,614.5888135063358
6947,1,994.9927363145185,604.9991745013443,994.5908400940065,614.4211692959926
6948,1,994.3094754340525,604.8352414334717,994.9668612453055,614.2696534684565
6949,1,994.9800004101681,604.6791690392841,994.6274646855064,614.0991663946386
6950,1,994.3136481679724,604.5076634830255,994.9951976830773,613.9379484730982
6951,1,994.9880872775158,604.362703466011,994.6069392129403,613.7609791499987
6952,1,994.3095054739061,604.1994557654564,994.975840240274,613.6094866108805
6953,1,994.9832047139034,604.0498326411564,994.6184221180499,613.440661189943
6954,1,994.31180637534,603.8809882746673,994.9911942064035,613.287071091617
6955,1,994.9767072187916,603.7246788158157,994.6024081186457,613.1188474668971
6956,1,994.3273053517194,603.5479906672217,994.9736958960001,612.9576663630148
6957,1,994.9940084814368,603.3824968231223,994.624768465271,612.7790746589951
6958,1,994.315554451932,603.2037895780336,994.9938042314346,612.6169915816878
6959,1,994.9763187151298,603.0475826012581,994.6086880064368,612.4444440492402
6960,1,994.3380685310407,602.8728165573339,994.9768572737527,612.286571004702
6961,1,994.9924521784307,602.7150162338107,994.627529654197,612.1099084029532
6962,1,994.3245741510128,602.5434438723514,994.9932762077883,611.9512194562751
6963,1,994.9807814559473,602.38757227321,994.6059495594069,611.777505364374
6964,1,994.3354400780072,602.2140273801024,994.9649471324097,611.6274196476959
6965,1,994.9891598715654,602.0598927331987,994.6527391385837,611.4695135308294
6966,1,994.333657931199,601.8976349288481,994.9982516298586,611.3186985197316
6967,1,994.9897827519139,601.7429721506733,994.6242025830754,611.1507703480386
6968,1,994.3259393341922,601.5746738173311,994.976359810638,610.9945059418
6969,1,994.9836483607263,601.4260498496235,994.6380184808717,610.8203924506763
6970,1,994.3196409715973,601.2526263433832,994.9945815769439,610.6692685550712
6971,1,994.9932741786149,601.0996606787306,994.6173507830866,610.5017956970631
6972,1,994.295898956133,600.9350641658706,994.9711789323254,610.3522914963495
6973,1,994.9764156222496,600.7801941238691,994.6414976248691,610.1873810590084
6974,1,994.3139040143095,600.6086244036537,994.9968109997396,610.0317381317781
6975,1,994.9924412224613,600.4509433012064,994.609050579667,609.8587393267301
6976,1,994.2987446904946,600.2809239225375,994.9737208766778,609.7065709591866
6977,1,994.973453049721,600.1345409824946,994.626724416802,609.5285886984238
6978,1,994.3264172137116,599.9633327740426,994.9921593258935,609.3701147566721
6979,1,994.9922028067413,599.80887270617,994.6106706881512,609.2022878611252
6980,1,994.3092412902084,599.644557205006,994.9717250471286,609.0479080719679
6981,1,994.9854140700106,599.4945597606425,994.6393637978202,608.88142473658
6982,1,994.3050114707222,599.3270812943889,994.9873297542987,608.7364470017
6983,1,994.9774040650634,599.1792579938661,994.63051680523,608.5647441184051
6984,1,994.3227020744289,599.0136434751583,994.9764945244582,608.4089735859422
6985,1,994.9902706856503,598.8584878696296,994.6447249145551,608.2340105719732
6986,1,994.3109114853623,598.6848719435434,994.989704250489,608.073551885922
6987,1,994.9904858192184,598.5275019213988,994.6310197033541,607.9057580173179
6988,1,994.2992268312457,598.3576461506068,994.9730248060287,607.7542731284772
6989,1,994.9722024804428,598.2101138491175,994.6517133239392,607.5858267591371
6990,1,994.3080323088435,598.0382167730666,994.9890327800281,607.4475399491632
6991,1,994.9961669001603,597.8847322284455,994.6418605694187,607.2790967127654
6992,1,994.2917849203723,597.7219236374717,994.9835394310701,607.1239731624324
6993,1,994.9765823539011,597.5839126224377,994.6430365267322,606.9475617981585
6994,1,994.3048359328156,597.4066278186509,994.9857410994099,606.7948501569313
6995,1,994.9936815629087,597.2516827634983,994.6350557265359,606.6126786652496
6996,1,994.2877448063002,597.0694318483554,994.984234665702,606.4541322184045
6997,1,994.9821944310495,596.9185001276477,994.6345568158887,606.2716936898167
6998,1,994.2937377430094,596.736928604234,994.986928455987,606.1164650872099
6999,1,994.9890600548338,596.573856849496,994.6253965360945,605.9363698148044
7000,1,994.2812600112608,596.3966208456907,994.9812265748767,605.7745707480057
7001,1,994.9742218492548,596.2428833227617,994.6280491224221,605.5956484454804
7002,1,994.3077227418585,596.070375586877,994.9845227280343,605.4428598559085
7003,1,994.9944974151847,595.9155029440375,994.6224747319532,605.2700406286681
7004,1,994.2815140489136,595.7433416086366,994.9728959150963,605.1163648082512
7005,1,994.9742928196525,595.5883256502276,994.6404155337137,604.9506134565863
7006,1,994.2954000110445,595.4167785859984,994.9970051054224,604.805312913388
7007,1,994.9927444716743,595.2661629655918,994.613897400313,604.6367672907323
7008,1,994.2784002250341,595.0950092658026,994.967545733563,604.4781969865647
7009,1,994.9797588295055,594.9369392282049,994.650876377093,604.3018640955394
7010,1,994.2783885646985,594.7674889040927,994.9954419551777,604.142066823743
7011,1,994.9835752727232,594.6228823339256,994.6155340634837,603.9665608711307
7012,1,994.2823069620915,594.4520965092231,994.9635552190676,603.826517603098
7013,1,994.983761908308,594.3050330319522,994.6579437549675,603.662828336446
7014,1,994.284959072374,594.1428275207123,994.9965456950439,603.5170831306446
7015,1,994.9839434520487,594.0098691828665,994.6248270654585,603.3520854841648
7016,1,994.2882985847134,593.8558633268208,994.9665524519139,603.2152105671464
7017,1,994.9900848441471,593.7277152484855,994.6556540196177,603.06033868679
7018,1,994.2739712724768,593.577573912409,994.995233109135,602.9286472302257
7019,1,994.9798390616018,593.4472536166993,994.6184896850855,602.7780111559249
7020,1,994.2801783826349,593.3013648502368,994.9704672415987,602.6431562708998
7021,1,994.9839776009751,593.1743097499321,994.634690699981,602.4872085672143
7022,1,994.2791434900565,593.0214874651504,994.9871338889953,602.359301723511
7023,1,994.9809028935317,592.8922497119445,994.6201036870374,602.2127812673947
7024,1,994.2739086535008,592.7477998060366,994.9840079223303,602.0749971154332
7025,1,994.9800054139705,592.6140191692645,994.6090870068867,601.9198734701247
7026,1,994.2760711648993,592.4522858487642,994.9766046291512,601.7846119251722
7027,1,994.9844702564753,592.3107405448246,994.6098441219251,601.6240865520477
7028,1,994.2693895198498,592.145744090907,994.987254294464,601.4851193547618
7029,1,994.9789987309717,592.006277149568,994.599524827224,601.3186331841656
7030,1,994.2797818295145,591.8332189213369,994.9721235770542,601.1825248815938
7031,1,994.9850946680774,591.6910001184206,994.6148878529334,601.008605621354
7032,1,994.2743884601826,591.5217993100897,994.9912217638812,600.863962314132
7033,1,994.9714037708002,591.3799970135285,994.5868480902022,600.6982636627441
7034,1,994.2941931405194,591.2106287985853,994.9738793672886,600.5501622844529
7035,1,994.9969054938139,591.0730588751253,994.5993680588224,600.3801940986035
7036,1,994.2636136120881,590.9117104767195,994.9918212131045,600.2369710315912
7037,1,994.9666095834777,590.7688268474558,994.5751565769459,600.0751699606185
7038,1,994.2897327033545,590.6075596509688,994.972297156895,599.9420562378499
7039,1,994.9968183472471,590.459842261413,994.6003168346361,599.7874534154333
7040,1,994.2579019392922,590.3085028389781,994.9910259605432,599.6473077728192
7041,1,994.9679420846738,590.1704139058423,994.5837808808848,599.4961946085501
7042,1,994.2796762258537,590.021078303293,994.9724216087136,599.3650098051377
7043,1,994.9919542861396,589.8902224557224,994.602585390235,599.2143482599591
7044,1,994.2584966549274,589.7386950228737,994.9827455113018,599.0791512341474
7045,1,994.9711346357981,589.6086111210544,994.593771429189,598.924483676276
7046,1,994.2771404365807,589.4492664552381,994.9812394272005,598.7838906008286
7047,1,994.990147141137,589.3022135515821,994.5973149268178,598.6259037767181
7048,1,994.2617224550029,589.1278295717934,994.9798602451438,598.4766759957236
7049,1,994.9669946131224,588.9745795071077,994.6015286183617,598.3011515187569
7050,1,994.2880906907717,588.801934430334,994.9798668049403,598.1474700223521
7051,1,994.9973459589901,588.6505666168121,994.6056331154,597.9811545899541
7052,1,994.2715863441755,588.4810889154985,994.9821894339118,597.8272347486289
7053,1,994.9697694241944,588.3345197333283,994.5972726613346,597.6507499307216
7054,1,994.2970841971925,588.16632683959,994.9818036775594,597.4990966145555
7055,1,994.9900753534804,588.0108813375795,994.5945933483622,597.3257130520624
7056,1,994.2789828330617,587.8425894266575,994.9860494096615,597.1666875346255
7057,1,994.9716901092082,587.6847788497065,994.5788476656039,596.9899900957273
7058,1,994.2978041689665,587.5089355707885,994.9734328458029,596.8323316997376
7059,1,994.9918768765057,587.3450252421882,994.5892704242663,596.6544672211595
7060,1,994.2695377837518,587.1634507024112,994.9931042733585,596.4913859160423
7061,1,994.9697729798648,586.9966782702498,994.5674739275801,596.3057520129476
7062,1,994.297138754277,586.8063921386905,994.9656412958874,596.1449203628854
7063,1,994.9910480896604,586.6373281476623,994.5982250500577,595.9571588100544
7064,1,994.2818198451453,586.4537146829671,994.9965885055494,595.7864536980767
7065,1,994.9749195831597,586.2801499271854,994.5741980718262,595.6000761581312
7066,1,994.2923112064589,586.0847437100301,994.9635114230796,595.4302362779631
7067,1,994.9795293354439,585.9122793574917,994.6164407171802,595.2478798863274
7068,1,994.2981712356675,585.7173196238234,994.9979954046505,595.0767547880367
7069,1,994.986026592412,585.5462169973343,994.5815416295313,594.8874569465396
7070,1,994.2936087653417,585.3530050704138,994.9733224396011,594.7152820003067
7071,1,994.9794104647909,585.1860534281946,994.6049266347609,594.5285177071722
7072,1,994.2963484397662,585.0007030326648,994.9936981966264,594.3613712038173
7073,1,994.9883302925584,584.8340471108462,994.5865543363971,594.1725528235149
7074,1,994.283800379883,584.6457978469797,994.9716923447572,594.0017256334964
7075,1,994.9702300959649,584.4797795183695,994.6052898018161,593.8197004515653
7076,1,994.3114572639417,584.2888404798416,994.9960211994791,593.6542061889558
7077,1,994.9942430304447,584.1269192306996,994.5687644448388,593.4687495316433
7078,1,994.2940034580782,583.9437542604289,994.9656112381538,593.3067437728815
7079,1,994.9618782211501,583.7673999503745,994.6064649781224,593.137583920291
7080,1,994.3344864741298,583.5889110880587,994.9997290952244,592.9650083528462
7081,1,994.9945749747277,583.4185230149146,994.5668467121715,592.7804543030906
7082,1,994.2996118123269,583.2361081096484,994.9762624205105,592.6158269629767
7083,1,994.9802677503199,583.0671514263285,994.5792698314654,592.4408923729071
7084,1,994.3038097982989,582.8820839146787,994.9910151796678,592.2805022210941
7085,1,994.9808543037717,582.7244822860579,994.5615544373088,592.0934542305811
7086,1,994.306162120514,582.5469859078938,994.9655136162565,591.9298657380497
7087,1,994.982748981298,582.3814394976824,994.5979119021907,591.7536717801945
7088,1,994.3017957050606,582.2008123843767,994.9998670724152,591.5899604930344
7089,1,994.9796395733898,582.0325580600042,994.5657084925481,591.4112722640168
7090,1,994.306524158018,581.8517175255067,994.9610449143796,591.2534977200273
7091,1,994.9881748879253,581.6967575571367,994.607901865645,591.0773311095013
7092,1,994.2964426995002,581.5210163105457,994.9895332460754,590.9154295233463
7093,1,994.9756373823104,581.3588705780857,994.5821159944005,590.7327698074791
7094,1,994.3206585104267,581.1752838440428,994.9800624781027,590.569871770875
7095,1,994.9910514168087,581.0133296254027,994.5928457664869,590.38812012697
7096,1,994.3032698737729,580.8383440977109,994.9924838869762,590.2231839739524
7097,1,994.9803721200279,580.6742802201223,994.5642103134759,590.0512857488501
7098,1,994.3067643054076,580.4965526729625,994.9689388975081,589.8946599002841
7099,1,994.9823075298456,580.3396633771398,994.5916483995982,589.7146106297142
7100,1,994.3102157768336,580.1648997797837,994.993696272052,589.5566300494108
7101,1,994.9913437003929,580.0063640193085,994.5659066961363,589.3773498963493
7102,1,994.295789372906,579.8330643655098,994.9722925895369,589.2133092676866
7103,1,994.9698405959483,579.6742144519171,994.5811336101484,589.034944900261
7104,1,994.318519562612,579.5035266769006,994.9935423546975,588.8742364381278
7105,1,994.9960781949428,579.3414856741476,994.5640183037428,588.7014781873306
7106,1,994.2836358009406,579.1660284941463,994.9632703840579,588.5368463933509
7107,1,994.9667312963244,579.0042063595735,994.6094164390425,588.3582914989875
7108,1,994.3105474443776,578.8247028501936,994.9962083815949,588.1921983728995
7109,1,994.9969244618353,578.659241202615,994.5726640265202,588.0138329211667
7110,1,994.2716308034211,578.4808777084013,994.9677931091537,587.8504625434231
7111,1,994.964133751753,578.3127340097407,994.6025755715502,587.67134937966
7112,1,994.302259045649,578.1199242660541,994.9852002801085,587.5041028525244
7113,1,994.995961630875,577.9509022590953,994.5990439805498,587.3186539245908
7114,1,994.2770061904156,577.763707658724,994.9814990290517,587.1483150876865
7115,1,994.9790794309356,577.6038198080124,994.6000175482836,586.9619256232291
7116,1,994.2818055390012,577.4192145610967,994.9852023832422,586.7965324895359
7117,1,994.9870256750067,577.2564782087046,994.5936003824828,586.6071758521499
7118,1,994.2711489884816,577.0793799804485,994.9788830842954,586.4469071500416
7119,1,994.9784768269475,576.9159093427048,994.6002318321014,586.2712291484053
7120,1,994.2782527137182,576.7331514195304,994.9929132776789,586.1005556565668
7121,1,994.9858979093285,576.560832282203,994.5788884228547,585.9170265529912
7122,1,994.2772151087223,576.3685548444117,994.9728244448224,585.7476225799725
7123,1,994.979651493806,576.1922187769185,994.5973638951826,585.5585355923903
7124,1,994.2851753673358,576.0024225433664,994.9863118168329,585.3864550019656
7125,1,994.9858842694306,575.8348956627646,994.5901825446122,585.1843553875365
7126,1,994.2759810105462,575.6419760512381,994.9837283706179,585.006501628977
7127,1,994.9833368887256,575.4666610217643,994.5841717426575,584.8137154027493
7128,1,994.2734719167794,575.2708054889814,994.9747208318228,584.6362584241324
7129,1,994.9809950176314,575.0962062376764,994.6054532738583,584.4438278300829
7130,1,994.2737445026863,574.8957485504433,994.9830513446866,584.2629447831667
7131,1,994.9782943985169,574.7220654080088,994.6070092588499,584.061282408645
7132,1,994.2807903836464,574.5225240301256,994.9725780887198,583.8886221992253
7133,1,994.9880743847664,574.3401186000755,994.6296266415435,583.6890799993208
7134,1,994.2706996821505,574.1371349366499,994.992389606213,583.5053306426257
7135,1,994.9724559774378,573.9503880149056,994.6119525898231,583.295620643488
7136,1,994.2967327832154,573.7416764476133,994.974583185498,583.1055768988375
7137,1,994.9886731210512,573.5524604415456,994.6186527763688,582.8993761847771
7138,1,994.2820839449927,573.3461802855757,994.9916552782452,582.7088866941533
7139,1,994.9739507957933,573.1629536331542,994.5999741241883,582.4984626985297
7140,1,994.3046392367788,572.9571087625096,994.9768467719023,582.3068674703085
7141,1,994.9842107616053,572.7640371989617,994.6067666290901,582.1018654423634
7142,1,994.2981673802755,572.5507362909464,994.9889474560387,581.915633655186
7143,1,994.9789757274668,572.3585855428043,994.6000152643917,581.7063490157273
7144,1,994.3057508684825,572.144637060523,994.9760688830519,581.5220847954885
7145,1,994.9898067709015,571.9567259234027,994.6120844813527,581.319515331578
7146,1,994.2862870410426,571.7499901039836,994.9813625109723,581.1346561370701
7147,1,994.9753376927243,571.5591636229201,994.619739752736,580.926323939996
7148,1,994.3063942489326,571.3426555159701,994.9890908685736,580.7349820394223
7149,1,994.9903423621939,571.1489625967039,994.6103507610404,580.5233154719798
7150,1,994.2878419974666,570.9371370022803,994.9788986793207,580.3289195304986
7151,1,994.9754493542717,570.7422566901752,994.625567562701,580.1251855429003
7152,1,994.3014148780934,570.536359592062,994.9873107299061,579.933927467235
7153,1,994.9992530140406,570.3474563279254,994.6149949793443,579.722051070677
7154,1,994.2660562035757,570.1346393373116,994.9778828065935,579.5340145044112
7155,1,994.9674931120599,569.9442117539177,994.618871721119,579.3251132471399
7156,1,994.294220886929,569.7360082796727,994.9882147409508,579.1341425847936
7157,1,994.9955962002222,569.5498260997372,994.618116805502,578.9160556147085
7158,1,994.2552630217789,569.3334275007892,994.9758451719383,578.7248147969541
7159,1,994.9732649001662,569.143461605498,994.63138715441,578.510667257994
7160,1,994.2811629715941,568.9217128712786,994.9989754960701,578.3179165567202
7161,1,994.989248839207,568.7245331631837,994.6015270253147,578.0942335490055
7162,1,994.2652044553263,568.5053857955313,994.9624720804728,577.8957754286107
7163,1,994.9773986747025,568.3098443274042,994.6305445227007,577.6831262832967
7164,1,994.2773023994782,568.0986888498788,994.9868789256775,577.4892414135014
7165,1,994.9864805731154,567.903811538339,994.5927527548563,577.2669071128288
7166,1,994.2648098709826,567.6875188081964,994.9790607385922,577.0721574321127
7167,1,994.9754522222029,567.493007046143,994.5969514213363,576.8511495786415
7168,1,994.2772949918234,567.2741096558049,994.9863518951221,576.6567368881589
7169,1,994.9942605111688,567.0804525325303,994.5907280482987,576.4457454724055
7170,1,994.2554454627531,566.8700190359499,994.9671009101528,576.2500470345868
7171,1,994.9637324742744,566.6790272251094,994.6160625458824,576.0395376099997
7172,1,994.2869321801282,566.4761366725079,994.9974002830573,575.8575033255521
7173,1,994.9984645163214,566.2981841768182,994.5850334011203,575.6571286377539
7174,1,994.2550691637776,566.1039021881284,994.9596384346949,575.4852526583365
7175,1,994.9714795083315,565.9354072243913,994.6330027814159,575.2867737625853
7176,1,994.2747416931952,565.7351503714239,994.9918827506485,575.1110247322056
7177,1,994.985690460389,565.5582671538764,994.5984720291557,574.9232548505502
7178,1,994.2728946134688,565.3697563265031,994.9744793231149,574.7534350881538
7179,1,994.9702987748201,565.1985583850839,994.6212174134306,574.5734780505387
7180,1,994.3049460897076,565.009259987349,994.9998135328709,574.4044231017598
7181,1,994.9990206127786,564.8407842747201,994.588018928174,574.2192711289255
7182,1,994.2771680398466,564.6544797022353,994.9605145882064,574.0460837653469
7183,1,994.9656624819443,564.4819501040638,994.6344860002895,573.8517917557831
7184,1,994.3021968701083,564.2855592367706,994.9941647846081,573.6757165015985
7185,1,994.9973561399554,564.1107353274607,994.6009300387137,573.4803662075664
7186,1,994.2771395691135,563.9192175122779,994.9728975840382,573.3143794953797
7187,1,994.9718576244898,563.7434651516245,994.6167957853995,573.1318929784359
7188,1,994.2976835193924,563.5515969407647,994.9911012109644,572.9610120233656
7189,1,994.9900538017068,563.3805753353271,994.5958942678171,572.7727175967825
7190,1,994.2871537281969,563.1919703063435,994.9801464636853,572.6038277184484
7191,1,994.9808830487303,563.0275734829507,994.6080439361924,572.4155288913786
7192,1,994.2887342216831,562.841661543916,994.9886523152957,572.243573552473
7193,1,994.98245954031,562.676330485649,994.5990746179089,572.0460795994068
7194,1,994.2878833809832,562.4842395740138,994.980252020369,571.8791043209476
7195,1,994.980278786385,562.3153840365019,994.6003316147596,571.6845055960929
7196,1,994.2945887891614,562.1194774426638,994.9847117403091,571.5159810136458
7197,1,994.9851080343211,561.9514986986293,994.5950941287911,571.322397363167
7198,1,994.2888389688967,561.7601429285068,994.9793401237185,571.1445522789434
7199,1,994.9776556678747,561.5755937892393,994.6076939905594,570.9379961703962
7200,1,994.3053371144713,561.3667404933974,994.9847480327744,570.7585330323367
7201,1,994.987776951243,561.1782791985463,994.6031848583165,570.5562439368933
7202,1,994.2907758781225,560.9698054468423,994.9780035530766,570.3714110267723
7203,1,994.982868495686,560.791113346213,994.608004395102,570.1680778560794
7204,1,994.2933428613055,560.5898153004599,994.9862049532187,569.9921754672033
7205,1,994.978433784984,560.4140586275197,994.5978160536163,569.7890522177134
7206,1,994.3069106793412,560.2152180174176,994.971442723748,569.61690569151
7207,1,994.9952122803337,560.0359154722324,994.6196712342966,569.4209200294084
7208,1,994.2860733630118,559.843296238982,994.9913290718936,569.2356863052987
7209,1,994.9778457805828,559.6547724300857,994.5961345485551,569.0421977434918
7210,1,994.2946501764685,559.4480970596419,994.9695952058613,568.8578256237706
7211,1,994.9941633094195,559.2559602924546,994.6264110973019,568.6533989242151
7212,1,994.2851688127756,559.0497143395138,994.9998218028062,568.4658485266557
7213,1,994.971776822238,558.8611575280701,994.5936581467654,568.2648436956443
7214,1,994.3041751658465,558.6593440534963,994.9693927724946,568.086671888504
7215,1,994.991984173409,558.4805434544315,994.6238715098063,567.8885726382165
7216,1,994.2919377079951,558.2886077461148,994.9977889887003,567.7118566444941
7217,1,994.9793033109632,558.1123698338577,994.6006102914679,567.5174692366434
7218,1,994.2945151995848,557.9202146047127,994.9712121521312,567.3383280533784
7219,1,994.9886093545801,557.7489225144055,994.6287656915578,567.1435696909348
7220,1,994.2847967013724,557.557192152771,994.9938386276223,566.9762878786933
7221,1,994.9753229200437,557.3899124192278,994.613031251128,566.7885718332616
7222,1,994.2956403984122,557.2063191623142,994.9767178730941,566.6255126704085
7223,1,994.9972873718413,557.036379522597,994.6303603613834,566.4400970512105
7224,1,994.2671219251088,556.8480194132535,994.9958371678273,566.2637649694861
7225,1,994.9708309945565,556.6782325132746,994.6089325230249,566.0762206105654
7226,1,994.2897591962919,556.4916155584035,994.9684261877302,565.9014139057058
7227,1,994.9994680936045,556.3161795177216,994.6418248251315,565.7070679574045
7228,1,994.2678882395863,556.1279874365352,994.9959346756748,565.5292563614029
7229,1,994.9627534987626,555.9535323699838,994.6191508775611,565.3452863013165
7230,1,994.306070834833,555.7547450986967,994.9725948010788,565.1786071157791
7231,1,994.9933934982482,555.5834124351401,994.6430649054902,564.9901899682126
7232,1,994.2774743059849,555.3909741508728,994.996834391098,564.8281015026511
7233,1,994.9691131894579,555.2226335461994,994.6238230025646,564.6487464057601
7234,1,994.3045441983505,555.0424452322206,994.9683344470429,564.4907274150252
7235,1,994.9955003480046,554.8807456627209,994.6610120851943,564.3053210436395
7236,1,994.2797336345933,554.6995513476774,994.9915386647588,564.1458700817026
7237,1,994.9795773157535,554.5431601269315,994.6513274377113,563.9640314043497
7238,1,994.2952404427411,554.3687289604457,994.9838151093586,563.8033547426194
7239,1,994.9890269091655,554.2248999070036,994.6582545052005,563.62325808095
7240,1,994.2970751915589,554.050598148141,994.9850796993375,563.4682030707609
7241,1,994.9760703472779,553.8958806302611,994.6571799736267,563.291890325333
7242,1,994.3111472073133,553.7118945703207,994.9788484514947,563.1449037603311
7243,1,994.9997487916532,553.5574578325682,994.6758701471332,562.9711971141685
7244,1,994.2856861981644,553.3865124170242,994.9960115692361,562.8149895203725
7245,1,994.9652400826141,553.2357877176155,994.6592327045257,562.6446872112391
7246,1,994.320003913456,553.0610481061741,994.9702065990326,562.4941189339526
7247,1,994.9884058843459,552.906016068427,994.6910375838017,562.3182122952642
7248,1,994.2938207387981,552.738971308505,994.9879287798018,562.1641866262225
7249,1,994.9777560681758,552.5864397730481,994.6600794427941,561.9922665033097
7250,1,994.318131177371,552.4117047238727,994.985026681454,561.8388979756046
7251,1,994.9911131994601,552.2605990515693,994.6654869484115,561.6629967552191
7252,1,994.3083292482215,552.088272276666,994.9785425046487,561.5104070566338
7253,1,994.969623912052,551.9311440784159,994.6772359540479,561.3433254726114
7254,1,994.343752093873,551.7646706312166,994.9848485998475,561.1884052963665
7255,1,994.9946099866675,551.6173541835561,994.6835141898677,561.0185694394038
7256,1,994.315746848643,551.4618159070507,994.9860926835818,560.8722901323106
7257,1,994.9702901849886,551.3184518213843,994.6756700213514,560.714449104451
7258,1,994.3428628421351,551.1526689942299,994.983722682252,560.5752666136101
7259,1,994.997269890687,551.0062556134998,994.675550026202,560.4086546973358
7260,1,994.328908282202,550.8362016122073,994.9792229192092,560.2669455101797
7261,1,994.9739540746147,550.6912262925015,994.6964830775139,560.0997146752546
7262,1,994.3430122787693,550.5182279155715,994.98111390311,559.9539269528823
7263,1,994.9949933556251,550.3749083022624,994.705167996211,559.7832718139887
7264,1,994.3258408064538,550.2066120825567,994.9878159895644,559.6321352444078
7265,1,994.9709831466167,550.0626158433249,994.707359772045,559.4671012173744
7266,1,994.3597689147867,549.8991438650532,994.9877751534834,559.3249804408031
7267,1,994.9979208604179,549.7550649546255,994.6947564910414,559.1580378373199
7268,1,994.3334752839748,549.5885204945191,994.9824835858456,559.0174662970162
7269,1,994.9753828657135,549.4434572583434,994.6981362966791,558.8490447967775
7270,1,994.355552610691,549.2819735917802,994.9885735012018,558.6963242361419
7271,1,994.9981949081184,549.1425372740741,994.6990070382077,558.5297785709821
7272,1,994.3351357215224,548.9777014889462,994.9873342270283,558.391956355014
7273,1,994.9729486745546,548.8298003002604,994.6917774400205,558.2245345083941
7274,1,994.3648742849742,548.6537873153605,994.9825872130829,558.0688132219466
7275,1,994.992373319375,548.5078200918158,994.6945255132586,557.896489937938
7276,1,994.3254624280272,548.341650720782,994.9768368472293,557.7382664804968
7277,1,994.9759006602627,548.1956804434584,994.7093357622032,557.5683699809938
7278,1,994.3422842975225,548.0315873698397,994.9926805760877,557.412796458762
7279,1,994.9979647160573,547.8863392684352,994.6909411641356,557.2396062547547
7280,1,994.3111977386017,547.7190007612379,994.9739113440289,557.0811037130296
7281,1,994.9723222034661,547.5624346622753,994.7149187678264,556.90821772219
7282,1,994.3311498261171,547.387004367712,994.991750564777,556.75673794765
7283,1,994.9956578901663,547.2351483243518,994.7037396756236,556.5913128908745
7284,1,994.3059616962539,547.0667057618763,994.9780606314141,556.4360365967989
7285,1,994.9683434678954,546.9224125631624,994.7186072013676,556.2655363871179
7286,1,994.3404182930606,546.7605989436599,994.9824045189856,556.109973116343
7287,1,994.9991469915134,546.6178111259457,994.7293328813938,555.9355569968703
7288,1,994.3077587650383,546.4444189318394,994.9862227706759,555.7767118322416
7289,1,994.9674464373721,546.2981915586989,994.7268287724057,555.6135453512101
7290,1,994.3317895157451,546.1263054346496,994.9897704300321,555.4729824826064
7291,1,994.9954733889016,545.9782201603562,994.715955215114,555.3008776241073
7292,1,994.2952427561921,545.8063697913166,994.9736916830614,555.1542516970976
7293,1,994.9698768019174,545.6605760256178,994.7416007873971,554.9787622977751
7294,1,994.3289393985209,545.4900402520111,994.9956248352195,554.8330097546785
7295,1,994.9976917511663,545.3392795875974,994.7172480216433,554.6595141856557
7296,1,994.2952931759373,545.1684416680313,994.9735499702566,554.511646140991
7297,1,994.9679783121643,545.0227800913044,994.7265691843052,554.342571168929
7298,1,994.3284401200003,544.8519678483138,994.9979691029278,554.1927805059531
7299,1,994.997559396275,544.6994145087698,994.6947110941528,554.0145106172455
7300,1,994.2921723877381,544.5229368059254,994.9555716974019,553.860878103724
7301,1,994.9650502746025,544.3658389572423,994.7501517901744,553.6917517163329
7302,1,994.3321751293719,544.1882961309924,994.9840721627245,553.5420564188446
7303,1,994.9999326672521,544.0421777453772,994.7185588792914,553.3719502174772
7304,1,994.3016700399788,543.8782244116928,994.9806305406585,553.2233331663322
7305,1,994.9679581161422,543.7318572647342,994.7165006166676,553.0650402693391
7306,1,994.3315032826074,543.5622075544532,994.9926750059101,552.9148946151614
7307,1,994.9928500682579,543.4198855651928,994.7064556912335,552.7497483368966
7308,1,994.3155207146783,543.2566556396838,994.9704402821159,552.5997447732492
7309,1,994.9735326266966,543.1007183347668,994.7463126401494,552.4322117332875
7310,1,994.3374832279615,542.9369107072837,994.9983707166244,552.2809576172983
7311,1,994.9915377353088,542.7923498973222,994.7104045919359,552.1142439050451
7312,1,994.3238101632498,542.6259405175128,994.9736925486483,551.9687244419088
7313,1,994.9802968947234,542.4777124252439,994.7295431037057,551.8104661108313
7314,1,994.3302158329896,542.3195646133395,994.987709282219,551.667384891091
7315,1,994.983793865058,542.1769227338674,994.7216858197357,551.5072748350232
7316,1,994.3294394919579,542.0135567849204,994.9827245440497,551.3688980850484
7317,1,994.985541602732,541.8729341187217,994.7239948516767,551.2078527764231
7318,1,994.325490407715,541.7088904323768,994.9787407724734,551.0675687098599
7319,1,994.9861024895174,541.5756960808111,994.7354759055281,550.9059297742734
7320,1,994.3188327196245,541.4129173715348,994.9953949230255,550.7669670571161
7321,1,994.977881397118,541.2778795211395,994.7095051579688,550.6083836178016
7322,1,994.3389934189911,541.1253757917125,994.968481574244,550.4695379988209
7323,1,994.9988557848728,540.9781032865187,994.7364351551938,550.3124209068949
7324,1,994.313627982008,540.8160312340684,994.9983490005997,550.1674066785765
7325,1,994.9722467932975,540.6725385031523,994.7044888648217,550.0014743988492
7326,1,994.3324912704476,540.5110895137182,994.9676976128325,549.8570272306058
7327,1,994.9906126735654,540.3612467473055,994.7351482803591,549.6964956013742
7328,1,994.3273791744137,540.1979386685297,994.9991494593979,549.5587502638444
7329,1,994.9798457494046,540.0577236395915,994.7033696818936,549.3956551848428
7330,1,994.3384922706931,539.8961532101926,994.9693269657434,549.2484803144265
7331,1,994.9931258627417,539.7545574230995,994.7292583293093,549.0850324401146
7332,1,994.3183779383111,539.6010778483646,994.9982125017724,548.9386290955694
7333,1,994.9704882528439,539.4707309387661,994.704441444344,548.7798311519759
7334,1,994.3459375726592,539.3154502529179,994.968028066365,548.6497316554991
7335,1,994.9913842514816,539.1796171962964,994.731013840813,548.4986580074776
7336,1,994.331874080137,539.0259327597611,994.9984351424916,548.3677056402325
7337,1,994.9686964409817,538.9116193424702,994.7027495725926,548.2068072727283
7338,1,994.3637805467919,538.7618784693803,994.9597349757016,548.0797844436879
7339,1,994.9975138549855,538.631202993664,994.7517042677039,547.9365009303832
7340,1,994.3311356631189,538.4824371811121,994.9917966399472,547.8053870740413
7341,1,994.972276439334,538.351907452194,994.7164741379937,547.6543479705394
7342,1,994.3488860450103,538.2069896729287,994.9791464764008,547.518280799797
7343,1,994.9997115590212,538.0710503325414,994.7341707961991,547.3649355788247
7344,1,994.3156269015719,537.924167820797,994.9857841922833,547.2275227555695
7345,1,994.96180503869,537.7978439427837,994.7298703419862,547.0782262621808
7346,1,994.3549889706535,537.6491034871711,994.9815289195927,546.9566489599662
7347,1,994.9885998123485,537.5274416555053,994.7341976766104,546.8178074650125
7348,1,994.326214367041,537.3897644295417,994.9853557829164,546.6898645983844
7349,1,994.9791272779264,537.2665556798654,994.7336167546126,546.5418088503545
7350,1,994.3367764695989,537.1188701592743,994.9771246825222,546.4175785703297
7351,1,994.9915054482772,536.9961628921291,994.7444363275492,546.2667558930792
7352,1,994.3230689757293,536.8489102111082,994.9749195877779,546.149504916032
7353,1,994.9692355352468,536.7221607341676,994.7690444977915,546.0037473164673
7354,1,994.3517293801267,536.5750622147109,994.9899583583041,545.8756551129529
7355,1,994.9945813953819,536.4492105581276,994.7640671208328,545.7264772060674
7356,1,994.3284150152596,536.2922149703136,994.9837063438209,545.6088424847206
7357,1,994.9678394522508,536.1699220800617,994.7713441127145,545.4722022332516
7358,1,994.3619924405265,536.0270701383422,994.9877753190273,545.3666116108318
7359,1,994.9975984280076,535.9116520229695,994.7699788018942,545.2281986964032
7360,1,994.3446142836868,535.7778803858624,994.9863649744508,545.1069946018832
7361,1,994.9698003383228,535.6624421809585,994.7620838916325,544.9773344935625
7362,1,994.3815656441925,535.523481323848,994.9796861488968,544.8637173491929
7363,1,994.9929149283784,535.403039472863,994.7796596161962,544.7308929500196
7364,1,994.3490472724944,535.2671472261032,994.9949320664209,544.6095566267654
7365,1,994.9836173047065,535.1474610580437,994.7580463989467,544.4734740398568
7366,1,994.3483664242266,535.0098275133244,994.9734922655604,544.3454984488483
7367,1,994.9844624859902,534.8888834765215,994.7811153997246,544.207770587754
7368,1,994.3480432427958,534.7427545135472,994.9978747362424,544.0898091292404
7369,1,994.9817286682793,534.6240891433188,994.7564613221455,543.9494534329108
7370,1,994.3592920276268,534.4845445736885,994.9738935911097,543.830677631999
7371,1,994.9797715587998,534.3753510949682,994.7764070467102,543.6913337730804
7372,1,994.3657515874413,534.2474655525594,994.9970683587334,543.57539945237
7373,1,994.9841760825439,534.1296715291284,994.7597230015053,543.4445949235378
7374,1,994.3609134863835,533.9930060372214,994.9704031872188,543.3305664713
7375,1,994.9860718348995,533.8665276638876,994.7881396547303,543.197689620205
7376,1,994.3575895877872,533.7244771944842,994.9963866833032,543.083634597307
7377,1,994.9811834370338,533.6151691774627,994.7591441092837,542.9482365172812
7378,1,994.3538501235229,533.4885241538432,994.9738977947563,542.8440496717636
7379,1,994.9789099589864,533.3812547704898,994.7882541515108,542.7164514128476
7380,1,994.3640256618039,533.2499063472903,994.9999241590876,542.6184824471023
7381,1,994.9917203465155,533.153267914723,994.7540319531503,542.4889969717697
7382,1,994.3407588555484,533.0325934935936,994.9708940887475,542.3839070241006
7383,1,994.9860868490008,532.9284783299697,994.7811507464006,542.2609163245554
7384,1,994.3264245949397,532.8099168250735,994.9934406568199,542.1537855729209
7385,1,994.9793841962384,532.703733338782,994.7586100670362,542.030106427952
7386,1,994.3400752267421,532.578482369886,994.9729599295454,541.9285530680867
7387,1,994.9911249267525,532.473886816985,994.782012265658,541.8068402563357
7388,1,994.3290812938866,532.349793455757,994.9965488561736,541.7065001680405
7389,1,994.977353686225,532.2500091718115,994.7622987096246,541.5893304752178
7390,1,994.3492183421818,532.124989346416,994.9742807774991,541.4848375941892
7391,1,994.9887732430312,532.0193275630288,994.7899219914951,541.3642742241859
7392,1,994.3509691138973,531.8980132405253,994.9995275882926,541.2631384881447
7393,1,994.9833571507916,531.7956666332436,994.7677516877397,541.14197336833
7394,1,994.3513318050256,531.6689686248233,994.9732084337192,541.0435574298274
7395,1,994.9907260476984,531.5670162556823,994.7981979981173,540.9209756521764
7396,1,994.3433663483216,531.4390528599719,994.9989889631902,540.8149160844932
7397,1,994.9849981363094,531.3345016788182,994.7636326629384,540.6829344910642
7398,1,994.3541061820991,531.2103785686742,994.9711927299855,540.5707050461995
7399,1,994.996164029484,531.0985373304268,994.7938735009233,540.4502244300529
7400,1,994.3332067859869,530.972140946468,994.9981080776657,540.3467613350534
7401,1,994.9788780807579,530.8657950818555,994.777319867466,540.2253022616468
7402,1,994.3438092889389,530.7459422931288,994.9713803202269,540.1201124978944
7403,1,994.9956488360165,530.6434969720118,994.8167431583432,540.0008241076429
7404,1,994.3201102070366,530.5202040693563,994.993795392748,539.8976297601547
7405,1,994.9792141588297,530.4139433384909,994.7967185491649,539.7713669133016
7406,1,994.3273237276692,530.2912287200263,994.9848672054624,539.664802788129
7407,1,994.9928123773518,530.1844380898557,994.7895194149547,539.5412812499026
7408,1,994.3176863527451,530.0613898169773,994.9859257522032,539.4324241288409
7409,1,994.9776930503039,529.9583080368125,994.7849300873972,539.3015215444899
7410,1,994.333418173833,529.8288603526669,994.9789903135251,539.186696856531
7411,1,994.9937112286458,529.7175586270494,994.7926933608977,539.0602430069636
7412,1,994.319707109189,529.5876594539185,994.9859211733277,538.9488879770032
7413,1,994.9888144586877,529.4686044799281,994.7842936948235,538.8162947453645
7414,1,994.3129967526054,529.3310986844353,994.9800532558451,538.7059019409176
7415,1,994.980202705344,529.2166458109118,994.7938384012709,538.5763779338222
7416,1,994.321471481775,529.0776236852232,994.992386352133,538.4627947769005
7417,1,994.9893361923723,528.9618432727306,994.7859017248774,538.3293272814675
7418,1,994.312919569744,528.8267204075016,994.9806054920742,538.2245511861012
7419,1,994.9872640917912,528.7162678535534,994.8010689814911,538.0917209663514
7420,1,994.3125806951508,528.5882382754903,994.997332104164,537.9826865304535
7421,1,994.9870211775032,528.4770700733758,994.7873890594235,537.8430402909054
7422,1,994.3083397821567,528.3427866374697,994.9650517982294,537.725094905835
7423,1,994.9864816825611,528.2314699940222,994.8318336762395,537.5889257663054
7424,1,994.3143907193125,528.0966546577422,994.9788443467646,537.4770655756363
7425,1,994.9853114090384,527.9843538678828,994.8118434374746,537.3313329125134
7426,1,994.3187569206926,527.845365167807,994.9927700207115,537.2138783895806
7427,1,994.9869334907186,527.7274845712749,994.804260336281,537.0804967433462
7428,1,994.3138629780506,527.5847163969454,994.973413560411,536.9744033643293
7429,1,994.9863169415912,527.4660242826375,994.8314496023241,536.8414025793999
7430,1,994.3191809012098,527.3262876676126,994.9993840685629,536.7268867968648
7431,1,994.9947581822039,527.2092326695167,994.8086625925587,536.5841354269588
7432,1,994.3035032926158,527.0649166727361,994.9726818866267,536.4712407413762
7433,1,994.9787737950378,526.9437163404119,994.8403972937217,536.3265833146961
7434,1,994.3233988159085,526.8038035834809,994.9974345514069,536.2051228518319
7435,1,994.9967920709134,526.6877934289488,994.8179402306333,536.0664642200487
7436,1,994.2989611077735,526.5476100123956,994.9837512559085,535.950615590434
7437,1,994.9791949772844,526.4264478489825,994.8245348780674,535.8116454649098
7438,1,994.3166929183499,526.2925722770572,994.9997030627522,535.6934128288394
7439,1,994.9962206960822,526.1782925007905,994.7940415694725,535.549953237702
7440,1,994.2949725445902,526.0432954996298,994.9748134883549,535.4347265171973
7441,1,994.9744477976967,525.9209232838775,994.8074376630877,535.3059230920962
7442,1,994.3200365090864,525.774913250646,994.9985142392082,535.1927419357826
7443,1,994.9979651911581,525.6610781703203,994.7930162382305,535.0457508765594
7444,1,994.2992349311453,525.511815914958,994.9723036459225,534.9264371212729
7445,1,994.9786060172365,525.392836745002,994.8247576421873,534.7766716427788
7446,1,994.3174106873398,525.2542221758694,994.9988856441114,534.6619543090189
7447,1,994.987305704253,525.1408090266234,994.7979549558077,534.5212088452495
7448,1,994.3198215228518,525.0034016195764,994.9708282794174,534.4013039100391
7449,1,994.9843706030806,524.8816814647264,994.8319534299342,534.2633001060747
7450,1,994.327094681422,524.7435539283254,994.9942439877182,534.1444993263652
7451,1,994.9939500919628,524.6318874983093,994.7939657213137,533.9947125555245
7452,1,994.3089851612477,524.4935645750205,994.9837918070418,533.8754357762516
7453,1,994.9786424969108,524.3741707264544,994.7950610277986,533.7391976266753
7454,1,994.3258633443841,524.237695989464,994.9836233656231,533.620381824421
7455,1,994.9945917676005,524.1312528145418,994.8060991708923,533.4863689973124
7456,1,994.3153466538836,524.003670228348,994.9893348582162,533.3815579055005
7457,1,994.9788423226919,523.8927455025965,994.7936928818909,533.2511661015345
7458,1,994.3297934953567,523.7594315049361,994.9828054622849,533.1404251058104
7459,1,994.9858466879921,523.6438797057071,994.7979802538515,533.0083545899711
7460,1,994.3337928910734,523.5126545468469,994.9995979919345,532.8922841880079
7461,1,994.9854293256185,523.3982274963486,994.7734050152396,532.753182834225
7462,1,994.3403804595515,523.2581013178454,994.9711406471948,532.6431693851744
7463,1,994.9871839563667,523.1520473737945,994.8008906788756,532.513185590104
7464,1,994.3432519020683,523.0182832637282,994.9948963504467,532.3987376830313
7465,1,994.9858260508915,522.9008048846365,994.7699295717822,532.2723960469323
7466,1,994.3392743884344,522.767188217462,994.9758382276884,532.1646903645701
7467,1,994.9808550115812,522.6551098595684,994.7896896486635,532.0284058702705
7468,1,994.3538268235027,522.5227421485106,994.9997033179321,531.9155219542613
7469,1,994.9899426411367,522.4148906634998,994.7582197090625,531.7804178481123
7470,1,994.3497197944007,522.2735721122675,994.9765720039912,531.6712570258105
7471,1,994.9804806529005,522.1549211706965,994.7751397890306,531.5360845258078
7472,1,994.3604285436063,522.025401501717,994.9987216091048,531.4209019948788
7473,1,994.9951207819696,521.91603504477,994.7545289197344,531.2894690201937
7474,1,994.3421869235044,521.7878868472063,994.9756007192169,531.1763554128028
7475,1,994.9725281875468,521.6815279969702,994.7757480716339,531.0465436591064
7476,1,994.371401124129,521.5515431274441,994.9901640456591,530.9321230452487
7477,1,994.991207949136,521.4392588908592,994.7472698295701,530.7943140078937
7478,1,994.3443174839708,521.306740365923,994.9877195506648,530.6766625088168
7479,1,994.985357665601,521.1959210036847,994.7369183214993,530.5425725069141
7480,1,994.3374120140177,521.0665212105908,994.9782645526311,530.4267361977553
7481,1,994.9867528648072,520.9495678745853,994.7482080347393,530.2921194772595
7482,1,994.3356331190475,520.8119597859765,994.9926370660047,530.17923314956
7483,1,994.9830749151383,520.7004790491563,994.7376329092297,530.0502139193758
7484,1,994.3368884303013,520.5711421486184,994.9814323160241,529.9381945946024
7485,1,994.9831868546495,520.4576727753372,994.7413477768371,529.811143755185
7486,1,994.3396899193586,520.3331329772036,994.9924871521753,529.6935142363961
7487,1,994.9888079376964,520.2197153860308,994.7285854365974,529.5614739627654
7488,1,994.3302944334379,520.0841779526397,994.9825294035747,529.4476896834859
7489,1,994.9708029815305,519.9677333587359,994.731309690636,529.3191156712835
7490,1,994.354971604636,519.8309043946591,994.9915419376254,529.2079277644248
7491,1,994.9977017288039,519.7175045428914,994.7215569101389,529.0735456733108
7492,1,994.338520062718,519.5782808053351,994.9871746732744,528.9561921778221
7493,1,994.9654417240245,519.4542019281993,994.7166866833172,528.8223866526042
7494,1,994.3737720234603,519.3173793154613,994.9956564494769,528.7033115572073
7495,1,994.9941843508919,519.2046763806877,994.6958061200933,528.5594212908272
7496,1,994.34441395007,519.0623399678416,994.973489579876,528.4351466778422
7497,1,994.9774868671656,518.9351288139487,994.7144016119065,528.2901330703974
7498,1,994.3607000769808,518.7915575055201,994.9936829462057,528.1662344772928
7499,1,994.9987456952824,518.6649141318761,994.6945072775898,528.0251290761371
7500,1,994.3317810294884,518.5293843713031,994.9779706336323,527.8964850713173
7501,1,994.9770585279012,518.403864338237,994.7067016835764,527.7465147297968
7502,1,994.3370504876962,518.2587452887617,994.9963782650364,527.6286594232356
7503,1,994.9925175224695,518.1387941866867,994.6891747158734,527.4865164797201
7504,1,994.317739585161,518.0034121168898,994.9722943262423,527.3647073854447
7505,1,994.9752781129856,517.8843221061059,994.7050325376457,527.2226091089153
7506,1,994.3342785274119,517.7559139650413,994.9983942529869,527.1031574538875
7507,1,994.9904509493407,517.6350516547413,994.6764789026554,526.9661243235834
7508,1,994.3190838354702,517.4937799631108,994.9712880379892,526.8472322750034
7509,1,994.9701239500848,517.3811722137933,994.7005313530454,526.7048872164005
7510,1,994.3547917489473,517.2443280810411,994.9946121992378,526.5887070827487
7511,1,994.993353588864,517.1261332206922,994.6774879728781,526.4388760065272
7512,1,994.340085640098,516.9774346674849,994.9718781078974,526.3145365820898
7513,1,994.9678053624526,516.8518743580318,994.7011844186201,526.1678996108018
7514,1,994.379201435766,516.7096534224718,994.9934421821039,526.0389336831681
7515,1,994.9994659222803,516.5788807300154,994.6810329164001,525.8926827137458
7516,1,994.3544068595037,516.4321284876042,994.968349435637,525.7647052353923
7517,1,994.9697666386838,516.3003567293225,994.70378462408,525.6099204592107
7518,1,994.3796430167099,516.1475227711559,994.9929498618108,525.4775346334641
7519,1,994.9996229152381,516.0165751907798,994.6743117478267,525.3202155019586
7520,1,994.3427503963094,515.8624472916966,994.972923603259,525.1880534410353
7521,1,994.966419693298,515.7211564826358,994.6868855750398,525.0405647610742
7522,1,994.3791502457248,515.570930483227,994.9922643140253,524.9063423328223
7523,1,994.998339251073,515.4305344925859,994.6743732758214,524.7617257808698
7524,1,994.350432816378,515.2745179832799,994.976013525586,524.6268214765662
7525,1,994.9682506942097,515.1441889248939,994.6889328914289,524.4796695218098
7526,1,994.3883510960133,514.9875327875068,994.9874564339232,524.3494756120197
7527,1,994.9986742165329,514.8416759265164,994.6813321234345,524.2029423908403
7528,1,994.3637095258724,514.6879555325463,994.9836942939168,524.0663508258203
7529,1,994.9697354604067,514.5588363896823,994.6784919074273,523.9140011988816
7530,1,994.3954711428669,514.4059135898092,994.981600559527,523.7813512777959
7531,1,994.9932630273753,514.2742854172155,994.6798788221769,523.6299624214632
7532,1,994.3576326362556,514.1292817515216,994.9870119718279,523.4961614270619
7533,1,994.9789277771912,514.0008946736996,994.6721480294912,523.3489196014206
7534,1,994.3619454304809,513.8567433304029,994.9859454031518,523.2200259786963
7535,1,994.9906993732836,513.7299104639709,994.6742616708351,523.0777991379141
7536,1,994.3482220235512,513.5942944467921,994.9879313631128,522.9463590130696
7537,1,994.9729271880673,513.4643241915815,994.6618715498569,522.8025475358922
7538,1,994.3712289197429,513.3177133628632,994.9820269301601,522.6716538885237
7539,1,994.9989494399025,513.1954375264858,994.6693650730907,522.5232884620416
7540,1,994.3438237493918,513.0466546020448,994.9892457248867,522.3888545317383
7541,1,994.966831355184,512.9057892369354,994.6532186346078,522.2471643274571
7542,1,994.3782184298346,512.7570702676389,994.9781500881495,522.1183851521084
7543,1,994.9952559040374,512.6229999285497,994.6622904855764,521.9731057840306
7544,1,994.3508982874756,512.4722358961197,994.99014638163,521.8397610268288
7545,1,994.9763845674041,512.3390275024483,994.6444784031589,521.6855137880459
7546,1,994.3674906335152,512.1840159433455,994.9792974404295,521.5549562901664
7547,1,994.9933455436164,512.0501974776307,994.6537206708387,521.3973018371571
7548,1,994.3502047749593,511.89077721135317,994.9896751146944,521.25615484653
7549,1,994.9817822600515,511.7433318103687,994.6420482723091,521.1040830814909
7550,1,994.3510649296293,511.5824136442916,994.9731698315994,520.9644468035101
7551,1,994.9891854043448,511.43868912780334,994.6625742401991,520.8052249074259
7552,1,994.3402711129562,511.2822923950785,994.9942993780743,520.6604893362793
7553,1,994.9816739500536,511.1365365739457,994.6344329477657,520.5002854290879
7554,1,994.3414959238246,510.9723623182077,994.967712083821,520.3604209020291
7555,1,994.9852424199147,510.82808147584467,994.6671366451417,520.1969780236223
7556,1,994.345759243149,510.6729938943634,994.999675205777,520.0496693142204
7557,1,994.9751576221887,510.5411411772674,994.633360261803,519.883352377068
7558,1,994.3615774248997,510.38905327259806,994.9672497173891,519.7476494395414
7559,1,994.9969551462257,510.25793307135393,994.6558430066531,519.5986689263327
7560,1,994.3331109182332,510.11461581744885,994.9971285857747,519.4683936672186
7561,1,994.9667494341726,509.98662003871226,994.6217998442445,519.324918078114
7562,1,994.3637056807692,509.8371201553049,994.9683100866346,519.2004569213318
7563,1,994.9963093884229,509.7056366952917,994.6518715696818,519.0550271054233
7564,1,994.3297379617508,509.55459262198053,994.9973267917011,518.9220926998886
7565,1,994.961336297866,509.4181511536145,994.6182869117034,518.77133495042
7566,1,994.3729689886427,509.274551201506,994.9669230980945,518.6332610877133
7567,1,994.9951627549027,509.1319142430159,994.6536189698611,518.4830381164596
7568,1,994.3400647990165,508.97421326274724,994.9959681589111,518.3397042469271
7569,1,994.965163178373,508.8358884090887,994.6344081757807,518.179532866922
7570,1,994.3752773387951,508.67873237198637,994.9687782635924,518.0352238066419
7571,1,994.9997800279288,508.5327024374106,994.6714012024901,517.8834426054858
7572,1,994.3430584670843,508.3758776324747,994.9940944557006,517.7518615160837
7573,1,994.9739370645894,508.2370144550496,994.6451861286354,517.5990573565903
7574,1,994.3668778698817,508.0770370402949,994.9703196803597,517.4628521009705
7575,1,994.9972625578667,507.93273515471407,994.6706478506005,517.3005740722458
7576,1,994.3419470881946,507.7722241904251,994.9948339154953,517.1508900090076
7577,1,994.9745369166466,507.6181668075015,994.638477254861,516.987888714535
7578,1,994.3595961230167,507.449236811727,994.9708300737178,516.8408817881409
7579,1,994.993021889653,507.3004238401097,994.6610611091016,516.6820909198736
7580,1,994.3390727870137,507.13439768806893,994.9949612015671,516.5324296286658
7581,1,994.9728546749661,506.987256013427,994.6418859481854,516.3677474734064
7582,1,994.3647346633835,506.81956101632966,994.9762142423261,516.2231263752324
7583,1,994.996527390167,506.6750153750057,994.6565611676618,516.0647644738814
7584,1,994.3444752760686,506.50798022425283,994.9895698755324,515.9240028298516
7585,1,994.9739308394604,506.3626065189654,994.6408212311907,515.7670304219682
7586,1,994.3695035643889,506.20809279380256,994.9737647441309,515.6134845996409
7587,1,994.9995162035244,506.0633138359332,994.6633836287886,515.4512141101403
7588,1,994.3344796992786,505.9030849964867,994.9997002713479,515.3112361064124
7589,1,994.974086301903,505.76225314235944,994.6397199744939,515.1628533838646
7590,1,994.3476461615984,505.60412936538427,994.9679775551867,515.0342505985163
7591,1,994.9983675515217,505.46634117527213,994.679610589456,514.8811054701874
7592,1,994.3072999746786,505.3158770410484,994.9941233008695,514.739205507584
7593,1,994.9702339005672,505.1781930307812,994.6514124196233,514.5768109452554
7594,1,994.3329444363845,505.01631577447665,994.9735608722866,514.4448330207056
7595,1,994.9955245570699,504.8701244170151,994.6743554028666,514.2906341819839
7596,1,994.3231482475993,504.7123727330825,994.9996324653769,514.148368428159
7597,1,994.9813371277937,504.5645436122978,994.6441663178398,513.9853328328217
7598,1,994.326046851341,504.3990933605855,994.9668894353408,513.845804257968
7599,1,994.9936311065949,504.25077453926235,994.6868413877659,513.684943477326
7600,1,994.3194826476349,504.08496814564944,994.9869885530312,513.5418255641948
7601,1,994.9803415252095,503.93378188263046,994.6544663838455,513.3779514426727
7602,1,994.3333484958905,503.76151551534923,994.9843868759436,513.2439582275921
7603,1,994.9924115025555,503.62372002631724,994.661813798268,513.0880463720113
7604,1,994.327395991297,503.46323624747345,994.986446841429,512.9476063890482
7605,1,994.9808600452208,503.32924078043504,994.6674283439303,512.7821939827852
7606,1,994.3369024576846,503.1768679406313,994.9884466706802,512.6483943828432
7607,1,994.992140035685,503.0305912818158,994.6653245668525,512.4974709013809
7608,1,994.3179200453617,502.8701914247011,994.9892385091622,512.3576433728111
7609,1,994.9783797888507,502.73432599762623,994.6600620786841,512.1871576972367
7610,1,994.3370719454208,502.5740219739854,994.9826024317417,512.0432868930794
7611,1,994.9928044565096,502.43194537535487,994.667977225641,511.8817021106137
7612,1,994.3267521588588,502.2657708776214,994.9993367729974,511.73863434920554
7613,1,994.9840632055704,502.1200635629305,994.6450897151728,511.5713070435302
7614,1,994.3302576232498,501.9487485337796,994.9771305080054,511.4253299668575
7615,1,994.9842371145853,501.79248422598283,994.6674079844962,511.2644743440949
7616,1,994.3311718863351,501.62116335024854,994.996038492483,511.1117056738063
7617,1,994.9927857240295,501.4704106635717,994.6462805278018,510.93588265646906
7618,1,994.3234314530679,501.30061692441535,994.9721752775238,510.783277992124
7619,1,994.9843302616881,501.14119944296164,994.6745760279691,510.62210110247236
7620,1,994.3244185509736,500.97167424888215,994.99599098661,510.4751673211604
7621,1,994.9898359523617,500.8147083687496,994.6565295045368,510.30368748730297
7622,1,994.3140262656685,500.63386895970297,994.9709519433756,510.1457387410301
7623,1,994.9853479835821,500.47372152943564,994.688775078096,509.97239557665927
7624,1,994.3209165463442,500.2981284513932,994.9948070858567,509.8126037064477
7625,1,994.9911748134234,500.1388601215614,994.6659788993095,509.6380545171358
7626,1,994.3115184880664,499.95838738437186,994.9915415499673,509.48380316753907
7627,1,994.9850679639003,499.8100835566622,994.6556308211871,509.3043663371856
7628,1,994.314390664183,499.63694130216743,994.9829256237228,509.15057090369396
7629,1,994.9834454936788,499.47733282809173,994.6672267301177,508.9790778124744
7630,1,994.318746769769,499.299396499858,994.9965212005554,508.8191468732377
7631,1,994.9853071788367,499.143891148758,994.6441282660186,508.64166955167957
7632,1,994.3246854226037,498.9738922731002,994.9776628484287,508.48538894625244
7633,1,994.9889567591081,498.81634065842474,994.6652010626154,508.3098248710819
7634,1,994.3166101839848,498.64700172501085,994.9961310520886,508.1518069648454
7635,1,994.9833690729015,498.4868237753408,994.6442224084824,507.9810952916311
7636,1,994.3180403869685,498.30840164497675,994.97352088073,507.82732854126175
7637,1,994.9943325295433,498.1460503035423,994.6718938696077,507.6523139008419
7638,1,994.316705868067,497.9673805973955,994.9921312415955,507.4955990445418
7639,1,994.9842884597288,497.81025729968127,994.6500725613024,507.32008252639326
7640,1,994.3266006771701,497.63349167992476,994.9858111039027,507.1611740211103
7641,1,994.9927617252517,497.475306870905,994.6466746904571,506.9741554740002
7642,1,994.3180289685075,497.29806248009936,994.9938501069937,506.8134710124868
7643,1,994.9797633784871,497.13780740162014,994.6321597868954,506.63478809323357
7644,1,994.3306476077158,496.94855590746477,994.9789982197755,506.47492380860365
7645,1,994.9953020022526,496.77894300348913,994.653379834057,506.2960530572837
7646,1,994.3072410700896,496.59325371276344,994.9987037925185,506.1333651905903
7647,1,994.978853798972,496.4249150908844,994.6336446848455,505.9501996478675
7648,1,994.3257353548959,496.24378114058356,994.9857759974815,505.7819055890943
7649,1,994.9902549577249,496.0778333570251,994.6379869003806,505.59994419315046
7650,1,994.3212641416786,495.8916039302778,994.9957541927228,505.4348287340971
7651,1,994.9896681990964,495.71947078862286,994.6239389687597,505.25386841858557
7652,1,994.309789161717,495.53380138754403,994.974881842144,505.0904694143435
7653,1,994.9825085364928,495.3704162115296,994.6459000423112,504.9077122652654
7654,1,994.320885376648,495.1938966458567,994.9986699972546,504.74867625759754
7655,1,994.9941603718198,495.0383058246511,994.6272002166302,504.5744651966424
7656,1,994.3082209982442,494.86893394066794,994.9920883050547,504.4145005147808
7657,1,994.9816147728011,494.71004843598917,994.6202261775455,504.24369765581247
7658,1,994.3164449117213,494.53525933005386,994.9858801601683,504.0901082256302
7659,1,994.9920442452337,494.38265767906904,994.6275168450201,503.91859917065824
7660,1,994.3077763095442,494.2094184132362,994.9876523702924,503.77407164562055
7661,1,994.9829297556239,494.06323164022285,994.6212968302608,503.60548635853263
7662,1,994.3190290853532,493.8986286733136,994.9835548208941,503.4621643119235
7663,1,994.9987431140381,493.75833394385353,994.6347171877071,503.30479189560054
7664,1,994.2940003348807,493.6047091627647,994.9941882296062,503.16779572887526
7665,1,994.974132913665,493.46589530479275,994.619910822206,503.0139591238734
7666,1,994.3285997073696,493.30959225076043,994.9863336497942,502.87297077908596
7667,1,994.998028564738,493.1665607505729,994.6319301401979,502.7146367374787
7668,1,994.3101964505245,493.0051372449468,994.9874053012788,502.5681337661241
7669,1,994.9837673936395,492.8553768508567,994.6300307907106,502.4014514190998
7670,1,994.3223130797547,492.6913883024949,994.9884105537179,502.2526100369916
7671,1,994.9956741642932,492.54905486801454,994.6234806704739,502.0854921858848
7672,1,994.3109098875486,492.38381326868557,994.9905367654699,501.93817444230433
7673,1,994.9815866678001,492.238576291445,994.6178357370356,501.77674519035014
7674,1,994.3184516618112,492.0764754255668,994.9838627620577,501.63002431514695
7675,1,994.9903429545076,491.9255047398947,994.6275000465905,501.4700340747867
7676,1,994.318041843194,491.76097402942,994.9945695115746,501.31477608975683
7677,1,994.9895040802953,491.5990666419711,994.6175767368265,501.142033242958
7678,1,994.3203546304758,491.42282648988913,994.9819643066264,500.98462217809714
7679,1,994.982545464665,491.2665501896489,994.6327906946409,500.8125159128832
7680,1,994.3319462874442,491.0943270615216,994.9892191464196,500.6537243573358
7681,1,994.9955562692503,490.9353915965336,994.6291346421821,500.4794393732137
7682,1,994.3062995336702,490.76639796344966,994.9883473140652,500.3266731401704
7683,1,994.9773264974032,490.6134608044175,994.6274834694431,500.1522030044958
7684,1,994.3302913284003,490.4399971896873,994.9902399793671,500.0097017478932
7685,1,994.996666825353,490.2946877140438,994.624429235169,499.84204908603226
7686,1,994.2988021260329,490.12791189165466,994.9890950192715,499.6917903421135
7687,1,994.9785578202913,489.97299496793937,994.629307867449,499.52705660823796
7688,1,994.3186424608073,489.813236150899,994.9903613314018,499.3845864832267
7689,1,994.9965915491949,489.6699327785564,994.6303849521937,499.2220360768432
7690,1,994.3055163374431,489.5180406003494,994.9916968093155,499.07363167970385
7691,1,994.9773061727988,489.3778019182109,994.618765826949,498.91252852859196
7692,1,994.3253688144678,489.21497923672206,994.9886152071567,498.7704092536342
7693,1,994.9950390722793,489.07387117587376,994.6214983277334,498.6054429993969
7694,1,994.2960932241022,488.9171149957458,994.9885610433653,498.45812526444433
7695,1,994.9823187684318,488.772478469486,994.6267368566216,498.294546845437
7696,1,994.3116362962826,488.60672029092586,994.9920650904348,498.15302471828966
7697,1,994.9931507624201,488.4587959709493,994.6166392984733,497.98788019052154
7698,1,994.2969815165478,488.2958480873519,994.984475021121,497.8432902031158
7699,1,994.9843484913466,488.1489693885309,994.620251657685,497.6842968881784
7700,1,994.3057766233721,487.98600979962487,994.9911395270597,497.5331735010916
7701,1,994.9996931829045,487.8382512702094,994.6122335598976,497.36581997627724
7702,1,994.2745770696221,487.67484837746207,994.9818347268248,497.2087341233696
7703,1,994.9730718648765,487.51847655867994,994.632609985773,497.0439431237059
7704,1,994.310311924815,487.34257691589073,994.9944470042834,496.9023554759349
7705,1,994.9988213267466,487.1934161401767,994.6181893344259,496.7319655224854
7706,1,994.287887956572,487.02682096520584,994.9831304089857,496.57890762469316
7707,1,994.9745895310391,486.8789488373283,994.627573620505,496.416435657863
7708,1,994.3127346685296,486.7122738087066,994.9899338029096,496.27201334533794
7709,1,994.9959982632462,486.56318869718444,994.6296777546011,496.1100832337946
7710,1,994.2919601170547,486.3977126743379,994.9898327782578,495.96402123205263
7711,1,994.9752242151468,486.2528723724866,994.626494026814,495.79708363945247
7712,1,994.3162760339104,486.09300237485746,994.9866033831179,495.64207753544963
7713,1,994.9946345761547,485.94677045596904,994.6271893666113,495.4711061174173
7714,1,994.2948183368936,485.7778895544008,994.9923058535302,495.32041329376557
7715,1,994.9862708110866,485.633137889712,994.615298493786,495.15207143374823
7716,1,994.2929861040546,485.4648075633387,994.9863429637978,495.0035315110666
7717,1,994.9861452406889,485.32181619159314,994.6105956990144,494.832087297895
7718,1,994.2903332306901,485.1519879179698,994.9964057575146,494.67953718127745
7719,1,994.9809583313041,485.0034638860554,994.5928851618031,494.50381153837264
7720,1,994.2992824970077,484.8328787200561,994.980530288059,494.35347400889174
7721,1,994.9933739920855,484.68137293727364,994.6085948282507,494.1836861273956
7722,1,994.2820905917224,484.518033256758,994.9910538393804,494.02058764608665
7723,1,994.9795719643568,484.36353451882127,994.6005891521421,493.8434415419427
7724,1,994.2939089294779,484.1876866402984,994.9796953364203,493.68521652007814
7725,1,994.9916074276522,484.02935005702386,994.6111766535688,493.5051638092619
7726,1,994.2852707400249,483.84882821727115,994.9954143045771,493.34552869974175
7727,1,994.9805492856003,483.6858282108131,994.5909126418206,493.16075948410025
7728,1,994.2969949842237,483.50044249944114,994.9781974403617,493.00225216591434
7729,1,994.9948333404159,483.33436244259906,994.6080014391742,492.82281691421633
7730,1,994.2809000326689,483.1496547796034,994.9997671461208,492.65609849597337
7731,1,994.98422334684,482.9796157112092,994.5895845026065,492.47094401323864
7732,1,994.2857194916647,482.79785538325325,994.9706966265051,492.2989840923287
7733,1,994.9919369934463,482.62870157933526,994.6249394305917,492.11260750759993
7734,1,994.2644018431398,482.4483377330608,994.9997902601059,491.9431517381233
7735,1,994.9835978174369,482.28491983662707,994.6016575162898,491.75358205235676
7736,1,994.2723842539444,482.09890367496814,994.9686316428622,491.5899187150349
7737,1,994.9879868085744,481.9325036888833,994.6333117183184,491.4052820436321
7738,1,994.2708781402631,481.74419384766395,994.9956630576035,491.23845084339695
7739,1,994.9893754609296,481.57251580684925,994.6109682344763,491.0551680601124
7740,1,994.2608246584854,481.3816970005884,994.9697582582958,490.88906782854946
7741,1,994.9787109192619,481.20482913585624,994.6480611037598,490.70313109068184
7742,1,994.2692249258108,481.0044838017609,994.9993086471356,490.531074782097
7743,1,994.9981761254327,480.82818285682464,994.6302782691439,490.33879694184395
7744,1,994.2442587530361,480.64147923446916,994.9766039573453,490.1662215697592
7745,1,994.9831004914383,480.4757625463696,994.650621097216,489.97379061954524
7746,1,994.2520840818837,480.2829363581984,994.9981302610456,489.8081176858895
7747,1,994.9873659726934,480.1149838387567,994.6300177570054,489.600163086332
7748,1,994.2499348812853,479.9169071285377,994.9703941083491,489.42157376124237
7749,1,994.9787010313638,479.7392994640387,994.6608650194536,489.21718818696115
7750,1,994.2726435812092,479.5389601706627,994.9963536610438,489.0409400897183
7751,1,994.9966490035758,479.3614427722023,994.6302464950415,488.8483181672989
7752,1,994.248000537837,479.16406294869324,994.9800122584288,488.670229197999
7753,1,994.9690316319195,478.995181023719,994.6498252143684,488.46689608089423
7754,1,994.2895571556876,478.79440427267855,994.994447675672,488.29172791937117
7755,1,994.9973728356238,478.61521569452646,994.6268817697267,488.0930961830469
7756,1,994.2753189834302,478.41353419074176,994.9756370350673,487.91194499357897
7757,1,994.9806849186567,478.22325112742607,994.6484659405756,487.7193746501292
7758,1,994.288127270436,478.0187319010709,994.9929751988311,487.5354941568631
7759,1,994.9913588707947,477.8326848956577,994.6360500442046,487.33030923180235
7760,1,994.2826993693724,477.62897249191394,994.9856507504246,487.139713267307
7761,1,994.9816184856943,477.4454665888025,994.6403769747294,486.927664223069
7762,1,994.2944579805036,477.23903556928826,994.9897812650066,486.73987227122325
7763,1,994.9966257686095,477.0548192217017,994.6295809540542,486.52860017862423
7764,1,994.2677062644813,476.8439170416898,994.9864263227051,486.33798463365946
7765,1,994.9755437106186,476.6563537545472,994.6281557127003,486.12446705077684
7766,1,994.2866147275213,476.4458090686636,994.9966665707021,485.9384616231716
7767,1,994.9967239487796,476.2544041413427,994.6144340409242,485.7231374942025
7768,1,994.2671919276486,476.0425370679225,994.980192330185,485.5294721741345
7769,1,994.965929757411,475.85519268056777,994.6252826926655,485.3170848250182
7770,1,994.3029251450113,475.6483345756886,994.9917864985924,485.12239919479686
7771,1,994.9967963007808,475.46192317797596,994.6063943384548,484.90789399639493
7772,1,994.2750235255502,475.25773727681377,994.9748295266792,484.71450978385815
7773,1,994.9794088632642,475.0692199149388,994.61833014606,484.5084600513404
7774,1,994.2863918473221,474.8625977075296,994.986667538531,484.31263961047705
7775,1,994.993075116372,474.6719358223524,994.6196219556535,484.1025561820509
7776,1,994.2694681343927,474.45821821266304,994.978536290048,483.9112593715591
7777,1,994.9751888393346,474.25942023543263,994.6340331463555,483.6974590023076
7778,1,994.2852656589577,474.04789250437165,994.9924267027435,483.4978010920221
7779,1,994.999867563741,473.85660032952995,994.6209968809592,483.2927935183114
7780,1,994.2572052050552,473.64839280728216,994.9702190359727,483.1024514954762
7781,1,994.9685106020792,473.4661126266455,994.6495034136534,482.8935944123114
7782,1,994.2862887229483,473.2599006680589,994.9978764755003,482.7114078811557
7783,1,994.9965855135318,473.0752504812,994.6190607605013,482.51589981379135
7784,1,994.2468330390502,472.86723266257263,994.9709610538628,482.33144088679217
7785,1,994.9764405398147,472.6741301266918,994.6470633774057,482.131023169128
7786,1,994.2593002532833,472.4735792508822,994.9970680301626,481.9493572784728
7787,1,994.9992677714132,472.2919849252393,994.6118169080416,481.7482492373854
7788,1,994.2317379950449,472.091145106328,994.9714654559916,481.5661465920388
7789,1,994.9692648744082,471.91025859307575,994.641100915867,481.36431088992424
7790,1,994.263539998441,471.71478752472456,994.9938138556201,481.17950789028635
7791,1,994.9932455589119,471.53851519104785,994.6237563626199,480.9853737870004
7792,1,994.2321444301429,471.34257728534516,994.9723915489018,480.808055877824
7793,1,994.9803766993466,471.17008589655086,994.6516163335831,480.60854733893797
7794,1,994.2467469923768,470.96882906551957,994.9939360912418,480.4335543715321
7795,1,994.9891705098534,470.7925261632976,994.630009958736,480.226505745728
7796,1,994.2375606943015,470.5870728385354,994.9723165880189,480.0514266051568
7797,1,994.980269306125,470.4092246267029,994.6498059311425,479.85397806330315
7798,1,994.2400607320417,470.2134130509316,994.9939721991908,479.6704606436531
7799,1,994.9922278860918,470.0351081799131,994.6242752316836,479.4644560109065
7800,1,994.2226773347244,469.8219961549683,994.9737341593403,479.2815575588157
7801,1,994.9791553149362,469.639925189193,994.6493976215608,479.07166198108484
7802,1,994.233058866526,469.4403660117578,994.9973723653819,478.8888594072416
7803,1,994.9909753580889,469.25801343732,994.6247440916181,478.6921027690166
7804,1,994.2259487953888,469.04888462912044,994.97527396425,478.5177779573483
7805,1,994.9787982446587,468.8685163274819,994.6451649384213,478.3166096032799
7806,1,994.2327578711572,468.6642214946104,994.997337802897,478.14011035605563
7807,1,994.9977258731569,468.49715211402696,994.6183310259075,477.93477087554766
7808,1,994.2025391568926,468.2935313312668,994.9667147057689,477.76477042397266
7809,1,994.9709927463036,468.12368533162226,994.652734698133,477.5645865365483
7810,1,994.23417000295,467.9220060454718,994.9962606249818,477.38815730871124
7811,1,994.9977023351559,467.74713977440337,994.6219282358767,477.18798968735507
7812,1,994.2079298557729,467.54657233243813,994.9711648486531,477.0067880325557
7813,1,994.9694476674855,467.3656880119399,994.6510404656362,476.80845689443845
7814,1,994.2466660210004,467.1630404653522,994.9979618006787,476.63077373471674
7815,1,994.9940765655125,466.9884899525764,994.6244274055441,476.42769654120985
7816,1,994.2154816605376,466.787394711196,994.9710827690706,476.25051530236374
7817,1,994.9784170091799,466.60743404083183,994.6553533203955,476.0538448491111
7818,1,994.2282090833262,466.4058764595127,994.9970030600525,475.87282804001575
7819,1,994.9948680119704,466.2235135640623,994.624416527002,475.65161588794757
7820,1,994.2083273998907,466.00748767254345,994.9717317068188,475.45694917741986
7821,1,994.9763904467648,465.8101539871365,994.6533858039583,475.242085675616
7822,1,994.2256735423915,465.5909501517186,994.9918124078251,475.0592835802509
7823,1,994.9897903273603,465.4066930758913,994.6424149095072,474.8515538951546
7824,1,994.2234888456888,465.2004154953604,994.9692244224229,474.6703762933336
7825,1,994.9829157710708,465.02395380233696,994.6763660779674,474.46766364608936
7826,1,994.2278516730456,464.8264759653549,994.9986576070993,474.2933759650992
7827,1,994.9853505240227,464.6456562151716,994.649844687724,474.0936751643725
7828,1,994.2204284277043,464.4443871431402,994.9780416934998,473.91341811776687
7829,1,994.9822088140303,464.263581132029,994.6591556776606,473.70539208843365
7830,1,994.2247135045246,464.0611660727554,994.994081547206,473.5272388350737
7831,1,994.986049392581,463.88282794502095,994.639562966636,473.32248264967717
7832,1,994.2258467106141,463.68089620569094,994.977918100156,473.14767110958326
7833,1,994.9841504011073,463.5070147394973,994.6509372999332,472.94958634793653
7834,1,994.2246906155051,463.318511949284,994.9891779552004,472.7752773469096
7835,1,994.9849450903804,463.147531300549,994.6424430875621,472.57610257661656
7836,1,994.2289178041517,462.94470980652585,994.9814906011845,472.40668427306764
7837,1,994.989961117009,462.774535739542,994.6505799824325,472.2062074456519
7838,1,994.2201998592301,462.57445007134385,994.9839865051413,472.0368462553314
7839,1,994.9775969711897,462.39958885696063,994.6503556375734,471.83693247356905
7840,1,994.2367728299591,462.19698193180324,994.9804396705224,471.65970761243847
7841,1,994.9998256654853,462.0207874383098,994.6613366630681,471.45611957017303
7842,1,994.2009178188125,461.81483877603523,994.9876742844949,471.28079460074883
7843,1,994.9699173883415,461.6321672804876,994.6517199415113,471.07852027076973
7844,1,994.2338533345377,461.427710398934,994.9739980413237,470.90077745337163
7845,1,994.9988113157572,461.2450579715543,994.6754325655887,470.6987276425518
7846,1,994.1986499532464,461.04344072156323,994.9940230871541,470.5275502555518
7847,1,994.9721067155841,460.87576377222365,994.6611549369419,470.33063174791454
7848,1,994.221277021104,460.6754310508989,994.9758604141383,470.16322496898954
7849,1,994.9976986084811,460.5085511071748,994.6802226215964,469.96369836441966
7850,1,994.194344345581,460.31029316981403,994.9975390237662,469.78756618304465
7851,1,994.9717185031585,460.14123156267044,994.6619621221844,469.5821949842116
7852,1,994.2191563988439,459.94547952488665,994.9757030540895,469.4032333634024
7853,1,994.9971497860661,459.77029291683596,994.6850130374075,469.1980148867883
7854,1,994.1940385812544,459.5596808474776,994.9962523600589,469.0243653162341
7855,1,994.9728347861713,459.3785903501249,994.6571637064995,468.81919665024316
7856,1,994.2183583040015,459.17057380391054,994.972900408171,468.63584713253266
7857,1,994.9931706855639,458.9886064757393,994.6745371336425,468.42485979001844
7858,1,994.1993402568388,458.78281437560514,994.9986134398722,468.23485836529375
7859,1,994.9761940945311,458.60446434666864,994.6445464652543,468.0288115057376
7860,1,994.2188912535287,458.40653549418766,994.9619055887304,467.8514542982272
7861,1,994.9956926774984,458.2394442965831,994.6927354243029,467.6540409930013
7862,1,994.1976718768423,458.0425216001459,994.9948755883928,467.48449059133264
7863,1,994.9657479544935,457.87700029655446,994.6584556760888,467.2794442272972
7864,1,994.239910816157,457.68207005370726,994.9653843437136,467.1132247982274
7865,1,994.9917582877257,457.5101654711543,994.7028160670782,466.9147393914294
7866,1,994.2079876003517,457.31858918057793,994.9881370310162,466.73870918112556
7867,1,994.9916380837946,457.1474149935316,994.6706733396439,466.5385773369462
7868,1,994.1962404474126,456.9506060027577,994.9845749239287,466.3587258046479
7869,1,994.9843118648544,456.77642936087176,994.6629780266184,466.1574669605248
7870,1,994.195976848907,456.57189975268716,994.9868500261987,465.9759011427509
7871,1,994.9802986487558,456.3944839126592,994.6583665215179,465.76539300502685
7872,1,994.2015762840653,456.18199415506365,994.9781612450695,465.5864530519029
7873,1,994.9886360765739,455.99639533570974,994.6665083963975,465.3799015039069
7874,1,994.1944035903653,455.7904200516574,994.9849970437671,465.2072181410792
7875,1,994.9775984528706,455.61700279800976,994.6663223144901,465.0056714565736
7876,1,994.2041385411139,455.4239814775153,994.987868663817,464.82557855912046
7877,1,994.9806664503781,455.2454464208499,994.6534998552381,464.6201353420366
7878,1,994.2047379410471,455.0491465644149,994.983089698047,464.44092692921004
7879,1,994.9813106629763,454.8743751035455,994.6490628341782,464.23895372972385
7880,1,994.2028061701118,454.666863708525,994.9848379036123,464.0643936479901
7881,1,994.991600181462,454.48811794817146,994.6477109506585,463.85564911867954
7882,1,994.1911430599674,454.28255458824674,994.9864063738996,463.68557609940416
7883,1,994.9714539583896,454.11290753691753,994.6442325858557,463.4865343395533
7884,1,994.2158461852866,453.91014253068306,994.9738342699892,463.31428819257513
7885,1,994.9957597492063,453.73504241050193,994.6597852379548,463.12113937956514
7886,1,994.1956112636831,453.5417450219537,994.9882306275739,462.95140051598514
7887,1,994.9676377275811,453.3759136737217,994.6547366686735,462.7502499810336
7888,1,994.221567043496,453.17133323267103,994.9817914265418,462.5851547395711
7889,1,994.9959993764364,453.0024433728602,994.6629467654731,462.386377997913
7890,1,994.1859252160369,452.8053904596055,994.9849439422018,462.21825539421275
7891,1,994.967790045399,452.640251150689,994.6616360894698,462.0203129463617
7892,1,994.2177462407601,452.4405400423115,994.9862893024609,461.85972809940546
7893,1,994.9990655627645,452.2756087829603,994.6570357198025,461.6612131915322
7894,1,994.185044627247,452.0852065525232,994.9701598980268,461.49694901885937
7895,1,994.9710198668039,451.9210983810833,994.6871071901572,461.3037273137715
7896,1,994.1987096653305,451.73147213529234,994.988233265322,461.1347777639197
7897,1,994.9991256268389,451.57004615628745,994.6769193012782,460.9354314631596
7898,1,994.1607093754025,451.37314635894097,994.982774552266,460.7701609482514
7899,1,994.9728040765666,451.2089733057348,994.675066181002,460.5748269485357
7900,1,994.1819565709196,451.0142391187883,994.982122826386,460.41519393342577
7901,1,994.9939612000895,450.85275565050534,994.6756542677831,460.2240555999503
7902,1,994.1528202701081,450.6615036242262,994.9821185737954,460.0609590618314
7903,1,994.96571509368,450.49888042071245,994.6734798516495,459.8704070978817
7904,1,994.1930116540002,450.30856483517834,994.9750984496883,459.70393077352344
7905,1,994.9941758546214,450.1454276249549,994.6852426983787,459.5130966382079
7906,1,994.1577938123919,449.953020873519,994.9920305885191,459.34578877729456
7907,1,994.9680254969853,449.790615171413,994.6617042062242,459.149546171741
7908,1,994.1869032607885,449.598726635462,994.9704800178916,458.98841348939686
7909,1,994.9925323619024,449.4331281800725,994.6809316213822,458.8031765175515
7910,1,994.169771572636,449.24507812980073,994.9908567126508,458.6401773309639
7911,1,994.9808078455125,449.08853689264004,994.6582134452509,458.4397811035883
7912,1,994.1770027370092,448.8979747759338,994.9762446596118,458.2778729159223
7913,1,994.9778379703794,448.7265708245982,994.6693136104121,458.08726643327157
7914,1,994.1844159178663,448.5332817716378,994.9887254252604,457.92978187650965
7915,1,994.9984644736546,448.377144433312,994.6471057324948,457.73978500015943
7916,1,994.1527248949959,448.1860229711095,994.9835802445018,457.581635206619
7917,1,994.9672349551316,448.03348596127415,994.6404318084805,457.3864990868132
7918,1,994.1838057041628,447.8373569661171,994.992029729513,457.2253342143328
7919,1,994.9907952654287,447.67676758873574,994.6177053318216,457.02653808782554
7920,1,994.1583686097136,447.4820386627934,994.9671469688975,456.85788548222894
7921,1,994.9742916234819,447.31638951933246,994.6555589222629,456.66114532588665
7922,1,994.173830814676,447.12684375835227,994.9969877836684,456.4939682238703
7923,1,994.9967741580363,446.9688352527886,994.6236388880159,456.3025330561922
7924,1,994.1396093527958,446.7840861781297,994.9615932165518,456.13614109792087
7925,1,994.9588009352645,446.62454507997427,994.658951903751,455.9461423339447
7926,1,994.1809138133677,446.43262625326355,994.9991215800758,455.78991310007444
7927,1,994.9966126000533,446.27140253492234,994.6193219697948,455.60492773634934
7928,1,994.1463252417011,446.08417884875774,994.9627584456287,455.44297981802606
7929,1,994.965841540853,445.9283364754008,994.6550805826209,455.2531585785129
7930,1,994.1858827155003,445.7370172539016,994.9995568288654,455.1007804308265
7931,1,994.9903895222506,445.57617190099467,994.6196491771607,454.9127349486679
7932,1,994.1621779118094,445.3800632027802,994.957768725059,454.75776874196055
7933,1,994.9724795040964,445.2202484127749,994.6604477198229,454.564131263014
7934,1,994.18060723156,445.02688392231124,994.9933242106504,454.40255684779703
7935,1,994.9969395782527,444.86735951118084,994.6280367775693,454.2085834842076
7936,1,994.1503054463499,444.6784796318977,994.9641007260562,454.0519183514746
7937,1,994.9667062485241,444.51417519547346,994.6611770306611,453.85827157185577
7938,1,994.1770244885689,444.3185428441623,994.9986274781933,453.69687439263674
7939,1,994.9967797025989,444.1622367848597,994.630769232439,453.50323274210535
7940,1,994.1454913145475,443.96969721525323,994.9635425172282,453.3413729445074
7941,1,994.9589841426767,443.80842114541497,994.6703045950843,453.1504259565985
7942,1,994.1952326126786,443.61661682242476,994.9977204148241,452.99128578179057
7943,1,994.9883184246437,443.4521386859598,994.6317535464434,452.8036750778031
7944,1,994.1547900095023,443.2556066242281,994.9601925101135,452.63769349354186
7945,1,994.9709697821594,443.0911600967436,994.6715280481995,452.4333106938809
7946,1,994.1743438096488,442.894881637356,994.9932268240627,452.2731013480294
7947,1,994.9879714180447,442.74282367390055,994.6440340606425,452.0840021474835
7948,1,994.1527348726732,442.56418332998294,994.9634374875374,451.93123070792734
7949,1,994.9742456537688,442.40725741781074,994.6817172951052,451.7509633838899
7950,1,994.1700695189281,442.2230063093997,994.9978941460987,451.5979015454028
7951,1,994.9951588174314,442.07593281316787,994.6447584011299,451.40753392979275
7952,1,994.140548096945,441.8891173256875,994.9669856561122,451.24627514725586
7953,1,994.9639959182534,441.735077251358,994.6723241986276,451.05148891081524
7954,1,994.1859872045118,441.5505989254999,994.9891188751112,450.8885927045171
7955,1,994.9983057790928,441.39093433220006,994.6583949181299,450.70284175999177
7956,1,994.1448736430794,441.2012205344992,994.9674944175135,450.54867386281165
7957,1,994.9700426017815,441.03751996320744,994.6877035836499,450.35512329726663
7958,1,994.1679189615969,440.83598153690224,994.9948855937199,450.1899208087727
7959,1,994.996646129363,440.66864292405876,994.662197868797,449.98326939895657
7960,1,994.1344982043674,440.4614482130709,994.9618163794925,449.816884257936
7961,1,994.9594961054422,440.29034012262827,994.7012425639164,449.61240374103625
7962,1,994.1812659614516,440.07960697224723,994.9971979870164,449.43812906304225
7963,1,994.991913313954,439.91142290129284,994.6726589228944,449.22373767713447
7964,1,994.1401889687706,439.70722258206797,994.9679381421491,449.0474634013211
7965,1,994.9699825249016,439.5299170002511,994.6976850618206,448.84257710993114
7966,1,994.1737993842713,439.3244517950028,994.9945757233979,448.6646804491427
7967,1,994.990317438713,439.14393481947457,994.6681783563978,448.45445695614035
7968,1,994.1566561666642,438.9350118490912,994.9612431371996,448.270083886051
7969,1,994.9746316444331,438.7483219815097,994.6998748268414,448.0610763684908
7970,1,994.168173938571,438.5325459699901,994.9972835525626,447.88866458396006
7971,1,994.9883301171152,438.35799275623043,994.6704382161096,447.67494174315493
7972,1,994.1568791469889,438.1426811428117,994.9640075092474,447.48526392200546
7973,1,994.9709310366833,437.95477384591214,994.7002184639922,447.26416862468886
7974,1,994.1728536415244,437.736266240436,994.9998720086381,447.077649639332
7975,1,994.9968805943422,437.5451043157456,994.6486120434404,446.8545695220216
7976,1,994.1245536517431,437.32612757335767,994.9589966533458,446.6662648105346
7977,1,994.9610389408591,437.13994874751506,994.6840542012798,446.45158512713357
7978,1,994.168228471003,436.9244538001066,994.9934475298497,446.27233181657914
7979,1,994.9990799652471,436.74008959620966,994.669760724082,446.0658590026652
7980,1,994.1337555590889,436.52677663747954,994.963024778086,445.8846686556012
7981,1,994.966623646004,436.3487651086685,994.7060892339938,445.66998811546455
7982,1,994.1623502088465,436.1334823727698,994.9943218840378,445.4853011730188
7983,1,994.9964528417426,435.9574821122628,994.6688598917908,445.2678764484661
7984,1,994.1279978133153,435.74251055748556,994.9592750524879,445.0887226877902
7985,1,994.957293243472,435.5620560550691,994.710315550816,444.8795313208213
7986,1,994.1781106870689,435.3501498721568,994.9998755958019,444.70632602284456
7987,1,994.9937993252609,435.1763405007499,994.6748600282267,444.4948395320865
7988,1,994.1398594472474,434.9609913678478,994.9660008454111,444.3180049316459
7989,1,994.9671567833593,434.77722266863464,994.700683369607,444.110577689582
7990,1,994.1633007651362,434.5618785112355,994.9952552405128,443.9248086454406
7991,1,994.9949777600319,434.38534500587434,994.6695892035636,443.7072606747946
7992,1,994.1334582425065,434.17730475353255,994.9702925364433,443.52806116388814
7993,1,994.9615818826552,433.9976804554655,994.6854534986494,443.3126177171385
7994,1,994.1639346267943,433.78110486986685,994.9941851453196,443.12974536140865
7995,1,994.9991588440587,433.60503104647177,994.6655315235926,442.90782286587023
7996,1,994.125031253883,433.38992135713045,994.9674147461432,442.72443028164446
7997,1,994.9678181363381,433.20333719758133,994.7007206192011,442.50231604248216
7998,1,994.1498789127692,432.9840956128635,994.9877099830269,442.31895925928364
7999,1,994.9986903584835,432.8042453648878,994.6864830358535,442.1010149810905
8000,1,994.11697749119,432.5850127469513,994.9717469089165,441.90993537694453
8001,1,994.9592797811663,432.404990161849,994.7120618280285,441.6868239901854
8002,1,994.1616225646416,432.1877018286177,994.995646684137,441.5076870019124
8003,1,994.9930662569258,432.00010867296953,994.6811767078202,441.2883206519051
8004,1,994.128629472769,431.78160243558574,994.9605491105946,441.1123898020957
8005,1,994.9669809011726,431.60420830447487,994.7180705685009,440.8998795040709
8006,1,994.1563206819899,431.39709778464817,994.9874991342417,440.72109458421363
8007,1,994.9983095393403,431.2207140606612,994.6824021195569,440.50897171927863
8008,1,994.1234271797009,431.00439530933926,994.9738292610396,440.32214647744564
8009,1,994.9545898825672,430.8177115937745,994.6875003245576,440.09586136642025
8010,1,994.1704470205138,430.5893778677771,994.9855687369835,439.9125907443212
8011,1,994.9944421011959,430.40124053885756,994.6710979766078,439.68803886234394
8012,1,994.1293820380295,430.17782411232656,994.9778586553034,439.496795702984
8013,1,994.9607794825013,429.99314613320246,994.6774924390675,439.27813659076384
8014,1,994.1687582343479,429.774281485997,994.9793011814253,439.09519999040367
8015,1,994.9950642657803,429.59473471734844,994.6747107602195,438.876974991516
8016,1,994.1394267419596,429.3791038253341,994.9902627973861,438.69644076680066
8017,1,994.9659541073547,429.1976142577902,994.6531165770537,438.47822322046267
8018,1,994.1663333090839,428.9790707729019,994.9711378138148,438.29981226522824
8019,1,994.9950621314836,428.79510848042156,994.6728425366574,438.08115052717955
8020,1,994.1377849520968,428.57622352569723,994.9855483586431,437.8913200785232
8021,1,994.9664650679827,428.3864594554738,994.6595788995415,437.66916344302
8022,1,994.159008885983,428.16460740912197,994.9725920712318,437.47949487524664
8023,1,994.9944878404177,427.9726840275516,994.6721894397073,437.26311100133944
8024,1,994.1294808013403,427.7519239008734,994.9877911301546,437.0696862761764
8025,1,994.960774991088,427.5589842523473,994.6526431558466,436.84432707751665
8026,1,994.1632357722226,427.3348822290143,994.9700912186895,436.65591093730086
8027,1,994.9856506786165,427.14559911657784,994.6735676981029,436.4386646306307
8028,1,994.1218461780234,426.9200017492399,994.992531086708,436.25641840166816
8029,1,994.9723630735789,426.7327250432153,994.6480226087176,436.0356166315799
8030,1,994.1366823895006,426.5047077731678,994.9701580545405,435.8459867012907
8031,1,994.9813301432646,426.31099809794307,994.6712455048132,435.6168505050063
8032,1,994.1313573456772,426.08854239728174,994.9892114918623,435.4229963866538
8033,1,994.978755857498,425.89833654498113,994.6554953931195,435.1998139570416
8034,1,994.1322372365191,425.67524155733275,994.9719475190228,435.0179541909218
8035,1,994.9815772013184,425.4902778121192,994.676659727397,434.7964129263007
8036,1,994.1368554944775,425.2707793110926,994.9876728392419,434.61250113442
8037,1,994.9856828146222,425.0802267298427,994.6617495854308,434.39419787118294
8038,1,994.1236152823218,424.86060046688823,994.9731747185964,434.2029033226005
8039,1,994.9719437700578,424.669879328709,994.6699938531704,433.97974999178473
8040,1,994.1431464034473,424.4410083596885,994.9849239709896,433.7866791725527
8041,1,994.985912241674,424.2462293861874,994.6666571824711,433.5592129362389
8042,1,994.13460899286,424.01201382066563,994.9662130501315,433.3659510505168
8043,1,994.9778061893346,423.8255896544789,994.6932578937143,433.13813584024274
8044,1,994.1461871016313,423.6044230063056,994.9992611967621,432.9502968884814
8045,1,994.9797454342622,423.4238344537572,994.6621872049502,432.7298683379471
8046,1,994.1458864264268,423.20616155837365,994.9671210452543,432.54765719342953
8047,1,994.9773420155806,423.0208401208187,994.6896850124249,432.3300802888842
8048,1,994.1492172351543,422.8096632055373,994.9981863063957,432.13953123219306
8049,1,994.9835676183291,422.6285893302419,994.6658500189304,431.9148374272249
8050,1,994.1319091383797,422.4105410951481,994.9567443653441,431.73080253074374
8051,1,994.9763484697601,422.230748700215,994.7090866044126,431.5068210690581
8052,1,994.1439328402334,422.0116148334318,994.9977637149027,431.31975519715616
8053,1,994.9885005268065,421.8340550087873,994.6821791951784,431.10534529165795
8054,1,994.123372298958,421.61928275205406,994.9609594770512,430.9340764623653
8055,1,994.969807651299,421.440870356029,994.7146769066381,430.7287568450143
8056,1,994.1522129550127,421.2288279886127,994.995274795152,430.55272596795544
8057,1,994.9948867955753,421.0501005091082,994.6747390196381,430.34247633942346
8058,1,994.1234682595273,420.83990252083436,994.9634790196795,430.16342590540137
8059,1,994.9575266559283,420.6544008251698,994.7048891108491,429.9537446067472
8060,1,994.1649426080236,420.4464886171586,994.997826099007,429.768836647208
8061,1,994.9942322210662,420.2693030902894,994.6696137496092,429.5643063878727
8062,1,994.1262118735814,420.0571571685026,994.9629468466978,429.38621162554966
8063,1,994.9655864784662,419.87996379064555,994.6944521475672,429.1746894825999
8064,1,994.1557041832765,419.67308960912135,994.9961374049566,428.9922570666668
8065,1,994.998870635446,419.4994797512881,994.6627678036424,428.77572729359406
8066,1,994.1192050465748,419.28368362661337,994.9668725143199,428.6054910199802
8067,1,994.9559339674928,419.1009199479436,994.6938220044984,428.39054882313366
8068,1,994.1713482875942,418.8853084222608,994.9975221941662,428.21369411849525
8069,1,994.9955833482195,418.710017099088,994.6571106170859,427.99740478719
8070,1,994.1307562126058,418.5046855855275,994.9639583254611,427.8177775879201
8071,1,994.967500812054,418.33027406732924,994.687194328445,427.60851086663524
8072,1,994.1545439142093,418.126932706401,994.9901815321407,427.4305053321176
8073,1,994.9901887402035,417.95712639167584,994.6542731037208,427.22530746483454
8074,1,994.1327633372242,417.7584648564765,994.959773152227,427.0492094467141
8075,1,994.9682237507246,417.58516070190365,994.6943404817393,426.84873551283977
8076,1,994.1490170166048,417.37990079030993,994.9978716418772,426.68075838925137
8077,1,994.9880825776777,417.2071066505667,994.6579606247016,426.47156558060703
8078,1,994.124914876247,417.00701532856226,994.9539348763523,426.2994861261825
8079,1,994.9652273722878,416.8351223186112,994.7037333318904,426.09964111217755
8080,1,994.1583526622048,416.63107502311084,994.9946370541627,425.93453526709493
8081,1,994.9937844532934,416.46633416799256,994.6596188695925,425.73268625183624
8082,1,994.1288701829737,416.2693110159367,994.9700489778681,425.567748834186
8083,1,994.9686816801651,416.1029122870393,994.6721007085081,425.37890361272076
8084,1,994.153839205491,415.90503041525267,994.9909956015354,425.2182536441997
8085,1,994.990081805697,415.74335499129006,994.6554798835119,425.0223682068253
8086,1,994.1278140476508,415.54606895898024,994.9646919670087,424.85908785668494
8087,1,994.9681960408502,415.39327032486807,994.6851925893585,424.6611912166838
8088,1,994.1528019772569,415.2035705206143,994.9987160868119,424.50274610074916
8089,1,994.9888014909682,415.04346800937884,994.6488201229807,424.31283510197505
8090,1,994.1326535631947,414.84490816156904,994.961589017698,424.1579347143078
8091,1,994.9811196946422,414.68224965178337,994.6845309119676,423.9632943231286
8092,1,994.1330786684224,414.49142085103426,994.9985530380295,423.8014909102059
8093,1,994.9805958978734,414.3426200862587,994.6377943662754,423.60331790497236
8094,1,994.1334024232459,414.1397656913066,994.9487969127293,423.44205177048605
8095,1,994.9781064405006,413.97705280983575,994.6986027433761,423.2483911146927
8096,1,994.1377324976537,413.7831486362649,994.9916186295528,423.0902694839713
8097,1,994.9786605807427,413.62408371580636,994.6487820230004,422.8959434375977
8098,1,994.1395166800944,413.42589369890555,994.9616957303137,422.7390654838574
8099,1,994.9809898158775,413.26551719576076,994.6855121100704,422.54041715581354
8100,1,994.1361724202752,413.07002035530394,994.9973649880852,422.38070099951034
8101,1,994.9744999887187,412.9130492868335,994.6428561880401,422.18722940420577
8102,1,994.1354036586098,412.7212207225999,994.9589740299641,422.0324140772194
8103,1,994.988864033816,412.5616308385137,994.6839004988459,421.8414564436555
8104,1,994.1211241390743,412.3660450834549,994.9942913163759,421.6740259147265
8105,1,994.9744015087795,412.19986328701606,994.6362445360502,421.4731850732596
8106,1,994.1310917495822,411.9964384169225,994.962263324219,421.3089052201658
8107,1,994.9884603622783,411.8275799892394,994.6687987320067,421.1090036309707
8108,1,994.1106143945086,411.6318477336029,994.9970523714903,420.94251922328164
8109,1,994.9682929745015,411.46639145665876,994.6314846667348,420.73805567985454
8110,1,994.1321051265737,411.26765601339645,994.9597446339678,420.56871281512304
8111,1,994.9859252582221,411.0968649666774,994.6691496122967,420.37369962990823
8112,1,994.1204172082053,410.89927515626334,994.998096379248,420.20695801396846
8113,1,994.9757629953009,410.7347586484606,994.6257823190143,420.0090972338115
8114,1,994.1228936202972,410.53513069514077,994.95169460382,419.8503854674837
8115,1,994.983207734528,410.38037817531904,994.683971711493,419.65185241564905
8116,1,994.1188478230214,410.1872943909847,994.9890117389848,419.4822140716832
8117,1,994.9755211999214,410.0324760832051,994.6285838974933,419.2881866019754
8118,1,994.1254241092595,409.84695211766973,994.9727510676072,419.14008221771155
8119,1,994.9797007845705,409.6959078351922,994.6331609734341,418.9554840136541
8120,1,994.1179552157649,409.5100176140097,994.9816800634616,418.80531737143366
8121,1,994.9736527264441,409.35556634187043,994.626433131377,418.622357884111
8122,1,994.128302453364,409.1748012419834,994.9807323297252,418.4755739387253
8123,1,994.9866124781654,409.02637744949794,994.6240337295214,418.29276422085843
8124,1,994.1011398688,408.8392633042961,994.9754935213906,418.142438389273
8125,1,994.9669585689284,408.6786220365413,994.6292507372099,417.9562699922353
8126,1,994.1205475472159,408.49053686270224,994.9786204598562,417.8049265430169
8127,1,994.9897246104214,408.3329111334279,994.6308565777612,417.6177881919095
8128,1,994.0953473535419,408.14404689371054,994.9752902182157,417.469350617688
8129,1,994.9702186976783,407.9922893881988,994.6383732366171,417.2851860418402
8130,1,994.1138538433347,407.81413854739094,994.9914449467287,417.1378845344012
8131,1,994.9873827860991,407.67369611746045,994.6143329262183,416.9572327640682
8132,1,994.0984071394702,407.492260118215,994.9655384966176,416.8193744840193
8133,1,994.9705942978009,407.352261879613,994.6354314063632,416.6433217716013
8134,1,994.1041186208308,407.1757248311696,994.9845255516293,416.499752390533
8135,1,994.9900426992656,407.0390494330088,994.624533243013,416.32127572243763
8136,1,994.0778560588379,406.85625311683265,994.9694658264533,416.18227948272613
8137,1,994.9611615314052,406.71203027441146,994.6422166468674,415.99544764658333
8138,1,994.1113817317396,406.5220662924999,994.9948028585286,415.85155781171267
8139,1,994.987568097146,406.3693446057244,994.6073158029288,415.6694284773082
8140,1,994.0928426312305,406.19426228048303,994.9579659229541,415.51549352959364
8141,1,994.9716871261703,406.04823258722286,994.6541009928868,415.334270575651
8142,1,994.1128163414353,405.867145683381,994.9977092676985,415.1909113006873
8143,1,994.9845296971994,405.73272464966186,994.6173748935421,415.0078814717444
8144,1,994.0969829503052,405.5546964377265,994.9582160584475,414.86790127918084
8145,1,994.9740136533197,405.4120834051273,994.6561878821398,414.68872707365557
8146,1,994.1098295196332,405.2313628263104,994.9936275415225,414.5413940674407
8147,1,994.99193499335,405.08880975449466,994.633437358886,414.35842530588616
8148,1,994.0829265171238,404.90354384403014,994.9649280728621,414.2230134921187
8149,1,994.9564352210743,404.77126171864785,994.6527203907132,414.0418095076695
8150,1,994.1240867817736,404.59132283387305,994.9889460746643,413.90829377531674
8151,1,994.9991741603568,404.45246600082197,994.6334879907536,413.7314123023922
8152,1,994.0773590953036,404.2723207639878,994.9677726562026,413.58806662361934
8153,1,994.958540977744,404.12707567366544,994.6479069409002,413.4088530597675
8154,1,994.1200633228798,403.95079253426644,994.9970081763896,413.27095298836
8155,1,994.9959249180392,403.80976758884987,994.6067176634277,413.08714619285865
8156,1,994.0760291097057,403.6361159923504,994.9596231660281,412.94088714344355
8157,1,994.9481686500586,403.4948308212407,994.6406605076438,412.76726663898427
8158,1,994.1336885511195,403.32263201968885,994.9968192607724,412.63400931078974
8159,1,994.9848490315461,403.1914205122977,994.6024182155662,412.45626000488835
8160,1,994.0820215413003,403.0182104205711,994.9606501592199,412.3152373014759
8161,1,994.9594220616852,402.8790255139352,994.6280346957351,412.14188473643566
8162,1,994.1204807390725,402.69968897075637,994.9974792600725,412.01058166277573
8163,1,994.9984686525455,402.5544539804156,994.5858264190622,411.8378349432613
8164,1,994.0806723731453,402.38209858135775,994.9436786022493,411.6969387465808
8165,1,994.9571115659202,402.2377176945751,994.6538493585864,411.52647538225835
8166,1,994.1251715917418,402.0565546298445,994.9909955042258,411.3824039285913
8167,1,994.9946188499595,401.9077728053174,994.6123320729718,411.2028759535298
8168,1,994.0857677547492,401.72604129099153,994.9670411513733,411.04901389589986
8169,1,994.9642147815044,401.5795374494119,994.6337075388349,410.8694244790224
8170,1,994.1039064522078,401.4074606166125,994.9941537037388,410.7163128066317
8171,1,994.9920093920305,401.25813272803543,994.6001682909622,410.5322951001198
8172,1,994.0819077128068,401.07435812044434,994.9613377983674,410.3901238119818
8173,1,994.9551136411591,400.9273152484306,994.6299161998776,410.21224909928156
8174,1,994.1290985949975,400.750770199142,994.9905413845648,410.07204319400284
8175,1,994.9970999091262,400.60787296245593,994.6014710757426,409.89312973817437
8176,1,994.085699693516,400.4283685415561,994.9657305566913,409.75121508501763
8177,1,994.9503932567144,400.2809440932079,994.6242768721557,409.5735486431152
8178,1,994.1429636526839,400.09703155828487,994.9890607716715,409.43008279633636
8179,1,994.9852287672004,399.9480609208999,994.594811399666,409.2509540317394
8180,1,994.0961728156511,399.7699318598247,994.9702750522774,409.10461066075106
8181,1,994.9717102255094,399.6214294579056,994.6107833462504,408.9284226221801
8182,1,994.115377374819,399.4408824933527,994.9781621343783,408.7761250939197
8183,1,994.9851559685951,399.292777839289,994.6122532864815,408.59179485587106
8184,1,994.1044986454415,399.1043741923053,994.9696166586862,408.4416834860053
8185,1,994.9722730980227,398.95293217555894,994.636069996083,408.2596020863388
8186,1,994.1246390101786,398.7728140083439,994.990330509386,408.1148017368636
8187,1,994.9919819241833,398.63409202888624,994.6121109550403,407.9324470917743
8188,1,994.092344051872,398.4573810234176,994.9645074541005,407.7921030322512
8189,1,994.9599904624507,398.3176441359859,994.6370365209754,407.6145939447898
8190,1,994.1329270712016,398.14579460672144,994.9925012751955,407.483429703381
8191,1,994.9966858869842,398.01031237182275,994.6090775140357,407.3100342661429
8192,1,994.0934368968369,397.83178847136867,994.9634430320674,407.17085924781554
8193,1,994.963894288391,397.6888479904455,994.6405633524246,406.99658294757364
8194,1,994.1186473565103,397.51129062503685,994.995700286307,406.8602395030509
8195,1,994.9991538225854,397.3751708250787,994.6055958390341,406.6794219795869
8196,1,994.0756676570022,397.19894383873367,994.9571940221041,406.5358867844611
8197,1,994.9630252904336,397.0599065230466,994.6522970987183,406.3646824391812
8198,1,994.1151317546138,396.88479563096416,994.9968833922177,406.22599509352403
8199,1,994.989749411004,396.7407858589579,994.6055444489057,406.04692180497017
8200,1,994.0952749998175,396.5614399263268,994.9571629719244,405.90704907231066
8201,1,994.9702371392495,396.4206497310412,994.6487592818925,405.7312138083346
8202,1,994.1187298171646,396.2460752237848,994.9981887031183,405.59554952124756
8203,1,994.9874846016362,396.1076729465423,994.6063104536204,405.4224885301485
8204,1,994.0979666054932,395.93173474705964,994.9645893997472,405.28691524251957
8205,1,994.9654892692561,395.78981639270506,994.635201207647,405.11481583860143
8206,1,994.1288527148051,395.61864316750444,994.9997277243601,404.98108822591456
8207,1,994.9902735015868,395.4841738333544,994.5974269428643,404.8016830951315
8208,1,994.1086489041028,395.30524431679254,994.9600479372158,404.6632873864361
8209,1,994.9774241465451,395.15981454321576,994.6401542431952,404.4897938436193
8210,1,994.1098894599188,394.9712339954763,994.9976990124625,404.3466097504721
8211,1,994.9790215759836,394.8262494225281,994.6015966648425,404.16132845568484
8212,1,994.1239224144208,394.646370930756,994.9596900078519,404.0194090885734
8213,1,994.9832875475228,394.50296908523774,994.6418907700672,403.84969452577093
8214,1,994.1179114274502,394.3313261121303,994.9973551384804,403.71542039190933
8215,1,994.9758847502922,394.18934262079256,994.613100676793,403.53708755684505
8216,1,994.1316735815282,394.0134548505695,994.9687068876975,403.38920916935206
8217,1,994.9919086888852,393.8643846576302,994.638257516393,403.2155001181991
8218,1,994.115955818455,393.6890596945285,994.9935774407166,403.0743576769392
8219,1,994.9723306484991,393.55514962914407,994.6069593691959,402.8921839926293
8220,1,994.1245698423128,393.374033536075,994.9706195928816,402.7542748058423
8221,1,994.9902225556382,393.23177715218435,994.6259199306439,402.56978503949694
8222,1,994.101069351533,393.0517159589241,994.996144157763,402.42046781629097
8223,1,994.9623972096734,392.9050810185361,994.598026818719,402.2313482529465
8224,1,994.132695843564,392.72087369073444,994.9646033703968,402.08329710260807
8225,1,994.995793157763,392.5810027575223,994.6259555930266,401.89909437322143
8226,1,994.098267776986,392.4014662577141,994.9999386246014,401.7490140031378
8227,1,994.9569680811911,392.25137082029283,994.5829199284035,401.5573957588637
8228,1,994.1447874436948,392.0691515635397,994.9511913525566,401.404817307613
8229,1,994.9977511240759,391.9133491674198,994.6374100346405,401.21275182920897
8230,1,994.0982930791398,391.72087673294476,994.9931175106627,401.05244112005255
8231,1,994.9566568478758,391.56563073894677,994.5922066202064,400.8609918716985
8232,1,994.1373859465989,391.36903369576504,994.9645639590193,400.713018265109
8233,1,994.9967939728649,391.21330630597254,994.6152928379266,400.5236721225801
8234,1,994.1017020569061,391.02616464656586,994.997510900893,400.367592219264
8235,1,994.9618380165899,390.8779069948009,994.5754039521843,400.18101190853577
8236,1,994.1364781263072,390.68530555271667,994.9490514111061,400.0404125923587
8237,1,994.9920818702996,390.5428589171035,994.6373614493981,399.8623645567574
8238,1,994.1120564352403,390.3674430670469,994.9887112911334,399.7168744604543
8239,1,994.9671803214128,390.221593769276,994.6041489041637,399.54064750517796
8240,1,994.1397759267531,390.04437200236566,994.9613608739825,399.3935050303524
8241,1,994.9863358884227,389.892580717602,994.6401662904699,399.2146947608126
8242,1,994.1331835125935,389.71089272264965,994.9938576384594,399.0617861993906
8243,1,994.9751402512862,389.56413129042636,994.6006056498148,398.8847167284465
8244,1,994.1421856406207,389.3883411442005,994.967442494212,398.74263458243297
8245,1,994.9833699523383,389.246322304032,994.6360438352069,398.56862190796477
8246,1,994.1306040464899,389.0720573311644,994.9941685555252,398.428555022577
8247,1,994.9737734658959,388.9314812080917,994.6037787452933,398.24776037103237
8248,1,994.144057928062,388.75641549351013,994.9626774716353,398.10017102236856
8249,1,994.9890674595042,388.61222942919903,994.6312456347341,397.9248069253908
8250,1,994.1326835502981,388.43896903015013,994.994375111341,397.77324270174296
8251,1,994.97334938044,388.2886869044161,994.6022252660307,397.5932585733046
8252,1,994.1390655986285,388.1100754636786,994.9586390314587,397.4437977211689
8253,1,994.9822217706673,387.96184504316193,994.638951596468,397.2674596194171
8254,1,994.131318047967,387.7813607046728,994.9970818939031,397.1166266352543
8255,1,994.9710880521361,387.63364109407274,994.5933732223799,396.9339524748695
8256,1,994.145173700511,387.4484038410314,994.9689667924222,396.79234508614337
8257,1,994.9942484141296,387.30182561735967,994.618342257816,396.6193987885053
8258,1,994.1092365939143,387.124850418841,994.9862921925826,396.4802181393623
8259,1,994.9692459759501,386.9849833544287,994.6035852086319,396.30307590710254
8260,1,994.1262719757254,386.79897820507216,994.9738049733808,396.16357907044227
8261,1,994.9990295620678,386.65527211701686,994.608788079002,395.98207301049445
8262,1,994.0999828561457,386.4711835070362,994.9856622762304,395.82715292783604
8263,1,994.9629493786697,386.32576616398364,994.5953202175382,395.6445352271866
8264,1,994.1337144723874,386.1484294725929,994.9670915747732,395.50465092552145
8265,1,994.9912646981634,386.00301083772706,994.6278118953397,395.33796299720285
8266,1,994.0913908817034,385.82619392998987,994.992225607582,395.193800280949
8267,1,994.9642937840451,385.68611259869334,994.6063732988763,395.0218652008485
8268,1,994.1236887785456,385.51331280503206,994.9675733302478,394.88944384434154
8269,1,994.9933757512957,385.3684282505242,994.6307427648194,394.7125609844496
8270,1,994.0952488481348,385.18434689502624,994.9968435487542,394.5727001004265
8271,1,994.9607074057523,385.0363935195159,994.5950068165201,394.3929644074757
8272,1,994.137969125707,384.85185718170794,994.9698100358296,394.24455782406875
8273,1,994.9973975168186,384.70182357877917,994.6179540372038,394.0664348247933
8274,1,994.0998240424345,384.5117048206303,994.9832120684138,393.9201563305549
8275,1,994.9608612688207,384.36631795313343,994.6173259022848,393.7408895715848
8276,1,994.1465047653223,384.18652498701334,994.979628971926,393.6001612725728
8277,1,994.999320668821,384.045007851968,994.6164875593029,393.4286912544535
8278,1,994.1071303826196,383.8770900154285,994.9850292541616,393.29681543921856
8279,1,994.964647813836,383.7451039858508,994.6095528290439,393.12633309068445
8280,1,994.1441414411504,383.5698941179877,994.9763479800531,392.9978432252779
8281,1,994.9955293923277,383.4385283634331,994.6261879446785,392.8343383023274
8282,1,994.0977093695857,383.2812988094926,994.9951100617158,392.70733191211343
8283,1,994.9647668192205,383.15594542261977,994.5982253778399,392.5443773316809
8284,1,994.126246106398,382.9936408619783,994.9714211848157,392.414709907331
8285,1,994.9965082390595,382.86770434878355,994.6158844668088,392.24725695689807
8286,1,994.0876712721915,382.7093671345971,994.983769301726,392.1223765949454
8287,1,994.9620325769106,382.59008107299667,994.6010067789236,391.9669982818448
8288,1,994.1209217135754,382.43980407880855,994.978903693711,391.8448667783555
8289,1,994.9924386678315,382.3276017034316,994.6102365754124,391.69597659216015
8290,1,994.0770772825066,382.1772848575428,994.9876850028598,391.5718383312776
8291,1,994.9686982427517,382.06118946662497,994.5899580684145,391.4139027247284
8292,1,994.1016652531004,381.90735695518754,994.9782057069541,391.299792727375
8293,1,994.9912315040061,381.7921629975889,994.5948351791545,391.14782120378015
8294,1,994.0824032341679,381.63879904395907,994.9797321502482,391.02751140118664
8295,1,994.9760218549658,381.52356919388035,994.5906814644751,390.8694346790804
8296,1,994.0877821118673,381.3731588192564,994.9755660285209,390.74854538687305
8297,1,994.9804475427189,381.25523579751683,994.5989079740605,390.5937164218222
8298,1,994.0927943801358,381.1058887001919,994.984077570127,390.48021771793196
8299,1,994.9826064924428,380.99219554269337,994.5927694657215,390.33399873976606
8300,1,994.0881925447413,380.84294585798733,994.9799851840538,390.2204507878633
8301,1,994.9721556571488,380.72674133807385,994.5949201344228,390.0705187070116
8302,1,994.1009362104714,380.56789341712573,994.9755151111927,389.95464317343635
8303,1,994.981144405066,380.43937976838697,994.6130413246319,389.8051217811544
8304,1,994.1034392463508,380.2778591701076,994.9834000094041,389.6817900692634
8305,1,994.981913435605,380.14272996851207,994.6067061454363,389.5228639869018
8306,1,994.1035891339095,379.9805232057587,994.981881346478,389.3969978441965
8307,1,994.9855199583689,379.8548896380219,994.603492775746,389.2339590854608
8308,1,994.0923279650182,379.6949323388152,994.9777410499495,389.10867296391626
8309,1,994.9657753270502,379.56811656202956,994.6081065774506,388.9503652395923
8310,1,994.1231838431561,379.40876409716543,994.9898267776358,388.8298372998011
8311,1,994.9967560329853,379.2929071777388,994.5941893421799,388.6690798186807
8312,1,994.0818153303918,379.1418692715663,994.9714832305722,388.54638942555664
8313,1,994.9602853828187,379.020984841998,994.6079315074534,388.39574481068274
8314,1,994.1259950990072,378.867417300824,994.9972436250603,388.2866868417699
8315,1,994.9973402483524,378.7541277389779,994.5840473003119,388.1306070670294
8316,1,994.0873371002734,378.5984055423737,994.953890380279,388.0109560029866
8317,1,994.9637342305853,378.48118577919786,994.6351955681483,387.8594630711648
8318,1,994.1199497919732,378.3276436475868,994.993197735904,387.7426853268613
8319,1,994.9978154490036,378.20948148147164,994.605217215447,387.59430173237365
8320,1,994.0756729987443,378.05653274394274,994.9693334292682,387.48442797807655
8321,1,994.967331255418,377.94867350025174,994.6295088011691,387.3429541133912
8322,1,994.1093768192931,377.8127181324098,994.994583567682,387.2365668016088
8323,1,994.9942519365457,377.70373520089714,994.6047106754517,387.0986075870794
8324,1,994.0875886466855,377.56258841466155,994.9635110460904,386.98735011214757
8325,1,994.9639835430097,377.4565024070933,994.649445084756,386.8493273192131
8326,1,994.123404844605,377.31800981655454,994.9999777518129,386.73974955570185
8327,1,994.9927621880591,377.2193247417003,994.6128556627198,386.59172908017183
8328,1,994.0856922019838,377.08333005856525,994.9621733504669,386.489507176688
8329,1,994.9660077006747,376.97558427251073,994.6507715546687,386.3552754858736
8330,1,994.1150836435469,376.83186438534193,994.9970602511243,386.25143257118833
8331,1,994.9978584497287,376.730652891013,994.622982899418,386.10656738822667
8332,1,994.0845263273986,376.58054354380323,994.9630238848273,385.9982824377242
8333,1,994.9619356613347,376.46984096989195,994.6598523791625,385.8489557200164
8334,1,994.1296045500276,376.320667995422,994.999680045049,385.7368456818206
8335,1,994.9967101587042,376.21325046000004,994.6236900770194,385.5906979897704
8336,1,994.0875819707496,376.06837220077466,994.9559434859761,385.4875246730168
8337,1,994.9684985161678,375.9646384998629,994.6750482642279,385.3385377566819
8338,1,994.1129126996896,375.81702709598295,994.9957786864552,385.2321697252233
8339,1,994.9958689147394,375.7115327142802,994.6408014667195,385.0771044960069
8340,1,994.090279973335,375.56766120824835,994.9708629070772,384.960462671862
8341,1,994.9608088629992,375.45795329110376,994.6623160428217,384.8056090754434
8342,1,994.1321025016683,375.3102234846287,994.9977889274493,384.68409279171846
8343,1,994.9964676144318,375.20006493151027,994.6250131944911,384.5302077408265
8344,1,994.0867168287174,375.0487967366858,994.9636645196638,384.40981882534106
8345,1,994.9671509952467,374.9291354510351,994.6552883839486,384.24902007627117
8346,1,994.1097774551773,374.7628803385292,994.9926344972495,384.1327096222158
8347,1,994.9885263957469,374.6433966602148,994.6300530296601,383.9766164410792
8348,1,994.0983318016016,374.48898550105713,994.9708663273196,383.86058370909217
8349,1,994.9709625433188,374.3725047440833,994.6529274075793,383.70512256472335
8350,1,994.1188295755885,374.21666844057853,994.9918142217507,383.5918266846084
8351,1,994.985421288123,374.0978966902332,994.6317863332318,383.4359201274929
8352,1,994.1174227225729,373.9389010864656,994.9739592319825,383.3241489187406
8353,1,994.9807624775827,373.8178882953114,994.6425080078778,383.15664315240997
8354,1,994.1160394766121,373.6553070809728,994.9881786552777,383.0268154196602
8355,1,994.9704367065636,373.53177692040475,994.6207836373632,382.86099681292706
8356,1,994.1352080005511,373.3683959924102,994.9761628802738,382.72884939046935
8357,1,994.991966290245,373.2371281858477,994.6292234776188,382.56498364372953
8358,1,994.1078386683973,373.07420332606125,994.9802267681307,382.43072518426396
8359,1,994.9681921553325,372.9486275511886,994.6287569345823,382.27113906427826
8360,1,994.1389020229078,372.7829758344253,994.9837226715515,382.1545339063555
8361,1,994.9891523378594,372.66463081848667,994.6194223259923,381.9934949224052
8362,1,994.1228411919454,372.5090133386498,994.9775789923293,381.86320472602074
8363,1,994.9672980959689,372.38801950952865,994.627059793019,381.70153208761616
8364,1,994.1489259395167,372.2302838832779,994.9861948299715,381.5798216107178
8365,1,994.9967711418354,372.10216801634346,994.6130122282194,381.4251873196585
8366,1,994.10798681196,371.9424325900273,994.9761680447729,381.29285071629954
8367,1,994.9612726947561,371.81798103717745,994.620370204766,381.1367484932143
8368,1,994.1528856944653,371.6625280308245,994.9884338029699,381.0157298647491
8369,1,994.9921278358469,371.53974168402436,994.6030597527916,380.8585161288597
8370,1,994.1295951527093,371.3871150941569,994.9752863957418,380.73189307886355
8371,1,994.9642533756909,371.2656107731162,994.6100575249521,380.5774746681484
8372,1,994.1601654688802,371.1127833074857,994.9907779375868,380.45633369503827
8373,1,994.9974737730242,370.9951753115705,994.5878670762368,380.2961104451784
8374,1,994.1222961772316,370.83633713713795,994.9593098445557,380.16614250482394
8375,1,994.963540641549,370.711296408642,994.6267620286534,380.0027677892067
8376,1,994.1533452464996,370.5517752810818,994.9994786491717,379.88173571503467
8377,1,994.995226671104,370.43163023397267,994.5892605253466,379.7256703468204
8378,1,994.1178086139395,370.28367302329997,994.9624434475867,379.6039814809805
8379,1,994.9612563898012,370.15793648932515,994.6084538550409,379.4565696127566
8380,1,994.1552878901947,369.9935762642774,994.9940529424786,379.33285325276887
8381,1,994.9988190698111,369.86143549821986,994.5867044307017,379.16892191780715
8382,1,994.1091693823973,369.6978926370986,994.966627112063,379.03748817534404
8383,1,994.9581321247877,369.5730314212725,994.6091512913929,378.86884633562374
8384,1,994.1475978495715,369.40931858333863,994.9922864567737,378.7376384794832
8385,1,994.9930527197562,369.28090755379645,994.5832305894874,378.57226975476874
8386,1,994.1003103066618,369.1238874924522,994.9644904897356,378.44216688006435
8387,1,994.9627580767065,368.9978120082438,994.6135128908693,378.28165726035206
8388,1,994.1284576398311,368.83086271608505,994.9944731771277,378.1511040172197
8389,1,994.9990788348376,368.70209447030624,994.5803358080127,377.9878513968985
8390,1,994.082150145489,368.5317191810815,994.958522171376,377.8543697214522
8391,1,994.9507100664474,368.403265565623,994.6255282515846,377.68658194272706
8392,1,994.1407298120973,368.2351721105645,994.9964866131577,377.56409431857475
8393,1,994.9998722839193,368.10708220160217,994.592167575759,377.40241298034636
8394,1,994.089755192017,367.9426566034685,994.9674457670666,377.27486751653925
8395,1,994.9588611880567,367.817065764293,994.6121398898033,377.10419930864896
8396,1,994.1270038656377,367.64755066709944,994.9837360423275,376.9755362424696
8397,1,994.9967742242449,367.5097149438012,994.6032129519974,376.80929824752144
8398,1,994.0886695166819,367.34107379358534,994.9768507913947,376.67105994410554
8399,1,994.9669818183718,367.197799921349,994.6109605312728,376.50749020778875
8400,1,994.1096797761795,367.0258420041188,994.978234146895,376.37907138739354
8401,1,994.993013937716,366.895655196838,994.6138869944789,376.21583408933503
8402,1,994.0824723298258,366.73149474244974,994.9756030440624,376.0865354353702
8403,1,994.9737248552095,366.60250210273557,994.6134840156583,375.9125676489833
8404,1,994.0897958331819,366.43753621139217,994.9888834200673,375.78038254536756
8405,1,994.9868657021167,366.3125714798246,994.59615894272,375.60589175755354
8406,1,994.0728996185447,366.1403568336704,994.9691440715544,375.46994664946794
8407,1,994.9663111019842,366.00039499621386,994.6134925008413,375.29536063826583
8408,1,994.0941096457367,365.82930187145337,994.9914448941304,375.1588420392372
8409,1,994.9911546013767,365.68847089997973,994.588047722083,374.9807762783909
8410,1,994.0621834717474,365.5053839803319,994.9559898302689,374.8414948280433
8411,1,994.9672046660681,365.3704307077404,994.6392624887613,374.66564810049016
8412,1,994.0949954202491,365.20424008997435,994.9999939173204,374.5355684459173
8413,1,994.995676594901,365.07235002243095,994.601133249509,374.36311460092145
8414,1,994.0543116474887,364.8995497597919,994.9585574849912,374.23233862675085
8415,1,994.9532697744415,364.77347579327335,994.6413004567106,374.0660481547349
8416,1,994.105689223383,364.614201263306,994.9990864409654,373.9364217910102
8417,1,994.9919509539455,364.4898089943967,994.6025309639591,373.7698053028438
8418,1,994.0630098063081,364.32545904014034,994.9542364066771,373.6476609355996
8419,1,994.9543889993843,364.20407388394125,994.6498276061898,373.48681563632584
8420,1,994.1099841932244,364.03792400555574,994.9987130116928,373.36808379016924
8421,1,994.9944263733411,363.91532220034895,994.6074634454303,373.20424337926346
8422,1,994.0677610658047,363.75873525999305,994.9533834148059,373.0812715147296
8423,1,994.955603480995,363.632933189215,994.6541200616282,372.9280373047647
8424,1,994.1192756163679,363.48053031809695,994.9977840193754,372.80726452710036
8425,1,994.998387670261,363.35890067424276,994.6172610206864,372.65647270684013
8426,1,994.080469948617,363.20315334608273,994.9562457920401,372.54064788983123
8427,1,994.9552041039668,363.08023994531135,994.6568522940983,372.3871911173216
8428,1,994.1249579965745,362.92164864756035,994.9996759781184,372.26918760749913
8429,1,994.9983078257013,362.798962798107,994.6092143380644,372.11310275937507
8430,1,994.0899990604995,362.64455990171217,994.950875993964,371.99013798642545
8431,1,994.9606118202173,362.52587934672465,994.6621381686938,371.83156812398664
8432,1,994.1345186945875,362.37190946258636,994.989151726285,371.7111938935292
8433,1,994.9961666649428,362.2438383644538,994.6229695808489,371.5505604952041
8434,1,994.1074189215417,362.08776267451447,994.9678534720119,371.4138079934176
8435,1,994.9566574267969,361.95168986902934,994.6451537747624,371.2555390176102
8436,1,994.1524742327167,361.7858906998749,994.9992017768839,371.1236967468628
8437,1,994.9964932096752,361.6570385789593,994.6086227864475,370.9578120429775
8438,1,994.1068458902282,361.49426601530723,994.9598229759328,370.8234711598673
8439,1,994.9546163126917,361.3626901818548,994.6467066121204,370.6604737380108
8440,1,994.157580321355,361.19021353231346,994.9987719713614,370.52980899350985
8441,1,994.9941045302709,361.05488176474546,994.6072500019984,370.3609488511018
8442,1,994.1104907470751,360.8970614996814,994.9482535104295,370.23387552592277
8443,1,994.9647952904146,360.7792932989663,994.6713728737315,370.0830212703824
8444,1,994.1461785998347,360.6281027628827,994.9866462894731,369.9665717836491
8445,1,994.9877189501441,360.51098306408767,994.6328913422482,369.81541849424445
8446,1,994.1309944917597,360.3554320897994,994.9771696887483,369.69369782174005
8447,1,994.9716905641973,360.2340064900094,994.638215440803,369.5404201066686
8448,1,994.1409125514318,360.0803952657371,994.9858391410107,369.4159023192356
8449,1,994.9933513573204,359.95836358472275,994.6171803531225,369.2522640673646
8450,1,994.1148701058387,359.7902856732802,994.9649030611508,369.12508999358346
8451,1,994.9691985577798,359.6678925290454,994.6423851191968,368.9617721249246
8452,1,994.1391927025142,359.4981560807824,994.9980556923339,368.83944769152436
8453,1,994.9942253122625,359.366363296665,994.6062080496853,368.68019027033347
8454,1,994.1113246723116,359.21154318711496,994.9685765888719,368.5526946025422
8455,1,994.9648805938906,359.08633437892473,994.6254944993619,368.3936041096865
8456,1,994.1399618053194,358.92010708283595,994.9813523470448,368.2631459477556
8457,1,994.9930218013754,358.79355260373427,994.6234520801218,368.1009282811955
8458,1,994.1178823036071,358.63013867182906,994.9741201990687,367.9715784406703
8459,1,994.9659809993003,358.4947786496902,994.6297119121169,367.81182315129547
8460,1,994.1491153443995,358.32365523011947,994.9757888609802,367.68932093443624
8461,1,994.984659941837,358.18280508450624,994.6395230828871,367.5283233253597
8462,1,994.139427747149,358.02037886454895,994.9831829040278,367.38584662427695
8463,1,994.9838176936034,357.88362269744135,994.6319610852138,367.22306120391374
8464,1,994.1317450025601,357.70972602901105,994.9718250212393,367.09092629166474
8465,1,994.9778396309157,357.5698647166357,994.6495307539469,366.9089227398624
8466,1,994.1420887455818,357.3951721094241,994.9989733098906,366.7685290294935
8467,1,994.9874938973142,357.25192354818336,994.6172101316731,366.5923270513003
8468,1,994.1252970295836,357.0681572175809,994.9547037984431,366.4423438376913
8469,1,994.969398211293,356.920967061585,994.6632604139468,366.2617551368065
8470,1,994.1520954250782,356.7413335827623,994.993813870494,366.1160873863927
8471,1,994.9981731757638,356.5937821789771,994.6201458087484,365.9373855247003
8472,1,994.1158432339972,356.4210657056053,994.9720161678272,365.78412445015755
8473,1,994.9655112091056,356.2837275491985,994.6435752457684,365.60669301605844
8474,1,994.1493644800213,356.1015229186154,994.9853511083217,365.47308828789215
8475,1,994.9935952089572,355.9569084911125,994.6380885418765,365.30539667767243
8476,1,994.1180841891726,355.78427177305326,994.976534424331,365.1621254571678
8477,1,994.9631208207636,355.63590099589146,994.6454819250271,364.9965731017577
8478,1,994.1589835845941,355.45991608309527,994.9798516411304,364.8529445458569
8479,1,994.9998377596756,355.3141452052321,994.6537405463981,364.6801033237043
8480,1,994.1263507232892,355.1428120575298,994.9857949167509,364.5284902510741
8481,1,994.9591534316161,355.0018151546751,994.652931797885,364.3530161428204
8482,1,994.1632436128243,354.8259685090116,994.9794320832433,364.20829429251864
8483,1,994.9907705620791,354.6867064699221,994.6551574187251,364.03299631958356
8484,1,994.1276432488321,354.5134068017036,994.9832579608507,363.8840217910272
8485,1,994.9688799037307,354.37062340486113,994.6503785299093,363.7063652159774
8486,1,994.1518332657361,354.1930939981456,994.984014377198,363.5614564872975
8487,1,994.9887036066806,354.0466479848538,994.6402542514084,363.3862486258691
8488,1,994.1368542912712,353.86874716280755,994.9814572731855,363.2408606961432
8489,1,994.978084586974,353.72000880876544,994.6383399697222,363.0584878583473
8490,1,994.1457991413619,353.5366701363088,994.9874507024444,362.9073218534862
8491,1,994.9809873849925,353.383624148162,994.6268312995301,362.7272109147633
8492,1,994.1382963052415,353.19225093707524,994.9744523577234,362.5771805355789
8493,1,994.9776799930936,353.0350164599801,994.6363027175316,362.39674234419033
8494,1,994.1448706322766,352.8577361927101,994.9841218164447,362.2461259394299
8495,1,994.9944441015374,352.7128750546445,994.6349721367552,362.06268312120733
8496,1,994.1170665790638,352.5316498244673,994.9851639035521,361.9114028946011
8497,1,994.9749944474149,352.38106975582866,994.6129142875935,361.7204679744195
8498,1,994.1235753626486,352.1950304155925,994.9794872711988,361.5704832810094
8499,1,994.9837791212501,352.04428992874693,994.6148893832127,361.39099697726095
8500,1,994.119662469396,351.85980660940055,994.9712269270751,361.2399948358949
8501,1,994.9791327757947,351.70441819649994,994.6346534654552,361.05328419414036
8502,1,994.1270266568358,351.51361451997593,994.9982127836911,360.9036132679027
8503,1,994.978646982387,351.3549381320932,994.6034464303226,360.71434238451866
8504,1,994.1296881685307,351.15858063639996,994.9613544713791,360.56120379046877
8505,1,994.9911085687401,351.0021391255329,994.6400063023289,360.36692432054065
8506,1,994.1111089753788,350.8136583574435,994.9981336323992,360.2086771374801
8507,1,994.9752113519522,350.6562045314122,994.6064062616146,360.0154300307965
8508,1,994.1187798249246,350.4625880157401,994.9658999713635,359.8611579925672
8509,1,994.9861329848303,350.30169751813634,994.6349754227551,359.66947604667234
8510,1,994.107613722662,350.1116948015164,994.9947776190753,359.50360576047893
8511,1,994.9660625393419,349.9600877845209,994.6127717082358,359.3035065579018
8512,1,994.1318330682341,349.76845836455556,994.9671960829842,359.14229936021655
8513,1,994.99636519076,349.6076798953068,994.6382944837325,358.9484302848515
8514,1,994.1001030588894,349.40761023178925,994.9922179143489,358.7833608143676
8515,1,994.9608881707951,349.2489474705664,994.6162012422528,358.59070064531403
8516,1,994.1412714086819,349.0528337039839,994.9636248235756,358.42905753614934
8517,1,994.9848907427074,348.89020229312155,994.6441745447207,358.2353636642156
8518,1,994.1022198362988,348.6986846035936,994.9907775142126,358.07932589382517
8519,1,994.9795497344301,348.5464149523116,994.6081459125409,357.8895494127802
8520,1,994.0987596180179,348.3534757816737,994.9699489172657,357.7396309210738
8521,1,994.9859194750387,348.1953291714811,994.637409804449,357.55255962316573
8522,1,994.0831026604884,348.0081399451408,994.9911142250893,357.4037774341195
8523,1,994.9706194744683,347.8611174930615,994.6212982855101,357.21588316893326
8524,1,994.090865827359,347.6798931178936,994.9745826256586,357.0647505679933
8525,1,994.984755109423,347.5371621611428,994.6397188557441,356.8841276898431
8526,1,994.0858873295253,347.35378192767877,994.9925236967003,356.73987993412317
8527,1,994.9841920983858,347.2072722018991,994.6105325165306,356.5544327881608
8528,1,994.0807479237302,347.0206746519983,994.9772345716833,356.40658498728794
8529,1,994.9846002976059,346.87699705388417,994.6106670412026,356.2221130469139
8530,1,994.0715347756137,346.6918771346506,994.9840912046488,356.07174884825474
8531,1,994.9713674918747,346.5483770857862,994.6076545679223,355.88508721044
8532,1,994.0937616939092,346.3602697364752,994.9737808369981,355.73210769087365
8533,1,994.987367872751,346.20616513694,994.6212688366738,355.53818615965173
8534,1,994.0850430973181,346.01123967536614,994.986864939561,355.37995316969904
8535,1,994.9634503550315,345.85432555103984,994.6079468407117,355.1825283996523
8536,1,994.1179822034422,345.65998872694115,994.9627588879299,355.02032552328245
8537,1,994.9992255361941,345.49735013520024,994.6503487425911,354.82996201413584
8538,1,994.0810378730821,345.3046404885098,994.9969985595815,354.66950933827667
8539,1,994.9628681854488,345.1510428832827,994.6130562513089,354.47824911911994
8540,1,994.1125433223496,344.96222646470824,994.9606707332096,354.322514075368
8541,1,994.9902587450055,344.80980180920966,994.6552152036955,354.1270710359994
8542,1,994.0902127440751,344.6209575817039,994.9999723092842,353.9673688104209
8543,1,994.9715948301173,344.4659190530662,994.6128684119062,353.77346114581263
8544,1,994.1005536876564,344.26787213636067,994.9629259329334,353.61904489586254
8545,1,994.9818456143056,344.1094014074283,994.6459846647168,353.41940619329614
8546,1,994.093823778115,343.908950635369,994.9948160038139,353.2541747001404
8547,1,994.9802682367445,343.7463929798654,994.6141747773175,353.0602518001589
8548,1,994.0851046522208,343.54295479608857,994.9659843227972,352.9018428162281
8549,1,994.978573219613,343.3825099398849,994.6447087077863,352.71282113025904
8550,1,994.079310980136,343.19015993483066,994.9966735848183,352.55388971659374
8551,1,994.9807965334065,343.03360630443706,994.6169670165154,352.35711012281536
8552,1,994.0779958696182,342.84074866403813,994.9634669764514,352.1971880031013
8553,1,994.9825291314895,342.68530281215385,994.6494713011343,352.00366353286154
8554,1,994.073332918351,342.4941670406525,994.9972455499604,351.8500152274147
8555,1,994.9788822033402,342.3433536359066,994.6150583819604,351.64990394033896
8556,1,994.0734332638666,342.1473947372299,994.9613861103622,351.49078070448564
8557,1,994.981507096491,341.9836204754678,994.6496128879909,351.2922952550399
8558,1,994.071334650959,341.7809232548026,994.9992260122534,351.12746088289106
8559,1,994.9686981161832,341.6144762986971,994.6105350105076,350.90858033824145
8560,1,994.0948586917644,341.40157966718,994.9511458956749,350.73592269940394
8561,1,994.9954492063843,341.2241520218262,994.6628481433943,350.5237140006935
8562,1,994.0597344488641,341.0156123652209,994.9921025594955,350.34538774058865
8563,1,994.9624698934842,340.8505052908903,994.6167859555026,350.12671993805697
8564,1,994.0916699225342,340.63609672695844,994.9662360443735,349.96321118271754
8565,1,994.9948346121611,340.4580504116156,994.6434049072207,349.7593652062537
8566,1,994.0580056204144,340.25253529088155,994.9966677296252,349.5816249304201
8567,1,994.955955026155,340.08022426675916,994.6075607365273,349.36387448523857
8568,1,994.1035286121833,339.8636674830663,994.9539673366719,349.18730844114805
8569,1,994.9975858565447,339.68938412224765,994.6574984118961,348.972540304019
8570,1,994.0672758973426,339.4766534723687,994.9984571834905,348.80086377092675
8571,1,994.9566742791403,339.30117194671715,994.6086352745597,348.590892579217
8572,1,994.109613766799,339.07768090927476,994.9666703426267,348.41972816987385
8573,1,994.9961588738299,338.90317056065027,994.6300010175884,348.1997020333817
8574,1,994.0702873166819,338.6901089296082,994.99022068985,348.0128481768237
8575,1,994.9527959770152,338.514840508091,994.6067080363283,347.7959524135066
8576,1,994.1165189112021,338.29514156651487,994.9683236778276,347.6274646247262
8577,1,994.9934982484165,338.12289157045194,994.6257813700763,347.41477565769
8578,1,994.0802623946634,337.91438989174117,994.9936648182706,347.2376646418615
8579,1,994.9657191697684,337.74167388819205,994.5973541849661,347.0209038407391
8580,1,994.0980237143941,337.5270705068586,994.9652833293223,346.8506013432864
8581,1,994.9882704899555,337.3546476416173,994.614194056511,346.6383265312764
8582,1,994.0706705389118,337.13944241863163,994.9935060700503,346.46862554907364
8583,1,994.9617813076123,336.97338492551637,994.5784804415142,346.2602727995249
8584,1,994.0965710119323,336.76394135627726,994.9657030326034,346.087648831553
8585,1,994.9902766873976,336.5795229902195,994.5998041636043,345.87833013673713
8586,1,994.0735468795925,336.3660752934325,994.9997413074396,345.6947835311313
8587,1,994.9622225553641,336.187429877376,994.5518200848772,345.4805885337289
8588,1,994.0958780733538,335.97733995933004,994.9511810035082,345.30569349215887
8589,1,994.9940522714425,335.8027350666183,994.6010018159734,345.0993640366275
8590,1,994.0621483816772,335.59126036203725,994.9891055122796,344.9229661169551
8591,1,994.9618232323902,335.41256176094925,994.554741398864,344.71068415295565
8592,1,994.0823336310842,335.19492601524416,994.968253195451,344.53626479806064
8593,1,994.9938363817032,335.0110559895745,994.5749446446677,344.316275405601
8594,1,994.0436571010728,334.7895514115162,994.9872572692113,344.1281339339446
8595,1,994.969705341872,334.60403734943895,994.5582235829751,343.9039614946815
8596,1,994.0528718419915,334.38216084973607,994.9687134436924,343.72059773745207
8597,1,994.9876516050746,334.19506590458076,994.5771379065535,343.504523276821
8598,1,994.026827569541,333.9737737532179,994.9820637881709,343.3151131556027
8599,1,994.9676656887156,333.7885910709209,994.5680094782768,343.0852978196145
8600,1,994.0397294025704,333.5609608367482,994.9729468284388,342.89287221019936
8601,1,994.9882592332193,333.36570596572096,994.5750279151616,342.6580456564792
8602,1,994.0215352889445,333.1206764654411,994.9869726592358,342.46420078861746
8603,1,994.9647076472129,332.9190436664742,994.5561494989335,342.22846041502044
8604,1,994.0437329394283,332.67620896787395,994.9647594738364,342.02528994731784
8605,1,994.9952230809238,332.4743087356012,994.5803973229089,341.779874694234
8606,1,994.0119057809793,332.23333379937554,994.9876269833125,341.5699502030187
8607,1,994.9596643159305,332.0266228154054,994.5626123476784,341.32304602865946
8608,1,994.0455470129887,331.7718282396256,994.969338797791,341.11484352109807
8609,1,994.9966143630693,331.56724205351287,994.5785431234891,340.86384881616806
8610,1,994.0031857724068,331.3280051386572,994.9832756745401,340.6528376221303
8611,1,994.945898924785,331.1255925934653,994.5630516470443,340.4021702200926
8612,1,994.0702258113544,330.87534472235257,994.9658140548419,340.19507825503905
8613,1,994.9882612897023,330.6686547547057,994.5945779400793,339.9561749193677
8614,1,994.0188063889092,330.42476580919555,994.9814643311839,339.75705643062247
8615,1,994.9597203091798,330.22394186989465,994.5796754522125,339.51473650305115
8616,1,994.0489892373025,329.98384565814064,994.974583181742,339.3181190015039
8617,1,994.9942366638278,329.78962805040885,994.5799831627572,339.0833476800161
8618,1,994.0196183183931,329.5611093186076,994.9892463648642,338.8814009896525
8619,1,994.956578576463,329.3653009465207,994.5529866182759,338.6444928374943
8620,1,994.0637454805956,329.12353092872047,994.9558478794027,338.4540853279877
8621,1,994.9958821850117,328.92717238120355,994.5985722555972,338.2182228661976
8622,1,994.0298420722207,328.68464084331924,994.9955705675676,338.01875214553826
8623,1,994.9484825997779,328.48584806492596,994.5634093180363,337.7774698410545
8624,1,994.0820024561948,328.23425923601036,994.9554355637571,337.5825696606777
8625,1,994.9900819795267,328.0353322064011,994.6103972696972,337.3431981614513
8626,1,994.0368973294829,327.7966813046005,994.997164140088,337.14183397806715
8627,1,994.9662331069975,327.5950111696595,994.5714271892913,336.90375028409653
8628,1,994.0577559940863,327.34671083326725,994.9643883883067,336.7043347929322
8629,1,994.9984745352477,327.1425532542652,994.596069977735,336.4665507066579
8630,1,994.0146694034996,326.9024990239578,994.9849121089543,336.2657028896746
8631,1,994.9661157023604,326.70169832172496,994.5841929669912,336.022233132817
8632,1,994.0398961253804,326.4597361516008,994.9729124008244,335.8170752312693
8633,1,994.9853587778408,326.2586887043158,994.5955992285443,335.57421163583786
8634,1,994.0234384227261,326.02382615317947,994.9882016146079,335.36788178614427
8635,1,994.9699368852362,325.82694544449083,994.5812424517426,335.12864503195664
8636,1,994.0405855881943,325.58771724910196,994.9648752116257,334.92672018619743
8637,1,994.9844455426166,325.38860377314495,994.6123335489267,334.68895983739753
8638,1,994.0340255772264,325.1506538173939,994.9969994091555,334.4884404685285
8639,1,994.9688119180285,324.9524925951195,994.5658853716538,334.24697331884397
8640,1,994.0513658613492,324.7115012785131,994.9494587152685,334.0465424856099
8641,1,994.9904425086273,324.5066912249535,994.6217278852803,333.80726841127745
8642,1,994.0245749137188,324.2701914090216,994.9954928867141,333.6086865985951
8643,1,994.9726118285746,324.0795502852526,994.5741100487844,333.36886567536885
8644,1,994.0373926166088,323.8489872859639,994.9667118364302,333.1788271896585
8645,1,994.97593176186,323.6580843957574,994.5908548460044,332.950367907189
8646,1,994.0484161072575,323.4309631430828,994.9910424436216,332.7609864250345
8647,1,994.9804827374502,323.2460919119334,994.5666600294247,332.53445565717726
8648,1,994.0408961718327,323.022500095349,994.9579918583005,332.3455299402933
8649,1,994.9752395950425,322.8423534502334,994.6016137756651,332.12389454671063
8650,1,994.0509215546457,322.61371284821684,994.9967907828897,331.9480213415765
8651,1,994.9754319515263,322.44084996051237,994.5659336908496,331.72301821718924
8652,1,994.0473339062938,322.22648134648335,994.9645474948034,331.5470274106021
8653,1,994.9813252695986,322.0547603313453,994.5910755937728,331.3287692152204
8654,1,994.0406494994095,321.8463252251345,994.9880590744145,331.15277827889173
8655,1,994.962013051227,321.6710629784871,994.5696823759614,330.9345390804169
8656,1,994.0644097602375,321.4494874010415,994.9688992911616,330.7590528040818
8657,1,994.9944784495243,321.2684418096875,994.5872060441345,330.53678489401767
8658,1,994.0284949634039,321.04122973752675,994.9784322971032,330.3589097786122
8659,1,994.9532820868524,320.85769200866883,994.5863389949457,330.1282875704814
8660,1,994.0756714536446,320.6267216498076,994.978377516422,329.9387007048323
8661,1,994.9993648292109,320.4332335772921,994.5795848712795,329.7137200850439
8662,1,994.0237152227805,320.2009264790962,994.9733210942381,329.52681423311833
8663,1,994.9498470329037,320.0208193103501,994.5895161124698,329.2983519212299
8664,1,994.0823772528879,319.7871004613256,994.980137706342,329.11936773623313
8665,1,994.9929824759259,319.5920803376607,994.586437437248,328.89805128437786
8666,1,994.0353045573775,319.36681925795307,994.9837876248376,328.7107703882515
8667,1,994.9565430861501,319.17127887966546,994.5745675312771,328.4856209237979
8668,1,994.0794254574846,318.94433234571255,994.9638491617436,328.2891949115934
8669,1,994.9964652151058,318.7562156737481,994.6065134544631,328.059221688883
8670,1,994.0517726598775,318.5322063499754,994.9889573708706,327.87034503273566
8671,1,994.9588960579326,318.3558145228332,994.5759941834164,327.6404192434186
8672,1,994.0946111781218,318.13899339689885,994.9587823220138,327.44936425361095
8673,1,994.9994347483293,317.9557539601603,994.6161115428622,327.2276813708094
8674,1,994.0577150150162,317.73297079553237,994.9963613277253,327.0407796125278
8675,1,994.954574959426,317.5474248685909,994.5758219340502,326.8140463004416
8676,1,994.1002335249133,317.3210510744539,994.9594811414094,326.63045910779005
8677,1,994.9987906776042,317.1332360457129,994.6108909831005,326.41070501126995
8678,1,994.0608964554508,316.91860742565035,994.9920220037019,326.23329750057025
8679,1,994.9593957298232,316.74063397715935,994.5593628384813,326.01676973958064
8680,1,994.0932437720176,316.5282374458862,994.9597887529555,325.83136922851133
8681,1,994.992869379151,316.34725210074055,994.5951289925058,325.61795325573496
8682,1,994.0714021496722,316.1369038125922,994.9981146943663,325.43620972532307
8683,1,994.9622178270373,315.95990977480733,994.5513016453409,325.21739754447077
8684,1,994.0936191689472,315.74687634394377,994.9550725327235,325.03836516370546
8685,1,994.9839411355958,315.57383696162316,994.5881149234281,324.8207600757482
8686,1,994.0711541167639,315.3605791990431,994.9981739537101,324.63475989556184
8687,1,994.9598810470122,315.17757085983686,994.535770476643,324.4123723349455
8688,1,994.1026571895361,314.9549924766663,994.9520402416313,324.2285465118719
8689,1,994.9887742593895,314.76903859468285,994.5892034079438,324.0107247418537
8690,1,994.0771258384476,314.55873938808645,994.9976842305311,323.82856091620386
8691,1,994.9625595911514,314.37636068228454,994.5420617643467,323.6209075646464
8692,1,994.0966914424068,314.16585706270206,994.9580157451602,323.452330040048
8693,1,994.990558683335,313.98389041935457,994.5786727603991,323.2518283084597
8694,1,994.0681509610395,313.77732202584195,994.9982381383202,323.08034624394344
8695,1,994.964556501286,313.61162630678143,994.5345608854159,322.8735882979483
8696,1,994.0912243388761,313.40500931909975,994.949789208515,322.70988416050415
8697,1,994.9883406738937,313.23635447720187,994.5873335851757,322.50763908728544
8698,1,994.0749340009103,313.0345257523176,994.9908739775682,322.3402103100705
8699,1,994.9534402229965,312.87031501086307,994.5370373322107,322.1352063851172
8700,1,994.1217703205659,312.66488572778354,994.9588457012666,321.9679764492906
8701,1,994.9971698051078,312.4908877942233,994.5798229824989,321.7610051625106
8702,1,994.0808493819743,312.2899086081298,994.9985178520196,321.5864124216871
8703,1,994.9607600325559,312.1208775866868,994.5313568989993,321.38564441354987
8704,1,994.1096698705197,311.91615030230844,994.9460401964575,321.2196688494781
8705,1,994.9986347449217,311.7428873434006,994.597145035032,321.02793804337915
8706,1,994.0644457884281,311.53944998961185,994.9882516895376,320.851982261981
8707,1,994.9597022866931,311.36680931576706,994.5549534426934,320.64522349616635
8708,1,994.096533958295,311.1558497243749,994.9633395357394,320.47716228738665
8709,1,994.99937861616,310.98342998037145,994.5801253363876,320.26792503814926
8710,1,994.0485386509191,310.7760723952424,994.9932433240215,320.09016738249755
8711,1,994.9510746167668,310.60360614984927,994.5421883814201,319.87371775137797
8712,1,994.0981912975683,310.39854773391374,994.959908141533,319.7070489625417
8713,1,994.9952901761363,310.2305606740889,994.5837510736161,319.5008249711525
8714,1,994.0534259156277,310.0308705615939,994.9936635873436,319.33140904172706
8715,1,994.9578764801656,309.8611538935833,994.5492441505259,319.12091185320975
8716,1,994.0849608507797,309.6487981481711,994.9521275188168,318.9569877965383
8717,1,994.9981187433059,309.4756588758941,994.59887114408,318.76213126731636
8718,1,994.0501329640047,309.2813129359003,994.9948912960788,318.59109536959437
8719,1,994.9568813482337,309.12637868419444,994.5533118310049,318.3891977639541
8720,1,994.0906956486658,308.92882347353054,994.9524674840894,318.2274720190815
8721,1,994.9910684299607,308.75468084040034,994.6077900192553,318.0342506183987
8722,1,994.0632254002978,308.55375862368766,994.9990742183493,317.8557278238848
8723,1,994.9672427505246,308.3873114088833,994.5605696682552,317.65068289351706
8724,1,994.073606058287,308.18225956128595,994.9549143464282,317.48037971421036
8725,1,994.980845217271,308.00976120587086,994.6104834401602,317.2731312402597
8726,1,994.0624131114856,307.79404840734463,994.9932786987853,317.1016263287821
8727,1,994.9704692207979,307.6182383125425,994.5691653102994,316.8842471547045
8728,1,994.0738690007703,307.3968586763236,994.9532778181946,316.7083618582497
8729,1,994.9775138183877,307.21140994528747,994.6186493700205,316.4930661916713
8730,1,994.0771917616966,307.00004779882164,994.988841660591,316.3072396884571
8731,1,994.9822130736263,306.81875576328696,994.5754464666898,316.09492781043457
8732,1,994.0640834667993,306.60207424224245,994.9536725950952,315.9248238911163
8733,1,994.9724607352197,306.43205054425306,994.6181297322535,315.71969127481225
8734,1,994.0803382248265,306.2322330970103,994.999399039249,315.550249271507
8735,1,994.9794388448964,306.06613521792093,994.5788961012947,315.34963407804577
8736,1,994.0720512984757,305.86120622166544,994.9515776383877,315.18710113251547
8737,1,994.9734482395626,305.68923396772783,994.6290879653812,314.98881963213955
8738,1,994.0847960985936,305.47731334542493,994.9950910244664,314.82055920115897
8739,1,994.9739249824978,305.30441054185474,994.5951001780442,314.60727459545
8740,1,994.1033674793839,305.0877060180172,994.9515305010904,314.44031861814665
8741,1,994.9794590327442,304.9209483538089,994.652198684299,314.2311210973272
8742,1,994.1054592960819,304.7157263571564,994.9870335857202,314.05495131742464
8743,1,994.9873456400239,304.5406992904535,994.6127813602981,313.8396756295173
8744,1,994.0835370242248,304.331118608995,994.9676059348327,313.6696144808555
8745,1,994.9769846231789,304.1634485637658,994.628992164584,313.467139736542
8746,1,994.0844204802527,303.9674181154581,994.9867661713657,313.30568793842934
8747,1,994.9809872574853,303.8013140662728,994.6101832184236,313.1008176381589
8748,1,994.0734114669059,303.5972195090366,994.9695049304446,312.93350426199646
8749,1,994.976235602234,303.42981573370514,994.6282060613465,312.7315784368141
8750,1,994.0759712866056,303.2266261798238,994.9890791095688,312.5672064967397
8751,1,994.9878745867712,303.06548535365636,994.604420344886,312.364822420281
8752,1,994.0564589880705,302.8611776216204,994.9674258011544,312.2088703004455
8753,1,994.9667239314052,302.7002364972822,994.6305806553513,312.01540287054354
8754,1,994.0840112518455,302.5030634746201,994.9983157481739,311.8592896354155
8755,1,994.9931280722967,302.350746742176,994.5889025292441,311.66135571448785
8756,1,994.0462847623397,302.1596349400899,994.9534420159544,311.5024656082651
8757,1,994.9663372955388,302.00218077844545,994.6328305756864,311.3023203562166
8758,1,994.0683386340789,301.8006733577177,994.9954441129938,311.14087805382707
8759,1,994.9897326551512,301.6416936417562,994.5910756770775,310.9441278535038
8760,1,994.04266183343,301.4417616771962,994.9555282873656,310.7939386828105
8761,1,994.9669511407484,301.2936466657909,994.6348520803052,310.6033754380742
8762,1,994.0657467083504,301.1058529486357,994.994705005709,310.456246831997
8763,1,994.9929830154564,300.9637107121763,994.5836994261705,310.2652045817954
8764,1,994.0357131664832,300.7735361482896,994.9580887580761,310.1169515869017
8765,1,994.964640587391,300.62050516896,994.6265009913086,309.93108425974526
8766,1,994.0628972142039,300.4317886813599,994.9977193309954,309.7862050274297
8767,1,994.9977033655093,300.2800954877958,994.5897140161633,309.59932423590254
8768,1,994.0234725696856,300.0900399140896,994.9542344212085,309.45265691024093
8769,1,994.9553984389921,299.9344091133995,994.6420993186096,309.2698125488512
8770,1,994.0729507750833,299.74290390481934,994.9975114211818,309.12239277998805
8771,1,994.9841363870912,299.5911235866084,994.6019070223249,308.9335589084251
8772,1,994.0282535852463,299.4025204080147,994.9631110143998,308.7786779228516
8773,1,994.9762396130708,299.2476721591825,994.6367264102886,308.58630988513755
8774,1,994.0356464648912,299.0495987416331,994.9999471458942,308.4309529243882
8775,1,994.9850777776242,298.89247299320965,994.593360879641,308.2319808954993
8776,1,994.0274129408508,298.69340035577375,994.9498992508984,308.0701972076618
8777,1,994.9705181941019,298.5287356886192,994.6581000182356,307.8733468417489
8778,1,994.0465295849443,298.3306277224742,994.9907212979361,307.7085587573215
8779,1,994.9844820895909,298.17111517988866,994.6148094966958,307.5075730885595
8780,1,994.0359538392664,297.96556615192924,994.9639869188566,307.35128026288515
8781,1,994.978624968835,297.80413991390174,994.6446689908752,307.15479129424995
8782,1,994.039419697161,297.5933123031308,994.9817208551495,306.9961185780522
8783,1,994.9802024757303,297.43954103371476,994.6393081773998,306.78851087321607
8784,1,994.0397269985483,297.2308716510075,994.9794612457046,306.62747389720715
8785,1,994.9800236172249,297.0589488568068,994.6442872355088,306.43311802601073
8786,1,994.0400410264249,296.85370970440925,994.9796926859564,306.270987857869
8787,1,994.9881891327766,296.6884331006898,994.650850523627,306.06478075865107
8788,1,994.0246680737985,296.48573457991245,994.9835610417515,305.90433356345113
8789,1,994.9726476231859,296.3242037584607,994.636378965977,305.69441247420946
8790,1,994.0385391433754,296.11765605888314,994.9716960170487,305.53483533046654
8791,1,994.9957776524926,295.95213595280813,994.6569218913187,305.3391654431252
8792,1,994.0053893562383,295.74453039040725,994.9878055912149,305.1801667208159
8793,1,994.9643650634634,295.58267105028204,994.6414351913531,304.9706940157462
8794,1,994.0338580903276,295.37413654722445,994.9730100162684,304.80431045967714
8795,1,994.9893798777979,295.2089268390375,994.6667269132845,304.60009340239543
8796,1,994.003286908909,295.0018566303385,994.9869684774204,304.43614064318393
8797,1,994.9721843205813,294.8397622362579,994.6533880985049,304.23445780270475
8798,1,994.0268267103716,294.63783239674837,994.9735005563047,304.08028405838064
8799,1,994.9976560102871,294.4765668914767,994.6732237679297,303.87768653473455
8800,1,993.995433267479,294.2747971744847,994.9867279971703,303.7117984346272
8801,1,994.967785282301,294.1101140122484,994.6652022779425,303.5040492688277
8802,1,994.0203919816747,293.8950180626513,994.982684278342,303.3403621282917
8803,1,994.9965295798341,293.72469759006884,994.6658144871571,303.12381289590155
8804,1,993.9940573884184,293.50236561061274,994.9725917713877,302.95489208672427
8805,1,994.9623033964372,293.3340934403378,994.6821427626384,302.73534039556864
8806,1,994.0412925896381,293.10493775531694,994.9993260932159,302.563178518545
8807,1,994.99241517875,292.92667128242994,994.6425004839659,302.3422884277603
8808,1,994.0066130033578,292.72238027859385,994.9721570125046,302.1649389151643
8809,1,994.9744721285248,292.555080757071,994.6585559220543,301.945670307856
8810,1,994.0235762148099,292.3333644007379,994.9944346902945,301.7773824178872
8811,1,994.9932826210501,292.169800874394,994.6314199628063,301.5625874232724
8812,1,994.0072945316596,291.95009254033226,994.9539793710197,301.39614614058655
8813,1,994.9765281656419,291.77452182325254,994.6931395064909,301.1778884155436
8814,1,994.0213538650576,291.54474993610995,994.9821049088237,301.0064656556193
8815,1,994.9870578758915,291.37144471894226,994.6631949023262,300.78016483419157
8816,1,994.0157288152238,291.14832061278986,994.9828849160664,300.6036485298905
8817,1,994.9771795644897,290.9728823897779,994.6689667778319,300.38222818536497
8818,1,994.0218360317922,290.7524338687956,994.9763420176549,300.2030423136478
8819,1,994.9886397546929,290.5798478201617,994.681193357392,299.98366044285046
8820,1,994.0155468391534,290.3619892230533,994.985705886436,299.8096125915787
8821,1,994.9749862307498,290.1878485359243,994.6747711287552,299.59001516011375
8822,1,994.0316107615573,289.9723432079337,994.9823808024208,299.41384234486657
8823,1,994.990203513606,289.80011344810447,994.6786931398775,299.19554818487774
8824,1,994.0225117362661,289.581685187081,994.9849357009224,299.02890832669226
8825,1,994.973895774019,289.41181413030785,994.6700079633972,298.8061838740804
8826,1,994.0405897329905,289.1993841556248,994.978694756244,298.6350494824081
8827,1,994.9863074464946,289.03773617029077,994.6729362788581,298.4206980107939
8828,1,994.0368100165231,288.82508270505474,994.9849265818947,298.26551453001565
8829,1,994.9827256611443,288.6552141066225,994.6660283217753,298.0550478323555
8830,1,994.0412898561268,288.44204252816024,994.9794610850669,297.8895256081461
8831,1,994.9781264577674,288.2806852371825,994.6765040179993,297.68447271138655
8832,1,994.0467334328092,288.0735350018669,994.9902263426583,297.52469277781483
8833,1,994.9926418378972,287.9065975436922,994.6610885927822,297.3215794227769
8834,1,994.0254090318314,287.70571982934587,994.9719290755556,297.1621137363213
8835,1,994.9712113232302,287.54700412518,994.6850713950242,296.95753590555944
8836,1,994.044057783768,287.3435594707911,994.9951323136441,296.8079553620869
8837,1,994.9940796714905,287.1881392644272,994.6667678659239,296.61331022760044
8838,1,994.0259572588436,286.99446092559776,994.9719549436312,296.46261016872506
8839,1,994.9779766651653,286.840259765604,994.6854518950325,296.263293486237
8840,1,994.038453914568,286.64676436864147,994.9917878645301,296.1118970558584
8841,1,994.9884912583511,286.49395992964435,994.6720446422586,295.9201206797024
8842,1,994.026291292347,286.29549004103677,994.9697324397754,295.76311335130816
8843,1,994.9800586065212,286.1312346657208,994.6975354611042,295.56099720066135
8844,1,994.0411373183114,285.92751588560725,994.9970740946634,295.39691487393196
8845,1,994.9861387229669,285.76466846634924,994.668104981533,295.1855893133654
8846,1,994.0365041196696,285.55503531040864,994.9713200917806,295.01789417703606
8847,1,994.9790799966157,285.3865542972787,994.6895442298687,294.81139765092547
8848,1,994.0334519062939,285.18007625296025,994.998012315465,294.6399600519115
8849,1,994.9935324107286,285.0110806276106,994.6584456041185,294.4348797187415
8850,1,994.0100590265818,284.8048386121295,994.9699254336148,294.27228615004697
8851,1,994.9705293455421,284.6457717590777,994.6799388595705,294.06599838424046
8852,1,994.0387431008456,284.4377334134678,994.9938765273272,293.9068297743089
8853,1,994.9916208113938,284.27778182497485,994.6574764856055,293.6977061366579
8854,1,994.0176039206391,284.0690192208232,994.9672589981537,293.52824845070955
8855,1,994.9684153799252,283.9066070314733,994.6835282492302,293.3216931367567
8856,1,994.047673054721,283.70232748571647,994.9882793381074,293.1618493851971
8857,1,994.9935354495744,283.535220831911,994.6725306827312,292.9658853284967
8858,1,994.0210637337408,283.32739838526516,994.9784305086342,292.8068946622796
8859,1,994.9744404883502,283.16259501754433,994.6863511154564,292.60055936690645
8860,1,994.0425813091442,282.956534466309,994.9901748313978,292.44043322514324
8861,1,994.9935990429319,282.78702847244733,994.6740982077492,292.235456622597
8862,1,994.023003553081,282.577482005063,994.9769138119794,292.0729852379387
8863,1,994.9759426813558,282.4137423917312,994.6915838679597,291.8721770059218
8864,1,994.0387268583761,282.2071773641181,994.9890209569252,291.7101348962257
8865,1,994.992396698095,282.0456914939055,994.6756277647579,291.5071848156571
8866,1,994.016759873371,281.8376335552054,994.9754624471893,291.34416010234855
8867,1,994.9805620495473,281.6714049647938,994.6924224780715,291.133003010121
8868,1,994.024826914913,281.454006414923,994.9968652648352,290.9649818751386
8869,1,994.9880306457526,281.2888977378702,994.6655511862007,290.74728367049823
8870,1,994.0117962051773,281.0714102773689,994.9690140225595,290.57215201549997
8871,1,994.9792804595905,280.8989070521446,994.6910035843941,290.3474724052071
8872,1,994.0204669281449,280.67975447896373,994.9966884103522,290.1808231693897
8873,1,994.9821630893824,280.50540227864246,994.6636309946731,289.9612596832276
8874,1,994.018608446164,280.2877071414478,994.966024280125,289.7839674691754
8875,1,994.988540849226,280.1074326426039,994.7065548643266,289.56873515012296
8876,1,994.0103968201371,279.89886176262246,994.9989268512422,289.3931440472803
8877,1,994.9805262372596,279.7301499731486,994.6758551836467,289.1787044814821
8878,1,994.0203031844543,279.5156789837262,994.961705946876,289.00845032926935
8879,1,994.9938611933563,279.34256860049067,994.721682491176,288.7900046441852
8880,1,994.0071838109945,279.1230617770359,994.9903417060941,288.6153873357416
8881,1,994.9715316684438,278.9498385634186,994.697573050788,288.39812712641145
8882,1,994.0350740300519,278.73767669017883,994.9731966101955,288.22676458599824
8883,1,994.9988606637357,278.5626122200466,994.7181052118402,288.0158984275145
8884,1,994.0078761765785,278.3448454325764,994.9928491996773,287.83989808889567
8885,1,994.9656549782213,278.16394623812783,994.6872429029004,287.62039242887937
8886,1,994.0537118388963,277.9351938723828,994.9795466259721,287.44098947362903
8887,1,994.9875680044707,277.7559359617069,994.7014034730664,287.2141026520068
8888,1,994.0228350749242,277.5259438141775,994.9920128200291,287.02292238263334
8889,1,994.9777105711307,277.3390692351342,994.6868298640464,286.7858329969653
8890,1,994.0375843282907,277.11294422287125,994.9751352966856,286.6120863433052
8891,1,994.9841577979706,276.93129175145873,994.7070832737,286.3916720245784
8892,1,994.0409603407878,276.70521882522087,994.9988736348046,286.20932377851875
8893,1,994.9884447422437,276.526266961885,994.684692587892,285.9797417643287
8894,1,994.038019092021,276.2985295276392,994.966653761339,285.7951035576908
8895,1,994.9851289702606,276.11674731870147,994.7289520240976,285.57663915736936
8896,1,994.0398446860131,275.89124294137287,994.9898695434996,285.3986802503045
8897,1,994.98542805299,275.72237352553674,994.7001323004745,285.1693399115243
8898,1,994.052003257434,275.5028124564034,994.9784111924475,284.9889722671705
8899,1,994.9831435042078,275.328847773287,994.711657988812,284.7671565371269
8900,1,994.0580583240876,275.11397412471445,994.9831955656373,284.5910994389274
8901,1,994.9851418621699,274.9411125553225,994.7095621563196,284.36986148359364
8902,1,994.0585203761482,274.72432765122693,994.98362458154,284.1953427263154
8903,1,994.9843911395265,274.54698892894834,994.7102931511961,283.975970163433
8904,1,994.0581702539184,274.3232924021972,994.9844381014772,283.79557197906263
8905,1,994.9855211614846,274.1523198116794,994.7131570149013,283.5725865511292
8906,1,994.0546753582215,273.9391419526569,994.9867416387696,283.3963056105448
8907,1,994.9750738495881,273.7597538266913,994.7162530133631,283.18168576165556
8908,1,994.0680023545304,273.5386804980562,994.9834202839313,283.00396636035487
8909,1,994.9879655995278,273.36847386671155,994.71119689731,282.78337036862496
8910,1,994.0568381582345,273.1546506820453,994.994421820925,282.6108855678965
8911,1,994.9728257015958,272.98326710467416,994.6850401035359,282.3932619704683
8912,1,994.0716301319576,272.766812856096,994.9703777384475,282.2187752861055
8913,1,994.9969519353102,272.5840471435294,994.7090570238511,282.0052626467763
8914,1,994.0406980372392,272.3630708142234,994.9996382114746,281.82484349483497
8915,1,994.9688339387963,272.1830086420488,994.6810387714526,281.5974362726201
8916,1,994.0612879061049,271.95176035058654,994.9700053418459,281.4114032292014
8917,1,994.9973166348143,271.75779348407656,994.7118596145806,281.18441376847994
8918,1,994.0335340838299,271.52216239330545,994.9956012014009,280.99813570818185
8919,1,994.9704251408945,271.3285330804687,994.6854503762346,280.7675068866977
8920,1,994.0579858357773,271.09691716174393,994.974548553185,280.5823720742775
8921,1,994.9946839994109,270.9059179394455,994.7008496397782,280.3600331075133
8922,1,994.0224909971255,270.6854221630488,994.9948391736259,280.16902192675985
8923,1,994.9739806090041,270.500813590059,994.6785337414543,279.9369150290175
8924,1,994.0433031507191,270.27070397955947,994.9705879479352,279.754022856757
8925,1,994.9955996816567,270.0907434430355,994.7015078679041,279.52509498173265
8926,1,994.0191861401457,269.8698565387641,994.9964167599721,279.3460707817424
8927,1,994.9743543688393,269.6869538679921,994.675197653957,279.12176554457017
8928,1,994.0404345079559,269.45846920096386,994.9669890246503,278.9378477666641
8929,1,994.9970318960444,269.2689000685489,994.7044764814625,278.70801696162056
8930,1,994.0043294060364,269.03865474287835,994.9999554905112,278.51261984530265
8931,1,994.974145479815,268.8572625897849,994.6660676789126,278.2708204677616
8932,1,994.0167491203595,268.62139822167256,994.9720366639071,278.078562859031
8933,1,994.986990311394,268.42364838440363,994.6936372717776,277.8488875980543
8934,1,994.0054134627705,268.1815195214391,994.9887749247875,277.66184637398385
8935,1,994.980261569784,267.9956240605346,994.6824639836819,277.4148718859412
8936,1,994.0083282091681,267.7570212626416,994.9791155900699,277.22691107170584
8937,1,994.9908587796303,267.56174313662365,994.6879139317588,276.9869145215041
8938,1,993.9981364855294,267.3298601151895,994.9846793432562,276.79517033813465
8939,1,994.9768387935688,267.1411699003411,994.6846371979289,276.5526065344501
8940,1,994.0117933112532,266.904400428466,994.9831455348982,276.3592877310589
8941,1,994.9918477393062,266.7138865567107,994.6814494280201,276.1230631319954
8942,1,993.9910601944421,266.4846680051304,994.9821082419844,275.93221130072715
8943,1,994.9698772205128,266.306787313474,994.6765884901716,275.7087380272168
8944,1,994.0107141492522,266.0810248044597,994.9873142840981,275.53120102679134
8945,1,994.9913814054146,265.9047760793251,994.6634680029739,275.30717879568317
8946,1,993.9971378102904,265.68562069276004,994.976314956226,275.1311685044599
8947,1,994.9703715241485,265.513463725896,994.6740697204773,274.910936434122
8948,1,994.016686492364,265.288230782135,994.9838139591499,274.7372071052268
8949,1,994.993069002557,265.1085226976534,994.675217369777,274.50966814835124
8950,1,993.9915542958482,264.88342178288167,994.97486383334,274.3283795434548
8951,1,994.9770498681659,264.698735494717,994.6842624099418,274.10177229703515
8952,1,994.0025948189921,264.46682419572517,994.9889363588803,273.9210734041317
8953,1,994.9877238352483,264.28676888334587,994.6764671296346,273.6873373905363
8954,1,993.9886834611754,264.0546042953488,994.9705083240593,273.5132053838427
8955,1,994.9716951430615,263.8737142705146,994.6980421047115,273.2859604046905
8956,1,994.01458496844,263.6352104350569,994.9980499776768,273.1009036921384
8957,1,994.9928124312038,263.43890466555274,994.6724412497448,272.85991643853976
8958,1,993.9913128165578,263.19866228773094,994.9764150539393,272.6680601035603
8959,1,994.9722529382537,263.0017026076776,994.6845948959881,272.43159462209405
8960,1,994.0231637179605,262.7616922660105,994.9923326802354,272.2370928071447
8961,1,994.987149251654,262.56258243104133,994.6643174367853,271.9869396973946
8962,1,994.0104597091918,262.3134789672287,994.9750568884781,271.7822772465086
8963,1,994.9828983092013,262.1022692874626,994.6824915175401,271.5316817503616
8964,1,994.0093616818245,261.8555104358958,994.9934961965491,271.3252375351799
8965,1,994.9804747409994,261.66211339206166,994.6631101251747,271.0808054775753
8966,1,994.0071762918436,261.41936325959193,994.9712022161262,270.8850349772189
8967,1,994.9857772938441,261.21895600823024,994.6872115876732,270.63973871034153
8968,1,993.9978589860383,260.9674506651489,994.9918374685884,270.4394783107704
8969,1,994.9799230154522,260.767906288139,994.6656246179264,270.18924209187793
8970,1,994.0055384115531,260.51685762158877,994.9675209885961,269.99192392239524
8971,1,994.9931630997321,260.3175660913485,994.6989632317092,269.7512178864967
8972,1,993.9834632274757,260.0733855538966,994.9998545983299,269.5529365738569
8973,1,994.974837296327,259.8793562813895,994.6719699561099,269.30973308154614
8974,1,994.0038061540689,259.6477512855284,994.9632288053292,269.11940479405587
8975,1,994.983604731057,259.4593879353644,994.7077047031372,268.8828753983232
8976,1,994.0023760725368,259.2246205258459,994.9902210788305,268.69796041336366
8977,1,994.984829255004,259.0406350856351,994.6709093316673,268.4713819042574
8978,1,994.0021745402514,258.81750891478964,994.9750801682003,268.2917215470908
8979,1,994.9806012986132,258.63450199223684,994.695222455383,268.0720748890617
8980,1,994.0149432705471,258.4149140520591,994.9940421510089,267.88639475866944
8981,1,994.9850734631968,258.2388535985046,994.6756365483078,267.65785274854
8982,1,994.0068162725332,258.0216873627958,994.9752244688942,267.48226388627336
8983,1,994.9791908770028,257.8475660069451,994.6936363324814,267.2635796994692
8984,1,994.0210381848761,257.63150108969955,994.981129309131,267.0996023991618
8985,1,994.9894767259926,257.47318022589076,994.7017566470192,266.88211576280224
8986,1,994.014078802657,257.25885662101183,994.9830924540025,266.71193810183235
8987,1,994.9742578796578,257.08874943083146,994.702696040614,266.48915738887536
8988,1,994.0362890736488,256.86364659885123,994.9845016837693,266.31825941349706
8989,1,994.9848268146958,256.68068151988945,994.6956138520128,266.0924685813771
8990,1,994.0315695174623,256.4522253819187,994.9854847037669,265.9117703561135
8991,1,994.9743429697639,256.2752936272588,994.6920738413006,265.68680602076057
8992,1,994.0547061544723,256.0436111722907,994.9683415161346,265.51267919059626
8993,1,994.9858244491792,255.85521251698972,994.7227092112914,265.29330296440816
8994,1,994.0523702313848,255.6286830144692,994.998713207098,265.1100706489432
8995,1,994.9754966622792,255.4472711857565,994.6951835777093,264.8780514785446
8996,1,994.0719943383177,255.2171872321616,994.9665143753955,264.6930016128356
8997,1,994.993259959222,255.02707172327288,994.7202189539656,264.46662872384974
8998,1,994.056796679743,254.80030369380128,994.9986502061823,264.2771384795351
8999,1,994.966957115682,254.6092204418358,994.6898711602872,264.05486103359857
9000,1,994.0910471755357,254.38507897116384,994.9675265288274,263.862781058699
9001,1,994.9991225884771,254.2030314366728,994.7264320305832,263.63399195940235
9002,1,994.0581993437938,253.9857084484683,994.9960997627078,263.44796312657235
9003,1,994.9707211369082,253.80058170093204,994.6961623157596,263.2272720490812
9004,1,994.0771748591533,253.57533375282813,994.9683844414932,263.0491242549327
9005,1,994.9977951633651,253.3911225139682,994.7272580088176,262.8262110611679
9006,1,994.04931524458,253.17324086048401,994.9924549436308,262.63995542658546
9007,1,994.9632290445818,252.99080910347632,994.7087453141736,262.41357233349635
9008,1,994.0874761043337,252.7604611238263,994.9722593029575,262.2300592955269
9009,1,994.9906593121692,252.57117216793395,994.7395674719269,262.0019600260094
9010,1,994.0621175392209,252.34416947793594,994.9962215881533,261.8080837691569
9011,1,994.9824687535934,252.15929591973705,994.7141206079295,261.57471168204603
9012,1,994.0681559911653,251.93023211589016,994.9756979093036,261.39724318295674
9013,1,994.9862371420003,251.7555773427756,994.731770287794,261.17261004702556
9014,1,994.0746930904438,251.53344385542465,994.9932754904237,260.99363085365644
9015,1,994.9854638416069,251.3629075327463,994.7155196593573,260.7712108645922
9016,1,994.0723751537979,251.14887893577693,994.9733938563547,260.6010116686525
9017,1,994.9789386778211,250.9802229907309,994.7356346375454,260.3857953237497
9018,1,994.0829717820124,250.76723599148534,994.9972954267963,260.21685568924414
9019,1,994.9844860192447,250.60142499411612,994.7122007070078,260.0050878189126
9020,1,994.0810822985972,250.38600709054288,994.9757575222785,259.8340067842371
9021,1,994.9853390540003,250.20935334893178,994.7264673956927,259.6194110154533
9022,1,994.0761410405124,249.99032422141252,994.9936250365363,259.43883710050005
9023,1,994.9888089759916,249.80708200418914,994.7077671565291,259.21738261601746
9024,1,994.0698459773745,249.57945719961816,994.973528894345,259.0312951027801
9025,1,994.9750157523602,249.3936520258039,994.7291223310446,258.80623476550295
9026,1,994.0914053839056,249.1632741532717,994.9963860748695,258.62006976660547
9027,1,994.9958764104424,248.97927024125448,994.6966949844639,258.391946030319
9028,1,994.0619881933654,248.7541176709676,994.964144673848,258.214182541228
9029,1,994.9653543823478,248.56747711213137,994.744454968912,257.985694152665
9030,1,994.1040385731266,248.33928706755913,994.9867485262248,257.79737910681524
9031,1,994.9901471789162,248.1465990251206,994.7086449572862,257.5651064858783
9032,1,994.0676591893819,247.92022398421835,994.9819271339759,257.3692185485537
9033,1,994.9785765494101,247.72476943908947,994.7115949555192,257.1334699223552
9034,1,994.0752626177978,247.4868347358292,994.9914543962229,256.9312383348106
9035,1,994.9937799754077,247.28126689833593,994.6985547820876,256.6846042910344
9036,1,994.0553821523808,247.03156187755408,994.978640517025,256.47548760156803
9037,1,994.974843729932,246.827981159497,994.712688427444,256.224606680284
9038,1,994.073535765973,246.5832742016241,994.9838167517039,256.01367816614896
9039,1,994.9940637660388,246.37200863903647,994.7043822598013,255.76330301130164
9040,1,994.0473577582334,246.1264849906937,994.978441352279,255.55333708852191
9041,1,994.9692885796748,245.91810672052858,994.7115579707714,255.2994506511883
9042,1,994.0772861630741,245.66278633873154,994.9889322405921,255.093294846464
9043,1,994.9957989614887,245.4509352492506,994.6983844983787,254.8440643936474
9044,1,994.0534821760475,245.1963267347586,994.970953565833,254.6411388627012
9045,1,994.9642147617998,244.9957757006912,994.7239795235639,254.3895079073667
9046,1,994.0890172055715,244.74630611750652,994.9936317841323,254.18358827625693
9047,1,994.9960562745475,244.53853779596,994.6981045834367,253.93063351549154
9048,1,994.0594560595366,244.27959664901087,994.9679600930997,253.71807410525076
9049,1,994.9678762069468,244.06356195976798,994.7287550019299,253.4541345643388
9050,1,994.0889757323281,243.80587092692818,994.9943681705593,253.24317567377963
9051,1,994.9902320746803,243.59480760316612,994.7073300279304,252.99354731247362
9052,1,994.0564387130769,243.3467957486951,994.9669124787578,252.78626669666252
9053,1,994.9763975682046,243.1426441389111,994.7426799889964,252.53483192752276
9054,1,994.0764551019602,242.88975553326682,994.9975327978259,252.32722333486473
9055,1,994.9786685387827,242.67985780415302,994.7024933704179,252.08162826447273
9056,1,994.0907378889565,242.43130189001357,994.969823792846,251.87498510682792
9057,1,994.9806865127322,242.23499884511028,994.7290391580841,251.62927563053483
9058,1,994.1024435636623,241.99193767334103,994.997442464738,251.43027459859505
9059,1,994.9942757477233,241.79178907222322,994.705190869527,251.1899682886191
9060,1,994.0798543615708,241.55333353734582,994.9684058850917,250.99550906138327
9061,1,994.9782673866736,241.35339094160233,994.7339107314948,250.7570909298564
9062,1,994.087117276181,241.11115259210547,994.9978328302012,250.56538465920326
9063,1,994.9963693603795,240.91796509111927,994.695944789552,250.32896090535385
9064,1,994.059789784654,240.69477885282112,994.9698418257138,250.13044319218972
9065,1,994.9772899274843,240.5053909144699,994.7276599520679,249.90357378568524
9066,1,994.0640578363965,240.27811719327485,994.9947760410594,249.70974271879916
9067,1,994.9900754179466,240.0898009103439,994.6931197059374,249.48113181933766
9068,1,994.0471909476943,239.85794001791973,994.977521399954,249.29350683090178
9069,1,994.9749482497239,239.67619767614724,994.7019641134247,249.06184716134916
9070,1,994.0581022550506,239.4464814611254,994.9914453538945,248.87765113030827
9071,1,994.9939985230402,239.2588208397794,994.6844703020334,248.65683706669182
9072,1,994.0309235217924,239.0369854884075,994.975876892045,248.47501595116688
9073,1,994.9629706893584,238.8627815661516,994.689110747043,248.25886932368022
9074,1,994.0603535917475,238.64559730569707,994.9898975302956,248.09301843923814
9075,1,994.9981723767075,238.47546285628331,994.6745355477276,247.88026864808236
9076,1,994.0262123251706,238.261301919613,994.9744874716081,247.7029328417807
9077,1,994.9640513945292,238.09166678683843,994.6961026967872,247.4894592534223
9078,1,994.0669375920894,237.88118336040324,994.9888007273419,247.32780340590435
9079,1,994.9996680408536,237.70820411508674,994.6915733450593,247.11494597205962
9080,1,994.0288001118506,237.48803721078,994.9710689438609,246.94574369430921
9081,1,994.9640372384845,237.31728023534237,994.7158067228634,246.72334897841213
9082,1,994.0755079834902,237.09836366394174,994.9901085512282,246.5566833592458
9083,1,994.9848137743794,236.925422492046,994.6945349267969,246.3388659399351
9084,1,994.036496527446,236.70932000351038,994.9781496153256,246.16615750880396
9085,1,994.9867318334393,236.53225261147196,994.7033308777231,245.943050980294
9086,1,994.028673853735,236.31214181968906,994.9899336164592,245.77247229584745
9087,1,994.9848685570112,236.14712945404037,994.694274489394,245.5549891403121
9088,1,994.0263362423658,235.9318335772373,994.9751207894808,245.39191418017205
9089,1,994.9801754568731,235.75732716967238,994.7079134716282,245.1801594769168
9090,1,994.0299535962263,235.53889012103076,994.9964580616576,245.00501423047018
9091,1,994.9837882779475,235.35750648369492,994.6735600065449,244.78341251603305
9092,1,994.0274259720322,235.12865246507351,994.9711839647266,244.60923303816264
9093,1,994.9817408051559,234.94722703409343,994.7033266375599,244.3847096749789
9094,1,994.0320469731258,234.7195876797701,994.991620400526,244.20840361220615
9095,1,994.9933871044288,234.54919099072333,994.6841914703999,243.97657609037174
9096,1,994.0116923030962,234.32037763201222,994.970884797161,243.80705699629613
9097,1,994.9676775885921,234.1434340500816,994.7062185187614,243.59132758023043
9098,1,994.0411254416367,233.91831169651277,994.9895187532685,243.4280444860912
9099,1,994.9969242764095,233.74160069868702,994.6993370367428,243.20865090737996
9100,1,994.019178314473,233.51469097184403,994.9837832829816,243.0366994516019
9101,1,994.9721264408282,233.33793130539163,994.7008450010787,242.81744464125177
9102,1,994.0423179614373,233.12526396756462,994.9843721474407,242.6400438541547
9103,1,994.9990815279401,232.9559033929825,994.7075824661268,242.4231423356485
9104,1,994.0127321390244,232.74325920361036,994.981639408536,242.24643797328127
9105,1,994.967097270602,232.57540672220816,994.7102626906775,242.02870543592127
9106,1,994.0550940800955,232.35861790323185,994.9945120828927,241.8568235890222
9107,1,994.9951774979448,232.17674296772452,994.6973808503998,241.6412198279489
9108,1,994.026858539465,231.95979790844024,994.9732987937047,241.4615293929284
9109,1,994.9740386663822,231.78938946375126,994.7200043869472,241.24327094823965
9110,1,994.0555156608774,231.5687950311209,994.998781957801,241.07003228193892
9111,1,994.9999613616652,231.39125522324355,994.6817832693918,240.84788256262533
9112,1,994.0263257252293,231.1677472924134,994.97632243958,240.67127387306564
9113,1,994.9670548107623,230.99556671761488,994.6944861657687,240.4458139589173
9114,1,994.0652242084309,230.76529041640697,994.9896178109316,240.27245719612495
9115,1,994.9988118245641,230.57936457928915,994.6810956223189,240.05474148262817
9116,1,994.0369433154001,230.36413778409468,994.9775470175524,239.8736598561221
9117,1,994.9732666394355,230.18290107432276,994.6906993785647,239.65301532273787
9118,1,994.0563611521168,229.9555343160889,994.9901888759806,239.46932188842732
9119,1,994.9985550338395,229.77276700950597,994.6867629219081,239.24257578353138
9120,1,994.0279684619632,229.54530526482353,994.9771559413346,239.06072404403372
9121,1,994.9684670984344,229.36238379910242,994.7073978232452,238.8336859129615
9122,1,994.0616230177883,229.1330308793239,994.9945341968278,238.66307406913575
9123,1,994.9962247917227,228.95231969530604,994.6884961582396,238.43982439389077
9124,1,994.0311588848017,228.73515223591133,994.9717606326942,238.26359594956187
9125,1,994.9789343823867,228.5753231218944,994.7161142101756,238.04418277074265
9126,1,994.038668890124,228.36162328553104,994.999354689122,237.88252489476884
9127,1,994.9953189076011,228.20013235810487,994.6972872789746,237.67509968222424
9128,1,994.0069480829492,227.99292309291528,994.966295996144,237.51551434271192
9129,1,994.9723508402682,227.83084097560138,994.7343646075004,237.30701023738095
9130,1,994.0326399443784,227.61737661006327,994.9946350639378,237.14795560664695
9131,1,994.9967062571278,227.45276471576065,994.708075051661,236.93689358589484
9132,1,993.9974464026393,227.24988532581887,994.9691729258618,236.77077009857527
9133,1,994.9789529837193,227.09179122099226,994.733757048468,236.56516577048433
9134,1,994.0130164851356,226.88528304194693,994.9953483985732,236.40867528346948
9135,1,994.9982407629473,226.72452581982148,994.7057949997652,236.20691804456112
9136,1,993.9849845989846,226.52625411241505,994.9695917642008,236.04942682501945
9137,1,994.9745626521725,226.3738782524405,994.7437818334679,235.85283438158658
9138,1,994.0092400222434,226.1698869045495,994.992781895208,235.69961924565172
9139,1,994.994957674662,226.02120046778978,994.7114145999478,235.49213360395282
9140,1,993.9763114982691,225.81291106040052,994.9777528922758,235.34163771951253
9141,1,994.9782569376966,225.65795756963828,994.7333526197508,235.13087190541086
9142,1,993.9916890655744,225.43889985187676,994.99101961907,234.96966692220568
9143,1,994.9923081034099,225.27028680426866,994.7222873574034,234.75744213554577
9144,1,993.9781031744419,225.0591295506141,994.9828925335005,234.59107107004192
9145,1,994.9773816845517,224.88973939042134,994.7315452410529,234.3817146505529
9146,1,993.9986921479067,224.6734534479264,994.9898473774704,234.21928957075892
9147,1,994.9926514757949,224.5155836110207,994.7185711142907,234.00685533627075
9148,1,993.9867819077162,224.3015971074823,994.9805666702787,233.85358051066768
9149,1,994.9746609726894,224.14538277595125,994.7254637374574,233.64129803643192
9150,1,994.013720865912,223.93797614862876,994.9977353441246,233.4816955788577
9151,1,994.9974048809947,223.77429747034546,994.7026975274414,233.27411826944538
9152,1,993.9858752459933,223.56386708879575,994.9700070108579,233.11609571027844
9153,1,994.9765508968449,223.39980696774091,994.7349279727819,232.91451460131225
9154,1,994.0094812595206,223.18944830591616,994.9939966402163,232.74799757310169
9155,1,994.9950759788443,223.02897139043947,994.7129351559706,232.5324772228894
9156,1,993.9853489016285,222.81514021755325,994.9736804885325,232.36836674054427
9157,1,994.9775614038588,222.652258223489,994.7433386082382,232.15766654000288
9158,1,994.0072728600223,222.43978907991803,994.9978244686117,231.9893191210898
9159,1,994.9947567463063,222.26747278730448,994.716960529456,231.77582381668634
9160,1,993.9822357921464,222.05485641208446,994.9719253492681,231.60943644756256
9161,1,994.9783914155541,221.89078861114956,994.7505245831805,231.39759456165604
9162,1,994.0043052652782,221.6793089298862,994.9971660617464,231.23319213743673
9163,1,994.9866727024977,221.50746278835362,994.7302164378694,231.01996467672694
9164,1,994.0037543399349,221.29007327608542,994.9829768740949,230.84804618873815
9165,1,994.9824944213998,221.12814955962213,994.7395230497652,230.6284414632574
9166,1,994.0228796109653,220.91114615290087,994.9818364311799,230.4627550842757
9167,1,994.9867795766334,220.73436909647594,994.7525513355819,230.24046233187943
9168,1,994.0232855430253,220.5120277271608,994.9919057166863,230.05943772421463
9169,1,994.9868992014009,220.33333657959597,994.7415026694605,229.8296442088413
9170,1,994.0213478827541,220.10866294858644,994.9760326066796,229.64139114597367
9171,1,994.9887401887868,219.9198608960201,994.7655149285872,229.4175320514404
9172,1,994.0165246072557,219.67858776854584,994.9976475887254,229.23586034914845
9173,1,994.9914981316573,219.48816485671173,994.7400006684899,229.00069227426914
9174,1,994.0005002266372,219.24773308507608,994.980813607708,228.81344119327102
9175,1,994.9813753533203,219.0562455438701,994.7411953056694,228.57440381410225
9176,1,994.0158181668311,218.82325273220397,994.9976661332086,228.3866861081913
9177,1,994.9918044590295,218.63548064387678,994.7062998304102,228.15098888112095
9178,1,994.0067770766448,218.39800931426421,994.9723658228128,227.95806210518495
9179,1,994.9824584069677,218.20841642061652,994.7374101049201,227.72210374243141
9180,1,994.0155882972393,217.97622600412788,994.9973354114837,227.53545673358
9181,1,994.9887091153589,217.7938554022017,994.7098241527409,227.3000208959192
9182,1,994.0043403787607,217.56662576551287,994.9762228216819,227.11579974420906
9183,1,994.9813928102076,217.3788541052443,994.7283779525503,226.88058826192284
9184,1,994.0230788143422,217.14812176924443,994.9992929547619,226.69681814041482
9185,1,994.9844578432461,216.96606995777373,994.6921190380469,226.45361312220084
9186,1,994.0325965441373,216.73067734899513,994.9713016827329,226.26352744689987
9187,1,994.986653673115,216.53822071438358,994.7184833312327,226.02855323935634
9188,1,994.035413109282,216.30183783845024,994.9977327760635,225.83757331623576
9189,1,994.9860145470906,216.10730356738785,994.6934398071544,225.6033025094785
9190,1,994.0417431144416,215.8658447184934,994.9702394211179,225.40943508636852
9191,1,994.9889587786278,215.67267058625117,994.7242946397037,225.1733681817867
9192,1,994.0421262879784,215.43682732599345,994.9980910767322,224.98069977050412
9193,1,994.9881640733265,215.24073423598298,994.7028314663019,224.74366934369348
9194,1,994.036680447129,215.00312290944206,994.9767556635613,224.54822295118763
9195,1,994.9838047458724,214.8144299569573,994.7278168100288,224.3116766566742
9196,1,994.0328907927696,214.58413334861135,994.9928116485042,224.121747773633
9197,1,994.9870091113145,214.3932188951534,994.7210304078417,223.88149922896335
9198,1,994.0243373148734,214.15552338828337,994.9874399094816,223.69938577365468
9199,1,994.9842361986078,213.96716147180487,994.7225189201586,223.46492575027324
9200,1,994.025939999605,213.72488841230464,994.9866822894668,223.2747264886452
9201,1,994.9912444121369,213.52732156804532,994.7206935116349,223.030966295985
9202,1,994.0104851799916,213.27390209652773,994.99204920922,222.82805156179288
9203,1,994.9886443310081,213.072079122042,994.7006051322952,222.577297734185
9204,1,994.0047641397387,212.82435499911549,994.978824072254,222.36863570253308
9205,1,994.9806558336451,212.61448955922188,994.717466718183,222.11190268450562
9206,1,994.0269058404856,212.3627858054558,994.9935351163356,221.90649739622037
9207,1,994.9993960142267,212.1614621149644,994.6940574298189,221.6516150212646
9208,1,994.0020795808261,211.9111433021613,994.9801299688446,221.4529286733136
9209,1,994.9687467976215,211.70993402268374,994.711109004356,221.20816087495837
9210,1,994.0315151359886,211.4628140741737,994.995706870378,221.01362369985358
9211,1,994.9883057393145,211.2668049397368,994.6880774748945,220.76307555661504
9212,1,993.998503018897,211.0172505443586,994.9829742430009,220.55706624907162
9213,1,994.9879419377911,210.81380256779195,994.6998029714969,220.3060481940666
9214,1,993.9907417566836,210.56327049661198,994.9760760438629,220.10156793504376
9215,1,994.9905854162829,210.36103601987224,994.7176745678229,219.85473307653035
9216,1,993.988168518965,210.10313696973418,994.9996637231585,219.64921967415623
9217,1,994.9846642428389,209.89545780404856,994.6939569998968,219.39544446253808
9218,1,993.9902705066307,209.63187763788596,994.9660143965259,219.1927263168593
9219,1,994.9827499648684,209.42191707396398,994.7302185503775,218.93591315219038
9220,1,993.9927062647711,209.17460559730046,994.9926750030739,218.72579303667945
9221,1,994.9902916360877,208.96310102539886,994.6992403262615,218.47860046164678
9222,1,993.9732893765754,208.71687470890964,994.9738328512949,218.27333633775407
9223,1,994.9757315028394,208.52007310328537,994.7148575224156,218.02815232637823
9224,1,993.9912421382563,208.27090404953591,994.9887402675489,217.8279748601909
9225,1,994.9956368952202,208.07600673195972,994.6960500251364,217.5717664899418
9226,1,993.9713817776518,207.8319082832301,994.9847364577785,217.36781836855468
9227,1,994.9759965240097,207.63084375296037,994.7006465875235,217.11666991824256
9228,1,993.9921214244118,207.37124784015177,994.9961802159437,216.91486331148596
9229,1,994.9968506153785,207.1611164841001,994.6807631994564,216.66049748745166
9230,1,993.9668941841583,206.90256179901093,994.9712411716836,216.44734133661078
9231,1,994.9772968478429,206.69500019786906,994.7102987121642,216.18705305558487
9232,1,993.985026992386,206.4328238017022,994.9965132948093,215.97350114937407
9233,1,994.9983643451545,206.23297929844014,994.6928780884076,215.71960793865932
9234,1,993.9537110808712,205.9815843333186,994.9698360304227,215.51825068299385
9235,1,994.9734711015236,205.7800707177445,994.7293726429004,215.2582677975199
9236,1,993.982845100729,205.52499952568516,994.9995438960277,215.0582810027756
9237,1,994.9985863951123,205.32731079984543,994.6911870775552,214.8075067116838
9238,1,993.9525073425364,205.07551619176354,994.9731136770973,214.61357745535193
9239,1,994.9689820845751,204.87877833547472,994.7096028169763,214.372706432106
9240,1,993.9837963612337,204.62769609329,994.9955598363209,214.1827737240546
9241,1,994.9975048891832,204.43081626637039,994.6938415807949,213.94500033933002
9242,1,993.9620668614674,204.1945225306449,994.9756155777869,213.7545774158422
9243,1,994.9782581741757,204.00359627080783,994.7124198247279,213.5219606955534
9244,1,993.9819223550376,203.7671811794034,994.991129578636,213.3374009546793
9245,1,994.9976928751537,203.59595162179846,994.7021204303101,213.09999951779682
9246,1,993.9563427828772,203.36761223485877,994.9750547415285,212.9211069570674
9247,1,994.9705293046792,203.1930689648571,994.7223795643157,212.69366304666292
9248,1,993.9842210722451,202.9613040134037,994.9922419068329,212.51303672948478
9249,1,994.9943174296276,202.7756620207551,994.7124820464475,212.2740136242274
9250,1,993.9567444068767,202.53835862232012,994.9761824133532,212.08856694801645
9251,1,994.9754913134087,202.3526803181874,994.7263135942717,211.8460345701557
9252,1,993.9726617075,202.11335443736078,994.9981322906223,211.66356477454784
9253,1,994.9992010040087,201.92706871959604,994.7011578924568,211.43072119447098
9254,1,993.9430848914543,201.69962904918236,994.9687621483791,211.25017758979757
9255,1,994.9762742332564,201.5156562047614,994.7378170597858,211.01533129073556
9256,1,993.9585510089846,201.2753417432613,994.9935387967452,210.8300603464019
9257,1,994.9929332235539,201.0902417154057,994.7040829402858,210.58550966767996
9258,1,993.9456044683272,200.85343172334117,994.9784977386644,210.40464831618675
9259,1,994.9801027611759,200.6694404412551,994.727820653434,210.16341942467483
9260,1,993.9626900867179,200.42945560714816,994.9917031308173,209.98148145461934
9261,1,994.9977133985068,200.25324847470645,994.7112885499203,209.74496689610788
9262,1,993.9371653248543,200.02536562758323,994.9874523433748,209.56142283273974
9263,1,994.9782321969656,199.83732739897292,994.6992372472511,209.33263879710262
9264,1,993.9575384058676,199.59711243937198,994.9921661942634,209.14940307382835
9265,1,994.9835206551405,199.41259923943917,994.6831124778157,208.90680459468965
9266,1,993.9608369595463,199.17398886711604,994.9747672184143,208.7241741045308
9267,1,994.9831085641646,198.9837051966642,994.7055910122733,208.486004765278
9268,1,993.9685894955032,198.74177087501764,994.9986194520144,208.29182865259796
9269,1,994.9832924150916,198.56015378249322,994.67769460905,208.05353586719684
9270,1,993.9690642226785,198.32651084365781,994.9713013629223,207.8650704976264
9271,1,994.9900266881853,198.14331104220545,994.7080144844455,207.63093901790876
9272,1,993.9612784625356,197.90993386455236,994.9962119925567,207.4460770297199
9273,1,994.9760069247978,197.72839367919647,994.6871137369629,207.20101257385198
9274,1,993.9801953002444,197.49363713920226,994.9806448003275,207.00904155659632
9275,1,994.994153625997,197.3084046415995,994.6963888653668,206.77343584043763
9276,1,993.9657957205554,197.07518841320078,994.9908337836438,206.58949109556417
9277,1,994.971987785403,196.88844315925692,994.6874181137812,206.3575477154322
9278,1,993.9882027865358,196.6579866930486,994.9810505472188,206.17612425634843
9279,1,994.9979645797627,196.47890106720675,994.695291681288,205.94005121450812
9280,1,993.9569787246726,196.2493363376449,994.9874954279177,205.75079984313658
9281,1,994.9782692921849,196.06914826172815,994.6829787626922,205.52195562056357
9282,1,993.9686149347997,195.83053423675528,994.9776461768735,205.3571508326674
9283,1,994.9821839515175,195.66269706340776,994.703432449068,205.12555321050024
9284,1,993.966283184946,195.42844826860136,994.9952781656062,204.95438011385565
9285,1,994.9818488590039,195.244906419689,994.6852050060096,204.7182311939167
9286,1,993.9682613550258,195.0197516832547,994.9806264676796,204.53518853676542
9287,1,994.9819326605804,194.84739754223077,994.6879583091861,204.3078102742968
9288,1,993.9636065852559,194.62412145059383,994.9874013132044,204.12727833730577
9289,1,994.9886527918688,194.44293906979183,994.6824521315002,203.89613621329937
9290,1,993.9505589488376,194.20819549673476,994.9786564719744,203.7180532084958
9291,1,994.9742811367361,194.03318735314124,994.6931130384988,203.47748156797553
9292,1,993.9713373499994,193.80120708645427,994.9956492832854,203.29509857531292
9293,1,994.9912807251209,193.62016580149964,994.6708877393473,203.06245182267673
9294,1,993.9529864406211,193.37887480067803,994.971159404675,202.879967789731
9295,1,994.9721547540016,193.19802067035315,994.6975373955129,202.6372489903031
9296,1,993.9781825927564,192.95876098461056,994.9915179982034,202.4521214578411
9297,1,994.995783768282,192.7736496741145,994.6849554898837,202.21543562366236
9298,1,993.9508228879281,192.53800515673194,994.9772325056512,202.03533224143445
9299,1,994.962438271012,192.36052501500697,994.6986073572816,201.80024301604342
9300,1,993.9996201474919,192.13083217174614,994.9876109477391,201.6224699789675
9301,1,994.9979377084613,191.9542742642828,994.6954905274441,201.3912562758497
9302,1,993.9657277502681,191.72776090509836,994.9790975380813,201.2141333482955
9303,1,994.9760138229993,191.5475705009041,994.7036052825622,200.98035106412038
9304,1,993.9860623873983,191.31260473596438,994.9948119790312,200.79268213075304
9305,1,994.9813794355572,191.1247137296667,994.6800926477567,200.5553442068599
9306,1,993.986563826076,190.8967942860502,994.9717577061153,200.36970760108153
9307,1,994.9764890490153,190.7170060285589,994.7048318970716,200.1366734903488
9308,1,994.0021427249361,190.493558991937,994.9954078292484,199.9514374447943
9309,1,994.9877010035794,190.3182934655655,994.673142757751,199.7291959887141
9310,1,993.999067029569,190.09672987896087,994.9667910976127,199.5589077746743
9311,1,994.971459039631,189.91935334794317,994.703329626645,199.33802665425304
9312,1,994.0159254954932,189.70050868433688,994.9933786914584,199.1643162854016
9313,1,994.9977816256105,189.52833008767303,994.6710638296535,198.95217894882742
9314,1,993.9927377414404,189.31246074277067,994.9691538231863,198.7888020504053
9315,1,994.9609649530859,189.1471090211047,994.6867475082934,198.56953052912468
9316,1,994.0286560432413,188.9223861479516,994.9883452380857,198.39506486035486
9317,1,994.9876380004811,188.7515760556555,994.6773567311112,198.1730875438021
9318,1,993.9961463541249,188.5300992778671,994.9794641415671,197.99761731818444
9319,1,994.9750984184026,188.35080332033078,994.6827619995192,197.7724127418987
9320,1,994.0222394639418,188.12772389033483,994.9943033252736,197.5935658839935
9321,1,994.9916029552276,187.94817235561098,994.6627636986566,197.3681223669357
9322,1,994.0037269290935,187.7227867405563,994.9694602619511,197.18782391634454
9323,1,994.9695925085032,187.5346967660637,994.686681715557,196.9614709850613
9324,1,994.0321560091076,187.30293255545624,994.9959971407088,196.77568002184944
9325,1,994.9967149758211,187.11008553293738,994.6552051709435,196.5469603135479
9326,1,994.0020956849866,186.88089253828795,994.9729954987652,196.3585052908464
9327,1,994.9734151127019,186.6899881014066,994.6796001916342,196.13021270865516
9328,1,994.0209082802439,186.4622490530173,994.9987878824345,195.9366955018173
9329,1,994.9885889480395,186.2765033543933,994.6512725338652,195.70043362486274
9330,1,994.0141698631016,186.03828914047642,994.9668195932613,195.5058585029533
9331,1,994.9755298015922,185.84128498369432,994.6815609210311,195.27268279780188
9332,1,994.027303724059,185.6071316981287,994.998484787647,195.07391382426889
9333,1,994.9841268170044,185.413981701769,994.6471214049277,194.82845757301396
9334,1,994.021472521256,185.16571941752176,994.9629365451133,194.62967154749472
9335,1,994.9823321861645,184.965043670792,994.6972685606964,194.38511315023888
9336,1,994.0219744191736,184.7220223009171,994.9985478856565,194.18294967211668
9337,1,994.984033686347,184.52675833236754,994.6607711751257,193.93969225643062
9338,1,994.0151893548394,184.2784511990568,994.9658604267224,193.73926798529936
9339,1,994.9872855078414,184.07542141848757,994.6921678707878,193.48566537659377
9340,1,994.0110967260714,183.81863058925848,994.995485163587,193.27381780186457
9341,1,994.9797331253153,183.61183283920676,994.6730737278216,193.019903700133
9342,1,994.0202589002964,183.36102049530146,994.9693445575537,192.81682118942658
9343,1,994.990151893049,183.16423332646076,994.6894276301286,192.57083156876658
9344,1,994.006551006877,182.91761213466214,994.9898255121583,192.37963232587074
9345,1,994.9778830941692,182.7173465858434,994.6525230492708,192.13611759447588
9346,1,994.0164745826434,182.4782825836618,994.9704590018725,191.93837160464318
9347,1,994.987844675965,182.2869904668206,994.6717205061587,191.6934762579645
9348,1,994.003220636385,182.04389397062013,994.9993659095608,191.4872357574672
9349,1,994.971666572085,181.83856888471792,994.6370097142598,191.23635106840965
9350,1,994.0276673457691,181.5957977650983,994.9635901647039,191.030812261591
9351,1,994.9887726547837,181.39249324304737,994.6736940215709,190.78285106317918
9352,1,994.0172357073185,181.14660696684834,994.9990961663049,190.57563194066788
9353,1,994.9766978805385,180.9399378977538,994.6394909236944,190.32329136125293
9354,1,994.0208461747891,180.6872265095676,994.9571900300081,190.12220943225674
9355,1,994.9897833811978,180.47978198149391,994.682570981837,189.87646512650642
9356,1,994.0140317405309,180.2290339793624,994.9943898133988,189.67728774192895
9357,1,994.9704940147055,180.0305265649694,994.6489882460605,189.42570869100143
9358,1,994.0432745967042,179.78460462939628,994.9588514278732,189.23300924527484
9359,1,994.9958297481621,179.58975834487973,994.700247175458,188.9934686683447
9360,1,994.0151800237709,179.34869262162215,994.9959594619589,188.7952678145487
9361,1,994.9696593792255,179.15712571006856,994.6720268399034,188.555194911038
9362,1,994.0477143581948,178.92448060113713,994.9585799828869,188.36986816761677
9363,1,994.9995434306702,178.74668432653692,994.7201060689385,188.13400823019168
9364,1,994.0080591044599,178.5112546457657,994.990893872277,187.95541745370906
9365,1,994.9690297932146,178.32682133674612,994.6847023463733,187.72365125421703
9366,1,994.0320006617042,178.08747820373264,994.9659976199571,187.5381168957636
9367,1,994.9984810154766,177.8953507924662,994.7114204176166,187.30081341782636
9368,1,993.9959564408895,177.65470680677814,994.99136598764,187.10475136263074
9369,1,994.9711117707635,177.46063772097142,994.6963542681128,186.86195584794518
9370,1,994.0204064421303,177.21545100536363,994.9641387761814,186.66698936931456
9371,1,994.9924294803361,177.01923827272074,994.734844178932,186.42356923770862
9372,1,994.0006552269075,176.7711974035641,994.9941569963921,186.22576098686923
9373,1,994.9744325330709,176.56966411983365,994.7001194708038,185.97817592900702
9374,1,994.0178635988991,176.31738306062599,994.9731367931203,185.77517475904673
9375,1,994.9948668225097,176.11474972396192,994.7188628059777,185.5324366371176
9376,1,993.9993315083791,175.87200108553097,994.9910966185753,185.33401875944654
9377,1,994.9677075511495,175.67298705942653,994.6985861073583,185.08397065306897
9378,1,994.0346119662007,175.42739604893654,994.9763093284054,184.88194600610785
9379,1,994.9969951172237,175.2302418854868,994.710217554036,184.63660765184989
9380,1,994.0116368854467,174.9905726837915,994.9940186239586,184.43786748746467
9381,1,994.9710356719021,174.80136642251506,994.6834377898091,184.18775861595446
9382,1,994.0323580444255,174.563285019278,994.9695593413434,183.99351476706758
9383,1,994.9932398413141,174.3647700520876,994.7097797223737,183.75056690204576
9384,1,994.007224688854,174.1198166949958,994.9942960880719,183.5569470500573
9385,1,994.9699992308932,173.92209256283707,994.6862556595875,183.31691824747975
9386,1,994.0327608773672,173.6830696888253,994.9635151145932,183.11916294102426
9387,1,994.9963712101762,173.48898265934687,994.7234788766239,182.88038854761527
9388,1,994.005798410449,173.24242982728578,994.9960336194894,182.68895330645026
9389,1,994.9813773511984,173.0580435010106,994.6977905892255,182.45116426256945
9390,1,994.009532747904,172.81817023416798,994.9737393364206,182.2682572074604
9391,1,994.9921031264978,172.63316107723364,994.7171543059604,182.03178709348188
9392,1,993.987830120521,172.3943705801138,994.9906186827272,181.84321154878367
9393,1,994.9750613384423,172.20711670756208,994.6944208619992,181.60195782914235
9394,1,994.0037378779443,171.96068085732628,994.9726506136651,181.4138974956126
9395,1,994.9941608183807,171.7717591157513,994.7172387441327,181.1830152597142
9396,1,993.9842875490499,171.54928674290224,994.9996078392854,180.99978882610154
9397,1,994.9749936919029,171.37272144488273,994.6842336883288,180.77820511821852
9398,1,994.0074008903451,171.14296209645516,994.9581080040488,180.60221276716678
9399,1,994.9855239419143,170.95978953180048,994.7266778198529,180.38096171235176
9400,1,994.0012326428749,170.73591402603407,994.9883095397311,180.2034878238739
9401,1,994.9834363446225,170.5586253960567,994.6939099307879,179.98527542010748
9402,1,993.9929988471247,170.33929813881178,994.978970334976,179.81243154166066
9403,1,994.9872590918612,170.16566656715935,994.7089537038164,179.5869386370947
9404,1,993.9823644016485,169.93638432308228,994.9924860222218,179.41610554784492
9405,1,994.9790925503964,169.7608533346353,994.6892893884161,179.1901533041752
9406,1,993.9888901759018,169.53717155316704,994.9741095811274,179.02123062416146
9407,1,994.9858404431386,169.3661405963884,994.7085675749582,178.80122416177448
9408,1,993.9783942622017,169.14582878377652,994.9862397967115,178.63222210189198
9409,1,994.9756859584272,168.9813731392914,994.704512565648,178.4128463343023
9410,1,993.9893158244716,168.7622339818495,994.9742633986571,178.25291201146078
9411,1,994.99265232623,168.59972733057535,994.7156856911505,178.04234656642703
9412,1,993.9725986053332,168.3921822487821,994.9927844894324,177.88408158049523
9413,1,994.9702583985181,168.24541872982192,994.6960239002187,177.6755196276132
9414,1,994.0080143286085,168.0417771974496,994.9742871998669,177.51309882156744
9415,1,994.9983295190308,167.881910793871,994.720870292323,177.31059894849528
9416,1,993.9791362110606,167.68184916950327,994.9939967091129,177.1554226033557
9417,1,994.9660951419414,167.53393678891769,994.7027319203493,176.95541565537854
9418,1,994.0174171209982,167.32824127262924,994.9622084491288,176.80671920161458
9419,1,994.9993141508202,167.16713086422905,994.7520432119035,176.60570716695509
9420,1,993.9806521886546,166.96324720531433,994.9944091522106,176.44726293868203
9421,1,994.9671407646089,166.8078450967645,994.7171090838336,176.23736194619335
9422,1,994.0075075312199,166.5991172821936,994.9752824917737,176.08131289620397
9423,1,994.9927091357,166.4394443901081,994.7365035722764,175.86687627669963
9424,1,993.9842781357589,166.22940106924239,994.9971118935351,175.71263517704844
9425,1,994.9688025346488,166.07298274738176,994.7096510027769,175.50507347411377
9426,1,994.0179286605866,165.86145284259942,994.9649979998077,175.35499874229347
9427,1,994.9921758093953,165.70398833925373,994.7444693238948,175.15843793426168
9428,1,994.0033885838716,165.5057755276173,994.9912668731778,175.00536587625447
9429,1,994.9814219153093,165.3545286789208,994.7177975799262,174.8014369487331
9430,1,994.0200172252108,165.15924845446,994.9780142106744,174.64154406954617
9431,1,994.9836093611647,165.0179686080499,994.7334153057806,174.4388886946549
9432,1,994.0187271891479,164.82335406766708,994.9910475455639,174.2888845340225
9433,1,994.9869940913444,164.67954660073158,994.7160893646998,174.0919715650551
9434,1,994.0116837966211,164.48421961021867,994.9795169381879,173.95403088257137
9435,1,994.9787015339466,164.3391794869673,994.721226300095,173.7599635722063
9436,1,994.0161043262094,164.13907502671623,994.9842862293243,173.62141040320122
9437,1,994.9993146169443,163.9895156022563,994.7175466800932,173.42998407925808
9438,1,993.9860954830347,163.80167029523278,994.9845782701829,173.27891000658025
9439,1,994.9655840530497,163.66246849399056,994.7183344799568,173.07610895920766
9440,1,994.0266565839044,163.46775317089433,994.9817382123819,172.9290425155278
9441,1,994.9967380466929,163.31211992620132,994.7199658977072,172.73788634977228
9442,1,993.9822739271822,163.11412981382972,994.976320503891,172.5893133484557
9443,1,994.9697337808311,162.95568725617264,994.7456484839399,172.38767763913
9444,1,994.0101140040936,162.74704085051255,994.990695438146,172.2370548589796
9445,1,994.99929346095,162.59231319011647,994.7384993201399,172.03591033275166
9446,1,993.9813477846674,162.39108720451878,994.982197214883,171.87888699672848
9447,1,994.9628211900861,162.24556172759864,994.7489506469971,171.66730038516147
9448,1,994.0213655686,162.039685796874,994.9949109189505,171.5114688922043
9449,1,994.9934219664974,161.88954345067367,994.7336388409652,171.30501965756363
9450,1,993.9908512736699,161.69039056670292,994.9748586494802,171.15697466624766
9451,1,994.9740866331399,161.5408817787311,994.749929094774,170.95562940234612
9452,1,994.0106089184974,161.33257045326076,994.9950918679303,170.81151797233977
9453,1,994.9912702729802,161.1798735419957,994.7229194654827,170.60409696789515
9454,1,994.0077141126299,160.97510993646122,994.9665608186173,170.45277891301174
9455,1,994.9805785029893,160.81583176042386,994.7524398739803,170.2520293089367
9456,1,994.0200102714867,160.61190270087351,994.9942002118081,170.09649955062736
9457,1,994.9906954179602,160.4503943342961,994.7259048086938,169.89704254406388
9458,1,994.0053887070397,160.2372395305538,994.9685563443423,169.7447448934089
9459,1,994.9797454575979,160.07968350967914,994.7617654072259,169.54212499483359
9460,1,994.0191904710862,159.88007207156463,994.996757212434,169.38512746022957
9461,1,994.9899662111443,159.73100694836995,994.7335145070188,169.1813681472059
9462,1,994.0060907686621,159.52786046742366,994.9687495178653,169.03086393247764
9463,1,994.9736378754706,159.37809093185933,994.7653825344097,168.83145738321457
9464,1,994.0343245863861,159.17676571635283,994.9962653305305,168.68735546847884
9465,1,994.9984022570346,159.02318685465775,994.735225998744,168.4978051366468
9466,1,994.0038613610112,158.83171789602596,994.9735925252253,168.35269107386506
9467,1,994.9699178812751,158.6897568028085,994.7598431959755,168.15914403967793
9468,1,994.0509726478864,158.49402459939114,994.9933621403557,168.02088301135632
9469,1,994.9978270429962,158.34144244833612,994.7265785293897,167.83109907154508
9470,1,994.0237923649621,158.14194890197786,994.9784850931161,167.68511261391382
9471,1,994.9732504555479,157.98928760315567,994.7370344726419,167.4791563741844
9472,1,994.0620583155495,157.78948062079849,994.9984328489844,167.30946921387843
9473,1,994.9990076435753,157.62334331558745,994.7113225936341,167.1053382811651
9474,1,994.0396629344615,157.41034039756386,994.9747721614342,166.9391167840147
9475,1,994.9677440323505,157.2472610063498,994.732820326797,166.73803035449245
9476,1,994.0742689853163,157.0406385555554,994.9971073424427,166.58116626513916
9477,1,994.98609799987,156.87932424466007,994.706144017606,166.37361845527582
9478,1,994.0459109557728,156.68039281017187,994.9708224695256,166.20423238406303
9479,1,994.9884931405027,156.51947853359425,994.7414212734179,166.00301347266728
9480,1,994.0460344537274,156.3168789936222,994.9977319147348,165.83310210241967
9481,1,994.9851494642619,156.15145541375648,994.7210898201816,165.63059951313855
9482,1,994.0456316131861,155.94293039866702,994.9715073009845,165.47007405800557
9483,1,994.9819586053452,155.78149292878118,994.7491667461757,165.24862792838263
9484,1,994.0572312786716,155.5727954907229,994.999542190872,165.07835898878912
9485,1,994.9877046067156,155.41101237647388,994.7174022572615,164.8658985279108
9486,1,994.0604387147548,155.20770261672118,994.9768853213008,164.70854342585136
9487,1,994.9875602888084,155.04639122742904,994.7347134767543,164.5037672875514
9488,1,994.0612609559788,154.84029828665965,994.98850497509,164.34205203171467
9489,1,994.982189916695,154.67793240872874,994.727389467489,164.13006051257722
9490,1,994.0636954398542,154.4720413283709,994.9787893774733,163.95994273622108
9491,1,994.9907395192201,154.30733338247938,994.7433786020224,163.7548693491383
9492,1,994.0498554366045,154.10599322687267,994.9877600287975,163.59801674857843
9493,1,994.9766584395973,153.94576438146242,994.7398008302351,163.40501243235047
9494,1,994.0677792407041,153.74554069343245,994.9794650583996,163.2532984621649
9495,1,994.9894648817708,153.58865705282665,994.7527721959351,163.05349717784807
9496,1,994.0613908402373,153.39255005738582,994.9931712101687,162.89177729538673
9497,1,994.9769425352924,153.22553705148323,994.7396386868018,162.687674623144
9498,1,994.0853143990976,153.01911212969134,994.9754268540778,162.53224750908146
9499,1,994.998649067985,152.85685201095723,994.7662550654601,162.33745570224406
9500,1,994.0658545006775,152.66312766701827,994.9888383207885,162.1732118678095
9501,1,994.9726862901528,152.49711591467423,994.7662279882421,161.97092391768805
9502,1,994.0881022138273,152.29213313267547,994.9879633164635,161.8044629979115
9503,1,994.994784039088,152.13313181474965,994.7658749981578,161.60174141335136
9504,1,994.0534472308377,151.93136447128697,994.989379174825,161.43978252784677
9505,1,994.9799874696106,151.77313377798527,994.7612829895879,161.22938125515074
9506,1,994.0714498459097,151.56684947520026,994.9758536213793,161.0719036859978
9507,1,994.9870283828764,151.40202982124327,994.7855989083943,160.8671944699473
9508,1,994.0665191131266,151.19247498860608,994.992948271248,160.69925641883856
9509,1,994.9863279400734,151.02455456819456,994.7715791614086,160.4893048984951
9510,1,994.0624762377586,150.81263704436589,994.9795301290969,160.32055079461983
9511,1,994.9835172567696,150.6393551211922,994.7828478829728,160.11257564739685
9512,1,994.0677815607372,150.422639479648,994.9994594677149,159.93457403971695
9513,1,994.9903608986649,150.24367580773753,994.7555413674398,159.70617579062827
9514,1,994.0668913793803,150.0135332524096,994.9745107533183,159.52073336522906
9515,1,994.9794001072762,149.8256565521726,994.778836673815,159.2896249979199
9516,1,994.0774636053696,149.60384548430838,994.9982365618414,159.10150671710554
9517,1,994.9970605868072,149.41815896012866,994.7504385328306,158.87755401294535
9518,1,994.0614248819887,149.18686815278045,994.9790378255175,158.69251805203743
9519,1,994.9751713874316,148.99927307468948,994.7614567542998,158.46132679051183
9520,1,994.0851950997404,148.77427959053796,994.9927531588173,158.27090585817095
9521,1,994.9942162849346,148.5824796777412,994.7475218245071,158.04079589547277
9522,1,994.0657071848043,148.34736879290293,994.9772685051272,157.84660793160404
9523,1,994.9758412935857,148.15532943993034,994.7611073470655,157.6002917474542
9524,1,994.0842391776346,147.9114535977348,994.9876390370177,157.40187935211668
9525,1,994.991257863439,147.7123737418136,994.7538008793609,157.16144730773323
9526,1,994.0776918978679,147.4708988268612,994.9785617192682,156.96333899302581
9527,1,994.9746649786227,147.27069253549158,994.7731940871151,156.71909183793767
9528,1,994.1017062822029,147.0255369615144,994.9973491828528,156.5139418203411
9529,1,994.9997525619525,146.82422796447733,994.7535927001987,156.2613511948217
9530,1,994.0754238739656,146.57414663499796,994.9705325873604,156.0491612153508
9531,1,994.97290568681,146.35665656443766,994.7827363054413,155.7975045108651
9532,1,994.1005557086665,146.0978483655816,994.9959993734748,155.5839367743584
9533,1,994.9974769933121,145.8836985097607,994.7618910849717,155.32432795124132
9534,1,994.0664188487247,145.621554019106,994.971067613024,155.10829658639966
9535,1,994.9669279560529,145.40043616520495,994.7865639466953,154.84726117199023
9536,1,994.098349177239,145.13695147327647,994.9958779162093,154.62878144817716
9537,1,994.9938860085299,144.91952482475068,994.7577334568953,154.36343929952955
9538,1,994.0664421314423,144.66033719579306,994.9741835014877,154.1389810722055
9539,1,994.9706264866053,144.4301353962015,994.7742902985074,153.8706763807359
9540,1,994.097822462276,144.15931565462392,994.9987971385807,153.642521195651
9541,1,994.9969430127422,143.92720699489928,994.7485272361489,153.36993123001824
9542,1,994.0681858705688,143.66671530851855,994.9720808046777,153.13281607198405
9543,1,994.9708441461015,143.43551153586375,994.7665072321751,152.87105961452977
9544,1,994.095700483844,143.17323932754283,994.9886763771528,152.6411529723784
9545,1,994.9925364570005,142.9470343856832,994.7642622483952,152.37907517715115
9546,1,994.0697947387806,142.67743750027242,994.977990570883,152.15277758071394
9547,1,994.9762941051656,142.46179094690683,994.7805458576227,151.88084585508926
9548,1,994.0926642890832,142.19217963916574,994.9897350166206,151.6664613225892
9549,1,994.9883563775301,141.96949328551054,994.7685541564219,151.40520138982558
9550,1,994.0863543561392,141.70536967514843,994.9772257320209,151.1811738174868
9551,1,994.9866866104243,141.47965861334075,994.7858648764216,150.9172839513111
9552,1,994.0784862955849,141.21399925447727,994.998634574335,150.68981862395597
9553,1,994.9789283806914,140.99806342587257,994.7591403467993,150.42193009606757
9554,1,994.0932708873185,140.73683277048823,994.9720239719023,150.20047290412322
9555,1,994.9866563637032,140.5238016775666,994.7878229014436,149.92934485839987
9556,1,994.0969976500503,140.2578471511816,994.9977437033288,149.7063722632711
9557,1,994.9926347088312,140.0278645162962,994.7536635119307,149.44902644940979
9558,1,994.0811359760085,139.76493207997424,994.9663251819142,149.2139447293629
9559,1,994.971657306724,139.5369759976227,994.7966895726834,148.94607541034964
9560,1,994.1118836397601,139.26459366987328,994.9969259054312,148.72496664193136
9561,1,994.9966456021435,139.0343316091298,994.7609332648042,148.45571065635323
9562,1,994.0857272459704,138.76231749199036,994.9729585011656,148.2271946382669
9563,1,994.966362020665,138.53217752535016,994.7830871048845,147.9527558008181
9564,1,994.1292416452651,138.26462400929907,994.9842665125825,147.7209153365566
9565,1,994.9962937142392,138.0329289796671,994.796911770561,147.45276934532123
9566,1,994.0995112183297,137.75970606105298,994.9917308535664,147.22469850779837
9567,1,994.9751680098983,137.52908436410962,994.773835877852,146.95844038475653
9568,1,994.1287298804917,137.25642269503703,994.9754111134027,146.73145728234243
9569,1,994.9969157684021,137.02574962808234,994.793613268566,146.4624988038336
9570,1,994.1065334466239,136.7632559573579,994.9917865910434,146.2286275323271
9571,1,994.9687914557622,136.52655600153307,994.7758484800489,145.9550617220687
9572,1,994.1509974192857,136.25249599154006,994.9778800983089,145.71771507457368
9573,1,994.9917581655843,136.00411805399867,994.7964937349059,145.44041781778688
9574,1,994.1337429003664,135.72894529004873,994.989065398288,145.2024072154445
9575,1,994.9872289500046,135.48909077001153,994.7825379329262,144.9242956077301
9576,1,994.13546450866,135.20978608532099,994.9840677663656,144.67934473597887
9577,1,994.9892197207953,134.96064471340864,994.7817882292469,144.3878850602513
9578,1,994.1235705347498,134.67262015620108,994.990448796312,144.13185414774674
9579,1,994.9832074220623,134.41499589284058,994.7701154637896,143.83900712561362
9580,1,994.1317122038741,134.1269198852602,994.9803815427996,143.59079351732092
9581,1,994.9859441866122,133.88159830462297,994.7830075798864,143.30552999274488
9582,1,994.1306234886873,133.59623753207063,994.9943939653821,143.05734452314178
9583,1,994.9791103462715,133.35013772245358,994.7573937175887,142.76442741949026
9584,1,994.1443554277419,133.064195189386,994.9795612691169,142.51308263186118
9585,1,994.9902272590357,132.81484446339735,994.7656813084654,142.2334671523662
9586,1,994.1295690983229,132.5394566249182,994.9944636900107,141.98628983047203
9587,1,994.9753881209843,132.30214852388895,994.7458678432466,141.7064963170705
9588,1,994.148158372252,132.0225075344609,994.9735368594411,141.46555760136417
9589,1,994.9992223202607,131.78057884428566,994.7632277400166,141.18885260970387
9590,1,994.1140640002984,131.51386781230187,994.9901723429709,140.93885764369955
9591,1,994.9694334277776,131.26831304248117,994.7458116900696,140.6537515846638
9592,1,994.1413734263892,130.97884773412204,994.9819988044925,140.40822083046498
9593,1,994.9948612602823,130.72881642464296,994.754302748306,140.12646894530383
9594,1,994.1113210938051,130.4450377233328,994.9900462191765,139.8837889013678
9595,1,994.9783201953817,130.2004209665625,994.7416298374792,139.5960016540175
9596,1,994.1239567702934,129.910842157873,994.9739726617372,139.34904103874624
9597,1,994.9900046946398,129.65154950433512,994.764312579246,139.06005329331924
9598,1,994.1091473583264,129.35825252576726,994.9908331631028,138.79513317743766
9599,1,994.9808528069541,129.09631873893693,994.7560578513053,138.49260579432877
9600,1,994.1174486061892,128.79334333748162,994.9823290178944,138.2315165597932
9601,1,994.9986305743216,128.5292458547578,994.757352899344,137.9298045632601
9602,1,994.0855091314259,128.22954636406175,994.9872524524159,137.67182666810822
9603,1,994.9750901427968,127.9550755040858,994.7541385028417,137.37092706232812
9604,1,994.1021457136992,127.64593175347817,994.9869608672878,137.1076481030429
9605,1,994.9949443121182,127.38719717821596,994.7489443527668,136.794042050121
9606,1,994.0865504307106,127.06954192684063,994.9750011799421,136.5287832264659
9607,1,994.9694406751128,126.79931335236512,994.7691044897032,136.2177758273018
9608,1,994.1280497702767,126.492879825673,994.9992167089856,135.96025515879307
9609,1,994.9955903720353,126.2387360401349,994.7490158349186,135.66059309755764
9610,1,994.096109895346,125.94310465856253,994.977598369153,135.39696172617252
9611,1,994.9747341647393,125.67680769289294,994.7585045825929,135.10050115724428
9612,1,994.1199804241528,125.38157148967748,994.9959415788439,134.83845112304462
9613,1,994.9925227867968,125.12709853420931,994.7411451072643,134.53352826503854
9614,1,994.1025746718811,124.82032190675014,994.9768118234169,134.27780370115062
9615,1,994.9720270813874,124.55780892067827,994.7516504064198,133.97495652274773
9616,1,994.1307370227552,124.25209976647233,994.987044780755,133.71155322533787
9617,1,994.9962588531416,123.98372819739677,994.7525059918552,133.41306685317096
9618,1,994.1058245744737,123.68447881431167,994.9805874066558,133.1480421146708
9619,1,994.9696796311862,123.42802860130824,994.7586826178202,132.84697179623907
9620,1,994.1408220071864,123.12766898356219,994.989937387129,132.59071510205763
9621,1,994.9926400883619,122.86836336642156,994.7607800418132,132.29810909829612
9622,1,994.1244968942573,122.57678769376537,994.9746928137114,132.03662408062442
9623,1,994.9775613152684,122.32499799497819,994.780033023399,131.7469073285039
9624,1,994.1349297671801,122.0428366226379,994.9986746890504,131.496626350533
9625,1,994.9913011162388,121.78923417435831,994.7504779732404,131.21124413677208
9626,1,994.1215237378455,121.50296006689724,994.9666512599194,130.95517952127076
9627,1,994.9731211861994,121.25208158710025,994.7878619721686,130.6625420305701
9628,1,994.1477066889696,120.95899008014746,994.9978777647837,130.4144100592586
9629,1,994.9902976418072,120.71048894801653,994.7546321798842,130.12915437795562
9630,1,994.1332180878991,120.42243643265101,994.9694152851758,129.88508695727432
9631,1,994.9816361664027,120.18125932970062,994.7985230179956,129.6050720930183
9632,1,994.1434872399041,119.89835618880227,994.9978172505471,129.3643393316078
9633,1,994.9951332028515,119.65267257128556,994.7661861342829,129.08955407261237
9634,1,994.1283133629486,119.37786823319337,994.9702587267725,128.85341389647078
9635,1,994.9752556575107,119.13553725955961,994.8002913791681,128.57847264203116
9636,1,994.1471226202974,118.85710964621492,994.998724153642,128.3379466270983
9637,1,994.9949515336208,118.61408753607978,994.7758578616028,128.05789597238584
9638,1,994.1276293930683,118.3296970199282,994.9681943710465,127.81583043116832
9639,1,994.9719488037671,118.080536737031,994.8099746386073,127.53728114513135
9640,1,994.1614628828278,117.79992184226982,994.999194446495,127.29792931073867
9641,1,994.9995793251404,117.55790636575142,994.7838715927834,127.01373013853978
9642,1,994.1389904230912,117.27131366825743,994.9758000977166,126.76050743104305
9643,1,994.9740179527147,117.01965446172105,994.8104841943918,126.46843701584338
9644,1,994.1663785792971,116.72700628820549,994.9949609511881,126.21696500499756
9645,1,994.9955894248316,116.47495340087461,994.7853929426219,125.92524164791679
9646,1,994.1573095236126,116.18838837629092,994.9792300488383,125.6732834709556
9647,1,994.9812015170696,115.94525537853254,994.8045549298208,125.39297768460597
9648,1,994.175002639686,115.67447811105703,994.9995976233221,125.14759969725776
9649,1,994.9937050207112,115.42836019172636,994.7781260233866,124.87484469237936
9650,1,994.1596354846647,115.14809554350951,994.964704621387,124.63179465897932
9651,1,994.9742375991692,114.90471183286559,994.8289970509351,124.35868600086475
9652,1,994.1912549450063,114.62438075260748,994.9991380812994,124.12324432267376
9653,1,994.9968699549669,114.38510818848565,994.8058657124321,123.84013309172593
9654,1,994.171945171397,114.10347310979455,994.976864120999,123.59922221025431
9655,1,994.9702523863169,113.86297191940352,994.8297120007555,123.31496210322751
9656,1,994.2052692595589,113.57817175124575,994.9978799030854,123.07040845579466
9657,1,994.9938930546352,113.32978892646112,994.8129540903736,122.78268979731206
9658,1,994.1842894209577,113.04562033119369,994.9752795194097,122.52761806151459
9659,1,994.9938717571175,112.79231680412849,994.8380528960962,122.24261036593491
9660,1,994.1760766518759,112.50292911213528,994.9988443550894,121.98559834077997
9661,1,994.983132495297,112.24979557785922,994.8166188357864,121.68419089872879
9662,1,994.1830122976182,111.95252229057107,994.9812242036443,121.4232036476345
9663,1,994.9877601539197,111.6877938633018,994.8288250048743,121.12982138916725
9664,1,994.1830529228566,111.39185821966774,994.9954158623306,120.85992039085457
9665,1,994.9874170073998,111.12986097545068,994.815122591625,120.55628087678477
9666,1,994.1793791380373,110.82369054999462,994.9832835160155,120.28571436928729
9667,1,994.985110092761,110.55586267603263,994.8231495214526,119.97624301967336
9668,1,994.1920922165218,110.2547837199172,994.9821991932297,119.70933284820464
9669,1,994.9960869959964,109.98696761984836,994.8317193223746,119.40471603442646
9670,1,994.1694517576109,109.68312057870106,994.9918040820437,119.13409088711563
9671,1,994.976556715366,109.41441097213419,994.8208177567786,118.82721198655624
9672,1,994.1938167389378,109.10330398153748,994.9798550902216,118.55340554601372
9673,1,994.9963786676838,108.83036307731582,994.8388112855132,118.23904688183757
9674,1,994.171719241562,108.51709179946033,994.9918169695445,117.96252655229252
9675,1,994.9816821765006,108.24673433794864,994.8307618620748,117.64580703615326
9676,1,994.1798323083431,107.93079780389766,994.980061678064,117.36710788136801
9677,1,994.9997716937927,107.65011527785853,994.843241474709,117.0498802980107
9678,1,994.1521977918093,107.32877047653538,994.9913257560622,116.77270980773329
9679,1,994.9679320833868,107.04787667932229,994.8345983953938,116.4498018864634
9680,1,994.1828309621412,106.72697328687995,994.979301379842,116.17680899556845
9681,1,994.9952774481251,106.45024048976904,994.850238248005,115.86531567938619
9682,1,994.1582805567872,106.1416332496191,994.9983701699775,115.5879875183433
9683,1,994.9760924208585,105.87152548560996,994.8271513790627,115.27641269818152
9684,1,994.1767913654586,105.5576018486933,994.9739134646082,114.99922911705939
9685,1,994.9941123558552,105.2750129715015,994.8582569746966,114.68640972281122
9686,1,994.1455510901129,104.96702679862105,994.9944385932138,114.40160842091719
9687,1,994.9834652746562,104.68666953459086,994.8354296781329,114.08901323598174
9688,1,994.1510081752841,104.3631925907337,994.9725893375557,113.82013600308352
9689,1,994.9959020398321,104.09767939532547,994.862959064435,113.50668609359535
9690,1,994.1267194692346,103.79290463723919,994.9952546444948,113.23378305549909
9691,1,994.9799757835187,103.52786979471865,994.8498451814112,112.92443117329606
9692,1,994.1357754022889,103.21890031958506,994.9753300840795,112.65083662220493
9693,1,994.9941371132036,102.94753117618704,994.8767549642624,112.34327144755598
9694,1,994.1195936683221,102.63436148149312,994.9912148928563,112.0658627903768
9695,1,994.9714334632615,102.36250669667956,994.8587372233353,111.74319987351643
9696,1,994.1521064913883,102.04084664524324,994.9786513193134,111.46859453915474
9697,1,994.9982668126665,101.76823031332964,994.8754539629581,111.16407347286533
9698,1,994.1241756402501,101.46178428233038,994.9968818794968,110.89655353142813
9699,1,994.9784465970142,101.19958447547897,994.8562351004031,110.58858527924077
9700,1,994.1403607779496,100.889723701177,994.9672992203361,110.3167978013366
9701,1,994.9930079167954,100.61321965975534,994.8924486933704,110.00903741157785
9702,1,994.1274055795337,100.29833061404625,994.9838347652588,109.73600782405897
9703,1,994.9757394553834,100.0225749449914,994.8642037161238,109.42393857886708
9704,1,994.1481414853512,99.7101158884329,994.9895378482444,109.15126865671584
9705,1,994.9963399050679,99.43145875998246,994.8593944718311,108.8347037723742
9706,1,994.1266044945338,99.10860101517713,994.9892172628531,108.55778751942427
9707,1,994.9710995369151,98.82455104871678,994.8499681311174,108.23983910756097
9708,1,994.1628856013411,98.49911671103395,994.9823569004722,107.95927137820532
9709,1,994.9959526974443,98.21952053343925,994.8659494776008,107.62884025625416
9710,1,994.1504963972588,97.89168622167209,994.9939967097022,107.34625271362047
9711,1,994.9819296081051,97.61102976487919,994.8466634713498,107.02694073992598
9712,1,994.1567692638599,97.29556533878169,994.97417025725,106.74280792161734
9713,1,994.9931283316048,97.0181628547518,994.8741599656363,106.42633743186579
9714,1,994.1481299768092,96.70531318555385,994.9930166534568,106.15694156467711
9715,1,994.9828120750086,96.43354148386523,994.8506187946276,105.84380059102038
9716,1,994.1574084361839,96.12430223108821,994.9807970916638,105.56992611344779
9717,1,994.9989522860326,95.84824744005753,994.8714644450472,105.26718301921142
9718,1,994.1334309706616,95.54471866760272,994.995054767519,104.99337233088141
9719,1,994.9674356617811,95.274606959981,994.8450829794868,104.68294846611334
9720,1,994.1729093312478,94.96549133802839,994.9793159877798,104.41317989861132
9721,1,994.9848866016943,94.68551369757462,994.861936211889,104.11107051827241
9722,1,994.1445037541231,94.37336232630446,994.9916658836545,103.83085910134767
9723,1,994.9887244983934,94.09287494339863,994.8572556336891,103.50909067499074
9724,1,994.1453738251392,93.76811333721368,994.9728282607684,103.22519551955604
9725,1,994.9830063226185,93.47888772740653,994.8848479905648,102.90636797623586
9726,1,994.1495745832007,93.1543190811717,994.9851380821489,102.62047177288508
9727,1,994.9970640576113,92.8671384704152,994.8632972024934,102.29854571900685
9728,1,994.1271778276069,92.54453200875125,994.9880114927893,102.01490054608892
9729,1,994.9759978077852,92.26826153767777,994.8625090932093,101.69101790309594
9730,1,994.1417899292295,91.9474160442727,994.9869615152935,101.39725956140741
9731,1,994.9918390884859,91.65366645773423,994.8619674176064,101.069791841308
9732,1,994.1333984922732,91.32866007101288,994.9828906951811,100.77501288982045
9733,1,994.9750719364433,91.0441059489646,994.8743492520847,100.43912043670734
9734,1,994.1677198990774,90.70745725469058,994.9932395345091,100.1485758670705
9735,1,994.9996666131739,90.42208532915247,994.8593957587275,99.81463430641725
9736,1,994.1429467708712,90.09443959381589,994.983352650764,99.52772218672467
9737,1,994.972370345539,89.7991162525618,994.86830633021,99.20156702863002
9738,1,994.1806233828314,89.46782079552838,994.9878380028205,98.90825716075463
9739,1,994.9941201708937,89.17806886070386,994.8695126583399,98.57989755516166
9740,1,994.1670050167834,88.8439895388268,994.9890386790557,98.28567134542328
9741,1,994.9754036006785,88.55051310381253,994.8665814239412,97.96170976935274
9742,1,994.1917550608401,88.22569013978725,994.9720633062753,97.6757537556834
9743,1,994.9936537538783,87.93702910782883,994.8973431172392,97.34508050288275
9744,1,994.1796859991666,87.61711936191192,994.9972700102214,97.05344846824907
9745,1,994.9835249370478,87.32091316052352,994.8758997383023,96.73058141833357
9746,1,994.1837548613223,86.99786756961855,994.97612915977,96.43860009457389
9747,1,994.9910361208483,86.70072100089517,994.8943624711283,96.11425133487423
9748,1,994.1725913278683,86.36989483848272,994.9991617520203,95.81655946494588
9749,1,994.99068071057,86.07267659340272,994.868713139594,95.48461820783199
9750,1,994.166300222463,85.74643463550159,994.9799250630986,95.1923079597298
9751,1,994.9718812430013,85.45705716090016,994.8873625031812,94.8605845342529
9752,1,994.1992670319594,85.13661644205575,994.9926987179981,94.56286475536695
9753,1,994.9976438832604,84.84041696569086,994.8864940262249,94.23655798912608
9754,1,994.1739942469209,84.50706446265917,994.9803083309245,93.93852067225274
9755,1,994.9772966440836,84.21166328413725,994.9073812813052,93.59735774055447
9756,1,994.1973141096377,83.88136866096976,994.9887431763608,93.29864962425403
9757,1,994.9976658445056,83.58531455994617,994.9085201151275,92.96073654916344
9758,1,994.1816009584483,83.24861524986218,994.9897783105073,92.66434091343228
9759,1,994.9667751741566,82.94595697127997,994.9041224110289,92.32072035726657
9760,1,994.2240252451082,82.61077334130772,994.9856386532415,92.01418726631123
9761,1,994.9928212539869,82.3044999784818,994.9120260676993,91.69228853257701
9762,1,994.2004524033767,81.9681162123353,994.9969386500389,91.38996288681348
9763,1,994.9884095080963,81.66059041839573,994.8934574404852,91.04512320977481
9764,1,994.1977265325759,81.306824656764,994.9786000171731,90.74384917977386
9765,1,994.9848457079862,80.99759660522633,994.9065453486961,90.39377293969636
9766,1,994.1998016322094,80.6533181576283,994.9884309480448,90.07950033968577
9767,1,994.9953022344949,80.3339286290142,994.9061785914531,89.72822349357516
9768,1,994.1854520114562,79.98464029927433,994.986707168605,89.40223954311874
9769,1,994.9794497429142,79.66290145544471,994.9042389117826,89.0437290031288
9770,1,994.2102934902924,79.30640200280611,994.9953081693482,88.72362511184639
9771,1,994.9887767947683,78.98484218553871,994.8857971371957,88.37159284109208
9772,1,994.2076352351587,78.63330353476168,994.9782479333534,88.05723734758517
9773,1,994.9814614913626,78.32188967680797,994.9050541507836,87.70914353466118
9774,1,994.217708323198,77.97759980781463,994.996542254892,87.39707289740795
9775,1,994.9903642820882,77.6703227807058,994.880386118234,87.05597827607453
9776,1,994.2136164950031,77.33061508370669,994.9812742621078,86.75388674382206
9777,1,994.9790207989412,77.02607290141194,994.8924016675577,86.4161162132292
9778,1,994.2331198209328,76.6871390578597,994.9840458960967,86.11328308194604
9779,1,994.9918790920528,76.38513426105199,994.9001157424489,85.77392857164807
9780,1,994.2232228664091,76.04750948381239,994.9922722583949,85.47139822080402
9781,1,994.9782129659833,75.73974114103623,994.8878114624449,85.1412013312775
9782,1,994.2498417279025,75.4020493204822,994.9911483498754,84.83938563434188
9783,1,994.9965067489793,75.09838783359882,994.8794894929357,84.50575598029748
9784,1,994.2313157135596,74.75857555767196,994.9776872472313,84.2003949432757
9785,1,994.977772570689,74.44988310225129,994.8936906376942,83.86625213470874
9786,1,994.2475738095811,74.10489021078455,994.9966290729438,83.56766090385858
9787,1,994.999106513308,73.79927326769386,994.8712224191185,83.23724731855728
9788,1,994.2254030408975,73.46797130357008,994.9818368832081,82.92871826899302
9789,1,994.983569169151,73.16005279724702,994.8885772621065,82.60125448367721
9790,1,994.237900454391,72.82870939214858,994.9964878598188,82.30267867060697
9791,1,994.9967212916333,72.51965992435696,994.8646379018645,81.9752622681994
9792,1,994.2267161368263,72.1890372519725,994.9749461864609,81.66936570692631
9793,1,994.9847414946757,71.88287099330093,994.8960279854298,81.33611451513663
9794,1,994.236209279843,71.54616611031199,994.9995940219675,81.03384605229857
9795,1,994.9895891676862,71.23766385246853,994.8706526894681,80.70325633286986
9796,1,994.2340134142574,70.89938362273078,994.9801183652241,80.39831214314074
9797,1,994.9909681673867,70.59756036370148,994.8889864072462,80.05177640256774
9798,1,994.2250507286145,70.26021115780115,994.9898694347503,79.74999985527745
9799,1,994.9758726557862,69.96645675651429,994.8851063297263,79.41938529290556
9800,1,994.2487636873453,69.64016240247616,994.9834736235091,79.11482686592494
9801,1,994.9997053513993,69.34057910836387,994.8895471014308,78.78259750401408
9802,1,994.2235559655288,69.01102019158937,994.9916057256943,78.47326095099068
9803,1,994.9880762855116,68.70417200290416,994.8798008006353,78.15064219327857
9804,1,994.2259906344066,68.37432876419909,994.9845042533217,77.85140227289153
9805,1,994.9909687407086,68.07650774625228,994.8909115977654,77.52492904604026
9806,1,994.2174043090251,67.7541388458852,994.9921932760863,77.22887346796858
9807,1,994.9846024914739,67.460307943967,994.8871412066736,76.90312669860214
9808,1,994.2313113403428,67.13199233269165,994.9851900484906,76.6021091093924
9809,1,994.9856849172504,66.82983696099649,994.8888808536166,76.26563985224655
9810,1,994.2346703352775,66.50600993996981,994.9929523491435,75.96489890962492
9811,1,994.9982960445088,66.20637425466138,994.8782329349731,75.64064697248776
9812,1,994.210792193549,65.87040683805576,994.9865758693039,75.34027807639906
9813,1,994.9693260321402,65.567544872104,994.8744826721835,75.0093962898403
9814,1,994.2534850327454,65.22843941872263,994.9917090749163,74.70745884709751
9815,1,994.9894611609842,64.92443971406537,994.8717839263608,74.37332522128209
9816,1,994.2329448488482,64.58110826718256,994.9886767393464,74.06344027817134
9817,1,994.9947685541404,64.27688800517977,994.8712245122314,73.72330826928986
9818,1,994.2235571874646,63.93700175231209,994.9936466106201,73.41928416288724
9819,1,994.9857413772505,63.62464616436702,994.8634779327778,73.07954357392322
9820,1,994.2349066634468,63.289937616726895,994.9878221190371,72.7681816531652
9821,1,994.9976236258976,62.9773763185051,994.8649056264736,72.43494091755488
9822,1,994.2188065843321,62.63792765430743,994.9960536962711,72.1241255030681
9823,1,994.9753632603952,62.332153855277106,994.8455684783431,71.78421404022791
9824,1,994.244850003438,61.99180249850239,994.9820586711862,71.47312947189198
9825,1,994.9971312249967,61.685624023693116,994.8464506338611,71.12629001963207
9826,1,994.2241394473405,61.3460708337764,994.998407369542,70.80871417881184
9827,1,994.987449799915,61.03253720024427,994.8246499493491,70.464354113832
9828,1,994.2321301854049,60.685938197431284,994.9800891446973,70.15396666780825
9829,1,994.9842800546531,60.37817154349684,994.8417150397581,69.8079504447405
9830,1,994.2373353698355,60.04369208251954,994.9951211134168,69.49986403453556
9831,1,994.993776456621,59.733257137481786,994.8198121718149,69.1650114609149
9832,1,994.2230756473892,59.38835474927655,994.9740378702584,68.85833254183184
9833,1,994.9805632966048,59.08220932432088,994.8494101946701,68.51944555559061
9834,1,994.2417251568722,58.74214126019971,994.9977735131623,68.22124498724219
9835,1,994.9914520485062,58.43972655763806,994.8180020770795,67.89128618147436
9836,1,994.2360555839647,58.10174174701179,994.9751006225152,67.58549866060484
9837,1,994.9841284137503,57.7991004123657,994.8420438667735,67.24585235594783
9838,1,994.2433750014858,57.46136316547998,994.9968274361977,66.93313937232689
9839,1,994.9934979878041,57.14703334795091,994.8174246949319,66.58987066733103
9840,1,994.2310023560882,56.804006746126994,994.9685318792768,66.27089893388651
9841,1,994.986026818829,56.491160716282145,994.8492515949704,65.92370801184371
9842,1,994.242781356429,56.13754276589537,994.9972819370623,65.60996094874302
9843,1,994.9969822555502,55.818787690696574,994.8268248570698,65.25791877718306
9844,1,994.2277089318475,55.47098453109398,994.9752000481633,64.93334973487896
9845,1,994.9837458610049,55.15100948859769,994.859109342853,64.58134590087744
9846,1,994.2370302275423,54.79515661374662,994.9998711667955,64.26222862920514
9847,1,994.9997367008076,54.47487230655313,994.8298939158641,63.90540227334003
9848,1,994.2123931271191,54.115671346610675,994.9737961563125,63.581897902545016
9849,1,994.9729587212444,53.78421101262809,994.8570759751422,63.22297381210797
9850,1,994.2392629329721,53.415357257307726,994.9986268785109,62.89142071385196
9851,1,994.9940371795368,53.0876244298677,994.8321005770097,62.52137061944634
9852,1,994.2229579388963,52.71972556375199,994.9711058500782,62.190972716824504
9853,1,994.9795480392884,52.37730100651445,994.8609917307259,61.82433833766744
9854,1,994.2293285794287,52.006777374123224,994.9906035393668,61.480061097268475
9855,1,994.9971652360202,51.66042552699953,994.8309991378825,61.109015209708836
9856,1,994.206747884833,51.288547998276805,994.9764992369454,60.76247731622152
9857,1,994.9715993180624,50.94731104951589,994.8623625168944,60.379180499389285
9858,1,994.2431586633824,50.56849225963967,994.9967103484072,60.04159448024215
9859,1,994.9934084007131,50.224514667503776,994.8499719692971,59.667303874662686
9860,1,994.222469106434,49.85304827953567,994.9743850487095,59.32512444441843
9861,1,994.9827290409048,49.51661353496164,994.8788692847847,58.95199833740317
9862,1,994.2284937538375,49.15181926588338,994.9992411957891,58.60177249590392
9863,1,994.9996480235095,48.80954404213698,994.8585345432462,58.23015688490045
9864,1,994.2066715890367,48.43007935400806,994.9675308417347,57.89817002046877
9865,1,994.9809260679945,48.090348174360884,994.8979852607285,57.529334744678536
9866,1,994.2208611082413,47.720370942679565,994.9886416267733,57.1923268381002
9867,1,994.9995348590569,47.39045564554018,994.8798705846134,56.812827245848524
9868,1,994.1990399738734,47.02407219935274,994.9862831947811,56.467183798433716
9869,1,994.9666146408864,46.6790934637657,994.8787525014444,56.09745930822484
9870,1,994.2429570256609,46.3055037075295,994.9831081535854,55.75805328377435
9871,1,994.9866961047339,45.96837665747992,994.8861279864,55.384417843314814
9872,1,994.2187719943877,45.60102104013591,994.990428667135,55.0429017893682
9873,1,994.9923501726915,45.25665818129658,994.881673700181,54.678551947048305
9874,1,994.2071195534406,44.87915356201369,994.9806831039207,54.34529491930788
9875,1,994.9866310328285,44.53287150722509,994.8965421749049,53.97762847671968
9876,1,994.2117009737774,44.15863515133926,994.993381469624,53.62874808976943
9877,1,994.9925146426425,43.811855640005994,994.8867844284727,53.2534817799293
9878,1,994.2063741372986,43.4304652288374,994.9878348601615,52.90149271715928
9879,1,994.9838005361204,43.078745805783925,994.894299262631,52.52091304706
9880,1,994.2141658581537,42.69568758799274,994.9810551742912,52.17145534501507
9881,1,994.9966995059569,42.352181423921614,994.9073861065846,51.79349523188765
9882,1,994.1984347860026,41.976182716156316,994.991169674393,51.452188438689944
9883,1,994.9794143197474,41.628748574884526,994.8996788370332,51.07719830628281
9884,1,994.2264844441372,41.25552272930494,994.9893519398919,50.73505137191987
9885,1,994.9978460158686,40.91573509694519,994.8993195077056,50.35894976296327
9886,1,994.2091332929491,40.534820473582855,994.9899854178655,50.01217918971697
9887,1,994.974005212899,40.187989760318374,994.8999425657731,49.63683328260031
9888,1,994.2391861853631,39.81706066212276,994.9911229300658,49.287650418197465
9889,1,994.996590296232,39.47579431537487,994.8963691513692,48.91120724923118
9890,1,994.2064533086213,39.09919212777331,994.9869739634092,48.57768121135907
9891,1,994.9770820799156,38.76817838139197,994.9020304052123,48.210736778474015
9892,1,994.2397072503256,38.40090887960475,994.9896417183417,47.880868967329704
9893,1,994.9995833198087,38.07581068035416,994.8999344314301,47.507941796296805
9894,1,994.2193140809704,37.716877937084625,994.9834596158411,47.170318916706584
9895,1,994.9724149313059,37.37983349285118,994.9114023346076,46.79878969254807
9896,1,994.2489302855904,37.00768486203277,994.9974581144979,46.46818259201438
9897,1,994.9999563363936,36.668395664384654,994.8963361265568,46.11080207754603
9898,1,994.2286246280607,36.29905834835533,994.9817744168622,45.77530307217872
9899,1,994.9783199070396,35.96683288761842,994.9084823275869,45.40587700636173
9900,1,994.2512281170403,35.594759095647355,994.9910101582167,45.06854400070818
9901,1,994.9987567650672,35.25633982843736,994.9072151560499,44.70470696014966
9902,1,994.2386201022399,34.88659385619515,994.9921976138025,44.37277940714848
9903,1,994.9830311408423,34.547806186031714,994.9077811055921,44.00559500314035
9904,1,994.2514959807032,34.1790884486881,994.9872262595693,43.660914600097456
9905,1,994.9918245641614,33.83371493589318,994.9042873535285,43.29247313470371
9906,1,994.2518823400437,33.46411398560798,994.9891163197223,42.95686196137141
9907,1,994.9838086647071,33.13205348901289,994.9026423896681,42.5898789827178
9908,1,994.2660155553365,32.763300508920494,994.9862454827049,42.251224624707916
9909,1,994.9896996594277,32.426839931258336,994.91083063651,41.89006338373807
9910,1,994.260351236283,32.063227751742346,994.9841268062589,41.552401141869126
9911,1,994.9953887334937,31.731115544071596,994.9235728742306,41.18633650501008
9912,1,994.2527990310242,31.370221829619155,994.9956881580072,40.85173796917173
9913,1,994.9896238963735,31.036866315743715,994.9058798283276,40.48813026950516
9914,1,994.252735202555,30.67493435933933,994.9809946092638,40.15495741536332
9915,1,994.9923643666503,30.33784072243799,994.9190135502664,39.791572825178974
9916,1,994.2438061497138,29.97389148938558,994.9988463725632,39.46161168609236
9917,1,994.9955644787491,29.646232480815613,994.8927654181873,39.09949674364358
9918,1,994.2265504741375,29.28850082692877,994.9744175712405,38.76663789622982
9919,1,994.9821675821797,28.96365841150947,994.9248849577608,38.41368225927402
9920,1,994.2432101119041,28.61114562334847,994.9991893927397,38.083640468264285
9921,1,994.9985687818704,28.279973306818167,994.9028622601263,37.723531495448135
9922,1,994.2220006608462,27.919741802156548,994.9778805748708,37.391008388241644
9923,1,994.9828536317048,27.58242472634286,994.9267660120112,37.02173075129912
9924,1,994.226968691904,27.20279918761373,994.994437441152,36.67642287509572
9925,1,994.9931518890721,26.86137756920582,994.9097167513062,36.29732032969591
9926,1,994.2187483253795,26.48290181187634,994.9799694656447,35.95899146323799
9927,1,994.9904194357487,26.13659690078265,994.932426595487,35.5821812061277
9928,1,994.2206587171415,25.74995724018006,994.9927758805285,35.23397755731309
9929,1,994.9915732501886,25.406045081053062,994.9342708068607,34.846236008871
9930,1,994.2148455944678,25.01991939402404,994.9831998891523,34.496273295250205
9931,1,994.9921100991974,24.66905088556871,994.9504869515758,34.112423921066735
9932,1,994.2103092340342,24.282490439651376,994.9993568967122,33.77040776273469
9933,1,994.9936188357644,23.93682852212556,994.9346034293062,33.39115061793564
9934,1,994.195680189088,23.54830069906312,994.9769062043389,33.04913927798889
9935,1,994.9871742631481,23.198116215514336,994.961417432866,32.66595377226149
9936,1,994.2019596657277,22.819415878599745,994.9985895466111,32.32446980358474
9937,1,994.9886844244999,22.476959574589852,994.9452442296356,31.943250058449813
9938,1,994.2005018132209,22.10290150913032,994.9825040154196,31.60105215018239
9939,1,994.9879915126957,21.754180096815986,994.9606360180782,31.230323555157316
9940,1,994.2079382383405,21.376292321486027,994.9974549245247,30.89192017935313
9941,1,994.9916514841465,21.03614097205616,994.9405333212876,30.51763552124806
9942,1,994.2076307195084,20.663899983060546,994.990450867079,30.166205407737397
9943,1,994.990521532266,20.313398177384425,994.9362723947016,29.790981949183244
9944,1,994.2125469752008,19.92690063837984,994.9780158455299,29.441564396328687
9945,1,994.9953292735748,19.57092897483951,994.9677582367675,29.057893586563253
9946,1,994.2070355956057,19.190433458016777,994.9985144740809,28.707837313365538
9947,1,994.9936787482753,18.839598822944,994.9443680577814,28.326473754245946
9948,1,994.1968586114774,18.453612744151133,994.9785523494058,27.982153151740295
9949,1,994.9822861661801,18.104082867597285,994.974894751755,27.605265101868824
9950,1,994.2175898278634,17.725003802176698,994.9977623702313,27.26063648474128
9951,1,994.9875012051685,17.3825255417236,994.9604484665157,26.88078915166996
9952,1,994.2011109188468,17.00296400232783,994.983831782006,26.533355881684898
9953,1,994.9915606839767,16.65640730364286,994.9738344189145,26.153884565062587
9954,1,994.1921720500785,16.27521148776083,994.999192957538,25.80823784349723
9955,1,994.9896303568413,15.929975994318628,994.9544458976482,25.429112955582386
9956,1,994.1861606638676,15.554255845987932,994.9848759660315,25.083148202727223
9957,1,994.9922849057813,15.214549390909857,994.9603076745188,24.69356304970519
9958,1,994.1831749168712,14.836220459893136,994.9962318155198,24.344658219860978
9959,1,994.9919384794435,14.494082318650939,994.9477032392773,23.962087538309525
9960,1,994.175461868212,14.123357605602616,994.97515941066,23.613957328127352
9961,1,994.9907722589977,13.78860658592996,994.9714356864527,23.23002877685815
9962,1,994.1735529498194,13.415601076467697,994.9952103459045,22.88567582664823
9963,1,994.9880437378899,13.068538639931157,994.9518225413882,22.514377336225724
9964,1,994.1756432276808,12.683954112830065,994.9829567777192,22.171425386920454
9965,1,994.9861051676454,12.3395910195418,994.9589001439697,21.789773451209555
9966,1,994.1838515609156,11.956973251672474,994.9937078660304,21.44447792890604
9967,1,994.9971426550188,11.619386980970276,994.9471681115631,21.05501495032865
9968,1,994.1634437754141,11.23254127448666,994.9795148918439,20.713334458917135
9969,1,994.9850454126478,10.889584505189076,994.9661614973841,20.337434748119307
9970,1,994.169408643886,10.501454271790465,994.9937693542813,19.999902853835174
9971,1,994.9937532096163,10.158377844030044,994.9383915750132,19.609370159488602
9972,1,994.1681191636306,9.772426338420768,994.9814074060049,19.263808564868533
9973,1,994.9872681153483,9.420330062772997,994.9515069472259,18.873037983376882
9974,1,994.1682585518322,9.029983660228435,994.9960883454272,18.519392452673518
9975,1,994.9953118739735,8.67538780861714,994.9278641845481,18.125638430931552
9976,1,994.1581350221787,8.277492515838693,994.987569803523,17.76721032182798
9977,1,994.9831124421399,7.9222270502917835,994.9294589531532,17.37140948925768
9978,1,994.1778365534452,7.532530991275445,994.9860440103048,17.014098817509772
9979,1,994.9996432150608,7.18303565089861,994.9341403465526,16.621958231719024
9980,1,994.1527582732353,6.798669260343419,994.9946156118183,16.269754861716066
9981,1,994.983923483205,6.446314242164325,994.9178264536735,15.888640428297418
9982,1,994.1645874763585,6.0610580589777365,994.9810328597943,15.546708158223083
9983,1,994.9949579387855,5.7149690046311115,994.9297529383359,15.158694356702817
9984,1,994.1474378943852,5.326082993832963,994.9940777550694,14.815029480430015
9985,1,994.98021214176,5.0,994.9243703342571,14.432183742551263
9986,1,994.1608100352746,5.0,994.9759890606053,14.103135102293006
9987,1,994.9837960378932,5.0,994.934786603497,13.921556239606605
9988,1,994.1492301495158,5.0,994.9844757570576,13.848354563706247
9989,1,994.9566714807379,5.0,994.9131908742969,13.788329011529479
9990,1,994.1777408439534,5.0,994.963898667108,13.783128575179129
9991,1,994.9910852220696,5.0,994.930189148089,13.760939526761684
9992,1,994.1375098730972,5.0,994.9760013221824,13.767945604831947
9993,1,994.946968314778,5.0,994.9147017127154,13.750402300505613
9994,1,994.1788178821769,5.0,994.9592187444862,13.759590392389427
9995,1,994.9926374883516,5.0,994.9343188723948,13.735797426461884
9996,1,994.139254804247,5.0,994.9845086361726,13.743240453106434
9997,1,994.9442586424132,5.0,994.8985136809896,13.724848579004066
9998,1,994.1864048316606,5.0,994.9577037526408,13.741544792010806
9999,1,994.9979178434294,5.0,994.9235228948748,13.728154400307085
10000,1,994.1267744554847,5.0,994.9811555645123,13.745093652819454
